domain,post_url,post_date
yad2.co.il,https://plaintextoffenders.com/post/4365496076/yad2-co-il,2011-04-05T14:11:17Z
hometheater.co.il,https://plaintextoffenders.com/post/4365635446/hometheater-co-il,2011-04-05T14:22:05Z
zer4u.co.il,https://plaintextoffenders.com/post/4370796217/zer4ucoil-whats-worse-they-use-the-personal,2011-04-05T23:27:06Z
holmesplace.co.il,https://plaintextoffenders.com/post/4386657640/holmesplacecoil,2011-04-06T08:11:00Z
hyperiums.com,https://plaintextoffenders.com/post/4387622789/hyperiumscom,2011-04-06T09:57:28Z
endomondo.com,https://plaintextoffenders.com/post/4388014270/endomondocom-plain-text-password-in-html-in,2011-04-06T10:36:07Z
pelephone.co.il,https://plaintextoffenders.com/post/4388799244/pelephonecoil-cellular-company-in-israel-you,2011-04-06T11:48:00Z
apress.com,https://plaintextoffenders.com/post/4404044786/apresscom-book-publishers,2011-04-07T01:00:06Z
rapidshare.com,https://plaintextoffenders.com/post/4409718309/rapidsharecom-a-file-sharing-website,2011-04-07T05:00:06Z
fatsecret.com,https://plaintextoffenders.com/post/4415006482/fatsecretcom-a-food-and-diet-website,2011-04-07T13:00:07Z
ourgroceries.com,https://plaintextoffenders.com/post/4418430655/ourgroceriescom-groceries-list-application,2011-04-07T17:00:06Z
hadran.co.il,https://plaintextoffenders.com/post/4429339947/hadrancoil-a-website-that-lets-you-buy-tickets,2011-04-08T01:00:06Z
ejobs.ro,https://plaintextoffenders.com/post/4434899244/ejobsro-online-jobs-site,2011-04-08T05:00:07Z
jinni.com,https://plaintextoffenders.com/post/4437601382/jinnicom-tv-recommendation-engine,2011-04-08T09:00:07Z
eline.co.il,https://plaintextoffenders.com/post/4440050557/elinecoil-electronics-store,2011-04-08T13:00:07Z
plataforma10.com,https://plaintextoffenders.com/post/4443566523/plataforma10com-argentinean-travel-website,2011-04-08T17:00:07Z
comunio.es,https://plaintextoffenders.com/post/4453847934/comunioes-football-manager-game,2011-04-09T01:00:06Z
hemnet.se,https://plaintextoffenders.com/post/4459512535/hemnetse-swedens-largest-site-for-finding-real,2011-04-09T05:00:07Z
codespeak.net,https://plaintextoffenders.com/post/4462625507/codespeaknet-host-of-some-open-source-projects,2011-04-09T09:00:07Z
justgiving.com,https://plaintextoffenders.com/post/4465229643/justgivingcom-donation-raising-platform,2011-04-09T13:00:07Z
newyorker.com,https://plaintextoffenders.com/post/4470132706/newyorkercom-the-new-yorker,2011-04-09T17:00:06Z
super-seed.me.uk,https://plaintextoffenders.com/post/4480963226/super-seedmeuk-self-explanatory-they-also,2011-04-10T01:00:06Z
webserve.ca,https://plaintextoffenders.com/post/4486737596/webserveca,2011-04-10T05:00:07Z
gameforge.com,https://plaintextoffenders.com/post/4490232576/gameforgecom,2011-04-10T09:00:06Z
crossfitoakland.com,https://plaintextoffenders.com/post/4493055493/crossfitoaklandcom,2011-04-10T13:00:06Z
mindbodyonline.com,https://plaintextoffenders.com/post/4497916345/mindbodyonlinecom-handles-scheduling-and,2011-04-10T17:00:06Z
msdn.e-academy.com,https://plaintextoffenders.com/post/4519052072/msdne-academycom-msdnaa,2011-04-11T09:00:06Z
asda.com,https://plaintextoffenders.com/post/4525222731/asdacom,2011-04-11T13:00:07Z
codeweavers.com,https://plaintextoffenders.com/post/4528882762/codeweaverscom-codeweavers-makes-crossover-a,2011-04-11T17:00:06Z
dreamhost.com,https://plaintextoffenders.com/post/4540444084/dreamhostcom-all-my-domains-and-web-sites-are,2011-04-12T01:00:06Z
papajohs.co.uk,https://plaintextoffenders.com/post/4546457240/papajohscouk-papa-johns-uk-their-order-form,2011-04-12T05:00:06Z
starcitygames.com,https://plaintextoffenders.com/post/4549268522/starcitygamescom-clueless-when-it-comes-to,2011-04-12T09:00:07Z
virginmobile.com,https://plaintextoffenders.com/post/4552101324/virginmobilecom-a-mobile-phone-company,2011-04-12T13:00:06Z
domainsatcost.ca,https://plaintextoffenders.com/post/4555769595/domainsatcostca-forgotten-password-reminder,2011-04-12T17:00:06Z
t-mobile.net,https://plaintextoffenders.com/post/4567498592/t-mobilenet,2011-04-13T01:00:06Z
firstcapitalconnect.co.uk,https://plaintextoffenders.com/post/4573381138/firstcapitalconnectcouk,2011-04-13T05:00:06Z
reliancecomfort.com,https://plaintextoffenders.com/post/4579024128/reliancecomfortcom-we-rent-a-water-heater-from,2011-04-13T13:00:05Z
tesco.co.uk,https://plaintextoffenders.com/post/4594624956/tescocouk-happy-shopping,2011-04-14T01:00:05Z
thepiratebay.com,https://plaintextoffenders.com/post/4606023517/thepiratebaycom-a-torrent-search-site,2011-04-14T13:00:06Z
dealnews.com,https://plaintextoffenders.com/post/4609834200/dealnewscom-a-deals-aggregator,2011-04-14T17:00:05Z
etc.,https://plaintextoffenders.com/post/4621045551/yakca-where-i-can-change-my-billing-information,2011-04-15T01:00:05Z
yak.ca,https://plaintextoffenders.com/post/4621045551/yakca-where-i-can-change-my-billing-information,2011-04-15T01:00:05Z
ashleymadison.com,https://plaintextoffenders.com/post/4626695851/ashleymadisoncom-discreet-dating-website,2011-04-15T05:00:05Z
discovercard.com,https://plaintextoffenders.com/post/4629405305/discovercardcom-a-credit-card-company,2011-04-15T09:00:05Z
portableone.com,https://plaintextoffenders.com/post/4632169495/portableonecom-a-laptop-seller,2011-04-15T13:00:06Z
naurunappula.com,https://plaintextoffenders.com/post/4636046200/naurunappulacom-a-finnish-jokes-site,2011-04-15T17:00:06Z
ere.net,https://plaintextoffenders.com/post/4646597708/erenet-recruiters-community,2011-04-16T01:00:06Z
oen.net,https://plaintextoffenders.com/post/4652305072/oennet-a-local-entrepreneurs-group-that-prides,2011-04-16T05:00:06Z
myspace.com,https://plaintextoffenders.com/post/4655309885/myspacecom-music-social-network,2011-04-16T09:00:06Z
talawa.fr,https://plaintextoffenders.com/post/4658002336/talawafr-social-network-for-the-roots-reggae,2011-04-16T13:00:06Z
netfirms.com,https://plaintextoffenders.com/post/4663212062/netfirmscom-web-hosting,2011-04-16T17:00:05Z
coroflot.com,https://plaintextoffenders.com/post/4674983440/coroflotcom-professional-creative-portfolios,2011-04-17T01:00:05Z
ipanel.co.il,https://plaintextoffenders.com/post/4680881695/ipanelcoil-polling-website,2011-04-17T05:00:05Z
giyus-isky.co.il,https://plaintextoffenders.com/post/4684335637/giyus-iskycoil-an-israeli-hr-firm,2011-04-17T09:00:06Z
aplus.net,https://plaintextoffenders.com/post/4687205414/aplusnet-web-hosting,2011-04-17T13:00:05Z
stardock.net,https://plaintextoffenders.com/post/4692359816/stardocknet-impulse-is-a-major-video-game,2011-04-17T17:00:05Z
nintendo-europe.com,https://plaintextoffenders.com/post/4705344246/nintendo-europecom-club-nintendo-europe,2011-04-18T01:00:06Z
nanog.org,https://plaintextoffenders.com/post/4711480619/nanogorg-any-service-using-mailman-in-this,2011-04-18T05:00:06Z
rzd.ru,https://plaintextoffenders.com/post/4714566183/rzdru-ticket-sale-system-russia,2011-04-18T09:00:06Z
easydns.com,https://plaintextoffenders.com/post/4717442920/easydnscom-domain-registrar,2011-04-18T13:00:06Z
rbsworldpay.com,https://plaintextoffenders.com/post/4721456068/rbsworldpaycom-i-got-my-password-in-clear-plain,2011-04-18T17:00:05Z
ualberta.ca,https://plaintextoffenders.com/post/4740035566/ualbertaca-monthly-mailout-from-a-group,2011-04-19T05:00:05Z
aretta.com,https://plaintextoffenders.com/post/4743065089/arettacom-cloud-telephony-company-i-was,2011-04-19T09:00:05Z
volga34.ru,https://plaintextoffenders.com/post/4745992882/volga34ru-russian-industrial-site,2011-04-19T13:00:06Z
easychair.org,https://plaintextoffenders.com/post/4750351026/easychairorg-conference-management-system,2011-04-19T17:00:06Z
online.net,https://plaintextoffenders.com/post/4762959376/onlinenet-french-popular-webhosting-service,2011-04-20T01:00:06Z
springerlink.com,https://plaintextoffenders.com/post/4769215922/springerlinkcom-science-publisher-springer,2011-04-20T05:00:06Z
barahla.net,https://plaintextoffenders.com/post/4772438799/barahlanet,2011-04-20T09:00:06Z
uml2.ru,https://plaintextoffenders.com/post/4775350733/uml2ru,2011-04-20T13:00:06Z
sql-ex.ru,https://plaintextoffenders.com/post/4779819929/sql-exru,2011-04-20T17:00:05Z
photofile.ru,https://plaintextoffenders.com/post/4792178194/photofileru,2011-04-21T01:00:06Z
wituclub.ru,https://plaintextoffenders.com/post/4798739193/wituclubru-russian-samsung-sgh-i900-witu-owners,2011-04-21T05:00:06Z
rutube.ru,https://plaintextoffenders.com/post/4801874099/rutuberu-russian-youtube-like-site,2011-04-21T09:00:06Z
rutracker.org,https://plaintextoffenders.com/post/4804614599/rutrackerorg-russian-bittorrent-tracker,2011-04-21T13:00:06Z
mobile-downloads.ru,https://plaintextoffenders.com/post/4809524360/mobile-downloadsru,2011-04-21T17:00:06Z
my.ukrtelecom.ua,https://plaintextoffenders.com/post/4821689255/myukrtelecomua-provider-of-telecomunitation,2011-04-22T01:00:06Z
wiso.buhl.de,https://plaintextoffenders.com/post/4828449433/wisobuhlde-largest-producer-of-personal-finance,2011-04-22T05:00:06Z
software.intel.com,https://plaintextoffenders.com/post/4831871608/softwareintelcom,2011-04-22T09:00:05Z
flyordie.com,https://plaintextoffenders.com/post/4834514361/flyordiecom-fly-you-fools,2011-04-22T13:00:05Z
strongvpn.com,https://plaintextoffenders.com/post/4839414266/strongvpncom-strongvpncom-provides-vpn-servers,2011-04-22T17:00:06Z
zennioptical.com,https://plaintextoffenders.com/post/4851602399/zenniopticalcom-guess-who-i-wont-be-buying,2011-04-23T01:00:06Z
crrrrazyboris.proboards.com,https://plaintextoffenders.com/post/4857964611/crrrrazyborisproboardscom-nothing-is-for-free,2011-04-23T05:00:05Z
nature.com,https://plaintextoffenders.com/post/4861560482/naturecom-nature-magazines-author-submission,2011-04-23T09:00:06Z
yesasia.com,https://plaintextoffenders.com/post/4864149695/yesasiacom-yesasiacom-has-since-emerged-as-the,2011-04-23T13:00:06Z
dreamstime.com,https://plaintextoffenders.com/post/4869202899/dreamstimecom-im-in-kind-of-a-rush-so-i-dont,2011-04-23T17:00:05Z
vodafone.ie,https://plaintextoffenders.com/post/4887961882/vodafoneie-telecommunications-provider,2011-04-24T05:00:00Z
gumtree.com.au,https://plaintextoffenders.com/post/4891741053/gumtreecom-gumtreeie-gumtreecomau,2011-04-24T09:00:00Z
gumtree.ie,https://plaintextoffenders.com/post/4891741053/gumtreecom-gumtreeie-gumtreecomau,2011-04-24T09:00:00Z
gumtree.com,https://plaintextoffenders.com/post/4891741053/gumtreecom-gumtreeie-gumtreecomau,2011-04-24T09:00:00Z
santrex.net,https://plaintextoffenders.com/post/4912910102/santrexnet-signing-up-for-an-account-to-host,2011-04-25T01:00:06Z
asiaxpat.com,https://plaintextoffenders.com/post/4919358371/asiaxpatcom-the-leading-resource-for,2011-04-25T05:00:05Z
chicagooperatheater.org,https://plaintextoffenders.com/post/4922701533/chicagooperatheaterorg-chicago-opera-theater,2011-04-25T09:00:05Z
muellerspasta.com,https://plaintextoffenders.com/post/4930236024/muellerspastacom-muellers-pasta-evil-evil,2011-04-25T17:00:05Z
003.ru,https://plaintextoffenders.com/post/4942998255/003ru-russian-internet-shop,2011-04-26T01:00:05Z
cifracom.ru,https://plaintextoffenders.com/post/4949256954/cifracomru,2011-04-26T05:00:06Z
motorussia.ru,https://plaintextoffenders.com/post/4952507454/motorussiaru-russian-motor-vehicle-forum,2011-04-26T09:00:05Z
goldenshara.com,https://plaintextoffenders.com/post/4955339347/goldensharacom,2011-04-26T13:00:05Z
superjob.ru,https://plaintextoffenders.com/post/4959421816/superjobru,2011-04-26T17:00:06Z
mailman,https://plaintextoffenders.com/post/4973534197/mailman-the-gnu-mailing-list-manager,2011-04-27T02:10:06Z
surveymonkey.com,https://plaintextoffenders.com/post/4977718368/surveymonkeycom-survey-creation-system,2011-04-27T05:03:06Z
virginmobile.co.uk,https://plaintextoffenders.com/post/4983474119/virginmobilecouk-virgin-mobile,2011-04-27T13:00:05Z
eppe.nu,https://plaintextoffenders.com/post/4999352527/eppenu-a-platform-for-engineer-students-to-come,2011-04-28T01:00:05Z
turnitin.com,https://plaintextoffenders.com/post/5005484787/turnitincom-echoing-your-password-right-back-to,2011-04-28T05:00:05Z
registry.gimp.org,https://plaintextoffenders.com/post/5008549348/registrygimporg,2011-04-28T09:00:05Z
maxemail.com,https://plaintextoffenders.com/post/5011238440/maxemailcom-asked-for-a-password-reset-not-for,2011-04-28T13:00:06Z
nextiva.com,https://plaintextoffenders.com/post/5015153042/nextivacom-i-get-this-at-the-bottom-of-an-e-mail,2011-04-28T17:00:05Z
pringoo.com,https://plaintextoffenders.com/post/5027712793/pringoocom-pringoo-is-an-indian-e-commerce,2011-04-29T01:00:06Z
veoliaes.com,https://plaintextoffenders.com/post/5033792637/veoliaescom-garbage-and-waste-pickup,2011-04-29T05:00:06Z
burningshed.com,https://plaintextoffenders.com/post/5036869715/burningshedcom-sorry-steven-wilson-i-love-your,2011-04-29T09:00:05Z
wog.ch,https://plaintextoffenders.com/post/5044486628/wogch-game-delivery-service-id-even-say-its,2011-04-29T17:00:06Z
pss-piter.org,https://plaintextoffenders.com/post/5065541489/pss-piterorg-russian-dog-training-site,2011-04-30T09:00:06Z
tokyoflash.com,https://plaintextoffenders.com/post/5068284230/tokyoflashcom,2011-04-30T13:00:06Z
mediapost.com,https://plaintextoffenders.com/post/5073612889/mediapostcom-mediapost-talks-a-lot-about,2011-04-30T17:00:05Z
just-eat.co.uk,https://plaintextoffenders.com/post/5092157938/just-eatcouk-the-email-explains-how-they-have,2011-05-01T05:00:05Z
jetblue.com,https://plaintextoffenders.com/post/5098971221/jetbluecom-when-i-changed-some-info-in-my,2011-05-01T13:00:06Z
tweetbig.com,https://plaintextoffenders.com/post/5124625261/tweetbigcom-this-makes-me-feel-warm-and-fuzzy,2011-05-02T05:00:06Z
comodo.com,https://plaintextoffenders.com/post/5154033952/comodocom,2011-05-03T05:00:00Z
zipzoom.com,https://plaintextoffenders.com/post/5265031735/zipzoomcom-zipzoom-an-intention-economy,2011-05-07T05:00:06Z
dietitians.ca,https://plaintextoffenders.com/post/5443113615/dietitiansca-thanks-for-telling-me-my-own,2011-05-13T05:04:06Z
guardian.co.uk,https://plaintextoffenders.com/post/5501327047/guardiancouk-guardiancouk-hasnt-yet,2011-05-15T05:04:06Z
beerandbeyond.com,https://plaintextoffenders.com/post/5633420851/beerandbeyondcom-israeli-online-home-brew-store,2011-05-19T09:00:05Z
parkmobile.com,https://plaintextoffenders.com/post/5662997558/parkmobilecom-dont-let-your-cc-expire-when,2011-05-20T09:00:06Z
macys.com,https://plaintextoffenders.com/post/5762695301/macyscom-macys-stores-passwords-in-plaintext,2011-05-23T09:00:06Z
nd.ru,https://plaintextoffenders.com/post/5861067846/ndru-%D0%BD%D0%BE%D0%B2%D1%8B%D0%B9-%D0%B4%D0%B8%D1%81%D0%BA-russian-software-forums,2011-05-26T09:00:05Z
datingbuzz.co.uk,https://plaintextoffenders.com/post/5925030465/datingbuzzcouk-online-dating-site,2011-05-28T09:00:06Z
blacknight.com,https://plaintextoffenders.com/post/5959636529/blacknightcom-a-leading-irish-hosting-provider,2011-05-29T09:00:06Z
trueachievements.com,https://plaintextoffenders.com/post/5995907596/trueachievementscom-tracks-xbox-live,2011-05-30T09:00:06Z
wg-gesucht.de,https://plaintextoffenders.com/post/6067066793/wg-gesuchtde-shows-pw-in-plaintext-its-a,2011-06-01T09:00:06Z
boomshoes.de,https://plaintextoffenders.com/post/6102509046/boomshoesde-boomshoes-is-a-german-online-shoe,2011-06-02T09:00:06Z
nixcom.ca,https://plaintextoffenders.com/post/6137287233/nixcomca-nix-communications-is-an-hosting,2011-06-03T09:00:06Z
telltalegames.com,https://plaintextoffenders.com/post/6170686303/telltalegamescom-a-game-development-studio,2011-06-04T09:00:06Z
mymealtime.com,https://plaintextoffenders.com/post/6206820066/mymealtimecom-meal-program-management-and,2011-06-05T09:00:06Z
winxclub.com,https://plaintextoffenders.com/post/6244481947/winxclubcom-online-games-for-children,2011-06-06T09:00:06Z
jerrydoyle.com,https://plaintextoffenders.com/post/6279973954/jerrydoylecom-the-jerry-doyle-show-independant,2011-06-07T09:01:06Z
financial-planning.com,https://plaintextoffenders.com/post/6315091340/financial-planningcom-financial-planning,2011-06-08T09:00:06Z
1and1.co.uk,https://plaintextoffenders.com/post/6348710000/1and1couk-the-best-bit-being-if-you-have,2011-06-09T09:00:06Z
narrativemagazine.com,https://plaintextoffenders.com/post/6379852738/narrativemagazinecom-narrative-magazine,2011-06-10T09:00:06Z
dealextreme.com,https://plaintextoffenders.com/post/6384633752/dealextremecom,2011-06-10T14:30:27Z
ccbill.com,https://plaintextoffenders.com/post/6413566664/ccbillcom-ccbill-one-of-the-largest-merchant,2011-06-11T09:00:06Z
friendsreunited.co.uk,https://plaintextoffenders.com/post/6448043258/friendsreunitedcouk-friends-reunited-is-a,2011-06-12T09:00:06Z
neopets.com,https://plaintextoffenders.com/post/6483500143/neopetscom-an-online-games-website,2011-06-13T09:00:06Z
oovoo.com,https://plaintextoffenders.com/post/6513063973/oovoocom-got-this-shortly-after-registering,2011-06-14T05:00:06Z
tinhouse.com,https://plaintextoffenders.com/post/6520030892/tinhousecom-tin-house-a-literary-magazine,2011-06-14T13:00:06Z
friendster.com,https://plaintextoffenders.com/post/6552799887/friendstercom-social-network,2011-06-15T13:00:06Z
enom.com,https://plaintextoffenders.com/post/6579087371/enomcom-enom-a-quite-popular-domain,2011-06-16T05:00:06Z
rent.com,https://plaintextoffenders.com/post/6586063584/rentcom-real-estate-renting-board,2011-06-16T13:00:06Z
planetcostume.com,https://plaintextoffenders.com/post/6612671537/planetcostumecom-ordering-costume-supplies-from,2011-06-17T05:00:06Z
star.me,https://plaintextoffenders.com/post/6619791563/starme-social-games,2011-06-17T13:00:06Z
gnc.com,https://plaintextoffenders.com/post/6646413476/gnccom-after-password-reset-sends-you-one-time,2011-06-18T05:00:06Z
savagehearts.co.uk,https://plaintextoffenders.com/post/6653507307/savageheartscouk-bizarres-savage-hearts-site,2011-06-18T13:00:06Z
mozillalabs.com/ubiquity,https://plaintextoffenders.com/post/6679191010/mozillalabscomubiquity-an-experimental,2011-06-19T05:00:06Z
vpsville.ca,https://plaintextoffenders.com/post/6686923003/vpsvilleca-vpsville-are-a-provider-of-vps,2011-06-19T13:00:06Z
rabota44.ruetc.,https://plaintextoffenders.com/post/6713947698/rabota33ru-rabota25ru-rabota44ru-etc-job,2011-06-20T05:00:06Z
rabota25.ru,https://plaintextoffenders.com/post/6713947698/rabota33ru-rabota25ru-rabota44ru-etc-job,2011-06-20T05:00:06Z
rabota33.ru,https://plaintextoffenders.com/post/6713947698/rabota33ru-rabota25ru-rabota44ru-etc-job,2011-06-20T05:00:06Z
forum.ixbt.com,https://plaintextoffenders.com/post/6721461991/forumixbtcom-russian-hardware-forums,2011-06-20T13:00:06Z
direct2drive.com,https://plaintextoffenders.com/post/6747358673/direct2drivecom-online-digital-distribution,2011-06-21T05:00:06Z
z8games.com,https://plaintextoffenders.com/post/6754393771/z8gamescom-free-games-website-they-sent-me,2011-06-21T13:00:06Z
asuswebstorage.com,https://plaintextoffenders.com/post/6788910307/asuswebstoragecom-when-you-open-an-account-with,2011-06-22T13:00:06Z
lug.org.uk,https://plaintextoffenders.com/post/6817356948/lugorguk-just-got-this-sent-through-from-the-uk,2011-06-23T05:01:06Z
gamestracker.com,https://plaintextoffenders.com/post/6825020147/gamestrackercom-user-id-and-password-sent-back,2011-06-23T13:00:06Z
chessclub.com,https://plaintextoffenders.com/post/6855280146/chessclubcom-the-internet-chess-club-an-online,2011-06-24T05:01:06Z
samsungmobile.com,https://plaintextoffenders.com/post/6863438434/samsungmobilecom-samsungs-service-for-mobile,2011-06-24T13:00:06Z
escapistmag.com,https://plaintextoffenders.com/post/6893129601/escapistmagcom-from-gaming-magazine-the,2011-06-25T05:00:07Z
gchq.gov.uk,https://plaintextoffenders.com/post/6901129925/gchqgovuk-gchq-is-britains-intelligence-agency,2011-06-25T13:00:06Z
siriusxm.ca,https://plaintextoffenders.com/post/6928246602/siriusxmcom-siriusxmca-i-dont-have-a,2011-06-26T05:01:00Z
siriusxm.com,https://plaintextoffenders.com/post/6928246602/siriusxmcom-siriusxmca-i-dont-have-a,2011-06-26T05:01:00Z
1-day.co.nz,https://plaintextoffenders.com/post/6936378648/1-dayconz-a-daily-deal-site-makes-it-very,2011-06-26T13:00:06Z
meetingwizard.com,https://plaintextoffenders.com/post/6964751734/meetingwizardcom-email-from-meetingwizardcom,2011-06-27T05:01:06Z
velo-antwerpen.be,https://plaintextoffenders.com/post/6972635046/velo-antwerpenbe-velo-is-a-network-of-public,2011-06-27T13:00:06Z
twintecinc.com,https://plaintextoffenders.com/post/7009473685/twintecinccom-twintec-is-company-which-sells,2011-06-28T13:00:06Z
hobbyking.com,https://plaintextoffenders.com/post/7035443700/hobbykingcom-hobby-king-is-popular-rc-store,2011-06-29T05:01:06Z
rmi.org,https://plaintextoffenders.com/post/7043108525/rmiorg-rocky-mountain-institute-first-they,2011-06-29T13:00:06Z
surveyspot.com,https://plaintextoffenders.com/post/7072241760/surveyspotcom-a-site-for-earning-money-by-taking,2011-06-30T05:00:06Z
sudburyssc.com,https://plaintextoffenders.com/post/7110266150/sudburyssccom-sssc-is-sudburys-best-provider-of,2011-07-01T05:01:06Z
eccouncil.org,https://plaintextoffenders.com/post/7118283908/eccouncilorg-ec-council-is-an-organization-which,2011-07-01T13:00:06Z
textbroker.com,https://plaintextoffenders.com/post/7147316878/textbrokercom-marketplace-for-written-content,2011-07-02T05:01:06Z
48hourslogo.com,https://plaintextoffenders.com/post/7155122898/48hourslogocom-online-logo-design-website,2011-07-02T13:00:06Z
imusic.co.il,https://plaintextoffenders.com/post/7181857904/imusiccoil-israeli-online-music-store,2011-07-03T05:01:06Z
megamek.info,https://plaintextoffenders.com/post/7226272654/megamekinfo-an-online-version-of-battletech,2011-07-04T13:00:06Z
clubpenguin.com,https://plaintextoffenders.com/post/7254181641/clubpenguincom-clubpenguin-the-part-of-the,2011-07-05T05:01:06Z
navigon.com,https://plaintextoffenders.com/post/7261935705/navigoncom-navigation-systems-manufacturer,2011-07-05T13:00:06Z
coupons.com,https://plaintextoffenders.com/post/7292936705/couponscom-a-coupon-site-not-only-are-passwords,2011-07-06T05:01:06Z
proboards.com,https://plaintextoffenders.com/post/7300822663/proboardscom-free-forum-hosting-they-wrote,2011-07-06T13:00:05Z
cooksillustrated.com,https://plaintextoffenders.com/post/7332195833/cooksillustratedcom-cooking-magazine-cooks,2011-07-07T05:01:06Z
ekiga.net,https://plaintextoffenders.com/post/7340434757/ekiganet-when-registering-an-account-the-voip,2011-07-07T13:00:05Z
prometric.com,https://plaintextoffenders.com/post/7372659691/prometriccom-testing-and-assessment-services,2011-07-08T05:00:06Z
tutsplus.com,https://plaintextoffenders.com/post/7381209485/tutspluscom-tutorials-website-considering,2011-07-08T13:00:06Z
hmv.com,https://plaintextoffenders.com/post/7408498007/hmvcom-hmv-a-record-store-secure-not,2011-07-09T05:01:05Z
delivery-club.ru,https://plaintextoffenders.com/post/7444581022/delivery-clubru-delivery-finder-by-location,2011-07-10T05:01:06Z
appsecinc.com,https://plaintextoffenders.com/post/7482916831/appsecinccom-database-security-risk-and,2011-07-11T05:00:06Z
blueinkmonkey.com,https://plaintextoffenders.com/post/7491468791/blueinkmonkeycom-blue-ink-monkey-printing,2011-07-11T13:00:05Z
timetospa.com,https://plaintextoffenders.com/post/7523165809/timetospacom-spa-related-products-and-articles,2011-07-12T05:01:00Z
chess.com,https://plaintextoffenders.com/post/7562962423/chesscom-online-chess-community-chesscom-sent,2011-07-13T05:01:05Z
shoptime.com.ar,https://plaintextoffenders.com/post/7571481511/shoptimecomar-this-website-is-a-provider-of,2011-07-13T13:00:00Z
bidvertiser.com,https://plaintextoffenders.com/post/7603489233/bidvertisercom-pay-per-click-advertisements,2011-07-14T05:01:05Z
o2.co.uk,https://plaintextoffenders.com/post/7612062583/o2couk-a-british-mobile-network-this-one,2011-07-14T13:00:05Z
totaljobs.com,https://plaintextoffenders.com/post/7642595683/totaljobscom-uk-job-board-total-jobs-send-me-a,2011-07-15T05:01:00Z
kanobu.ru,https://plaintextoffenders.com/post/7650026630/kanoburu-russian-gaming-portal,2011-07-15T13:00:05Z
tracfone.com,https://plaintextoffenders.com/post/7678268826/tracfonecom-prepaid-cell-phone-provider,2011-07-16T05:01:06Z
forum.sysinternals.com,https://plaintextoffenders.com/post/7686512761/forumsysinternalscom-the-sysinternals-forums,2011-07-16T13:00:06Z
kensington.com,https://plaintextoffenders.com/post/7713847600/kensingtoncom-perhaps-best-known-for-their,2011-07-17T05:01:05Z
arclightcinemas.com,https://plaintextoffenders.com/post/7722426344/arclightcinemascom-this-is-a-local-theater-chain,2011-07-17T13:00:06Z
zfco.com,https://plaintextoffenders.com/post/7751816797/zfcocom-this-company-zenger-folkman-does-360,2011-07-18T05:01:05Z
website.ws,https://plaintextoffenders.com/post/7760471325/websitews-the-registry-for-the-ws-top-level,2011-07-18T13:01:05Z
benjerry.intashop.com,https://plaintextoffenders.com/post/7792161375/benjerryintashopcom-ben-jerrys-festival,2011-07-19T05:01:05Z
halfordstdfgame.co.uk,https://plaintextoffenders.com/post/7801053852/halfordstdfgamecouk-the-hellfrauds-fantasy-tour,2011-07-19T13:00:05Z
probki.net,https://plaintextoffenders.com/post/7833514973/probkinet-probkinet-russian-navigation,2011-07-20T05:01:05Z
store.micgadget.com,https://plaintextoffenders.com/post/7842290359/storemicgadgetcom-an-online-store-selling-apple,2011-07-20T13:01:05Z
365chess.com,https://plaintextoffenders.com/post/7874531963/365chesscom-chess-games-database-they-emailed,2011-07-21T05:01:06Z
mueller-inc.com,https://plaintextoffenders.com/post/7883578302/mueller-inccom-insurance-services-in-the-us,2011-07-21T13:01:05Z
gocompare.com,https://plaintextoffenders.com/post/7916398932/gocomparecom-provider-of-insurance-comparison,2011-07-22T05:01:05Z
tiff.net,https://plaintextoffenders.com/post/7925746459/tiffnet-the-toronto-international-film,2011-07-22T13:00:05Z
ebuddy.com,https://plaintextoffenders.com/post/7968694059/ebuddycom-web-and-mobile-im-its-not-a-new,2011-07-23T13:00:05Z
chemistry.com,https://plaintextoffenders.com/post/7993431501/chemistrycom-premium-dating-site-editors,2011-07-24T06:39:05Z
10bis.co.il,https://plaintextoffenders.com/post/7999764223/10biscoil-food-ordering-website-10bis-wont,2011-07-24T13:00:06Z
usertesting.com,https://plaintextoffenders.com/post/8041000575/usertestingcom-crowd-sourced-user-testing,2011-07-25T13:00:06Z
toshiba.com,https://plaintextoffenders.com/post/8074234013/toshibacom-toshiba-service-support-website,2011-07-26T05:02:05Z
pixmania.com,https://plaintextoffenders.com/post/8084148351/pixmaniacom-online-shopping-and-price-comparison,2011-07-26T13:00:06Z
gameofnerds.com,https://plaintextoffenders.com/post/8115776417/gameofnerdscom-trivia-questions-game-website,2011-07-27T04:16:05Z
tesco.ie,https://plaintextoffenders.com/post/8123433923/tescoie-online-grocery-shopping-tescoie-will,2011-07-27T09:00:05Z
scotsman.com,https://plaintextoffenders.com/post/8129910282/scotsmancom-scottish-news-site-this-email-is,2011-07-27T15:00:06Z
bmw.co.uk,https://plaintextoffenders.com/post/8166087795/bmwcouk-the-bmw-website-saves-plain-text,2011-07-28T09:00:05Z
mysun.co.uk,https://plaintextoffenders.com/post/8172553513/mysuncouk-the-sun-online-news-with-all-the,2011-07-28T15:05:05Z
bravenet.com,https://plaintextoffenders.com/post/8199234592/bravenetcom-this-is-from-a-web-hosting-site,2011-07-29T03:00:05Z
python.org,https://plaintextoffenders.com/post/8209500782/pythonorg-mailman-mailing-lists-always-send,2011-07-29T09:00:05Z
evite.com,https://plaintextoffenders.com/post/8216132495/evitecom-ecards-and-event-planning,2011-07-29T15:01:06Z
spotify-forum.com,https://plaintextoffenders.com/post/8242116144/spotify-forumcom-the-spotify-spotifycom,2011-07-30T03:00:06Z
oron.com,https://plaintextoffenders.com/post/8252455147/oroncom-oroncom-is-a-file-hosting-provider,2011-07-30T09:00:05Z
nusextra.co.uk,https://plaintextoffenders.com/post/8258490817/nusextracouk-this-is-from-the-uks-national,2011-07-30T15:00:05Z
siteuptime.com,https://plaintextoffenders.com/post/8286664997/siteuptimecom-website-uptime-monitor,2011-07-31T05:01:05Z
bigpoint.com,https://plaintextoffenders.com/post/8296478239/bigpointcom-battlestar-galactica-online-so,2011-07-31T13:00:05Z
rewardrobin.com,https://plaintextoffenders.com/post/8328772084/rewardrobincom-rewardrobin-is-a-local-deals,2011-08-01T05:01:05Z
geizhals.at,https://plaintextoffenders.com/post/8338837642/geizhalsat-very-popular-european-price-search,2011-08-01T13:00:05Z
nitroserv.com,https://plaintextoffenders.com/post/8372893005/nitroservcom-french-hosted-game-servers-website,2011-08-02T05:01:05Z
lists.wikimedia.org,https://plaintextoffenders.com/post/8383086111/listswikimediaorg-wikipedia-l-one-of-a-number,2011-08-02T13:00:05Z
bunk1.com,https://plaintextoffenders.com/post/8416741646/bunk1com-bunk1com-allows-you-to-communicate,2011-08-03T05:01:05Z
greyhounduk.com,https://plaintextoffenders.com/post/8426569087/greyhoundukcom-bus-company-greyhound-uk-appear,2011-08-03T13:00:06Z
midnrreservations.com,https://plaintextoffenders.com/post/8460482493/midnrreservationscom-michigans-department-of,2011-08-04T05:01:05Z
sacamera.co.za,https://plaintextoffenders.com/post/8470175948/sacameracoza-this-is-from-an-online-retailer,2011-08-04T13:00:05Z
santanderbillpayment.co.uk,https://plaintextoffenders.com/post/8503118087/santanderbillpaymentcouk-uks-online-bill,2011-08-05T05:01:05Z
huddlein.com,https://plaintextoffenders.com/post/8546198462/huddleincom-a-startup-company-still-in-stealth,2011-08-06T05:01:06Z
bestwestern.com,https://plaintextoffenders.com/post/8555625687/bestwesterncom-international-hotel-chain-this,2011-08-06T13:00:05Z
scholarsresource.com,https://plaintextoffenders.com/post/8588689493/scholarsresourcecom-image-discovery-service,2011-08-07T05:01:05Z
ft.com,https://plaintextoffenders.com/post/8598633900/ftcom-financial-times-online-newspaper-when,2011-08-07T13:00:06Z
etc),https://plaintextoffenders.com/post/8633291970/oldnavycom-also-gapcom-etc-clothes-shopping,2011-08-08T05:01:05Z
tigerdirect.ca,https://plaintextoffenders.com/post/8643280208/tigerdirectcom-tigerdirectca-online,2011-08-08T13:00:00Z
tigerdirect.com,https://plaintextoffenders.com/post/8643280208/tigerdirectcom-tigerdirectca-online,2011-08-08T13:00:00Z
pcpitstop.com,https://plaintextoffenders.com/post/8678222362/pcpitstopcom-pc-pitstop-claims-to-offer-advice,2011-08-09T05:00:05Z
prospects.ac.uk,https://plaintextoffenders.com/post/8688055470/prospectsacuk-prospectsacuk-is-a-uk,2011-08-09T13:00:05Z
zpizza.com,https://plaintextoffenders.com/post/8722645387/zpizzacom-edit-my-info-section-on-zpizzacom,2011-08-10T05:00:05Z
jcprewards.com,https://plaintextoffenders.com/post/8732388056/jcprewardscom-received-after-signing-up-for,2011-08-10T13:00:05Z
ipayx.com,https://plaintextoffenders.com/post/8767104746/ipayxcom-online-bill-pay-provider-for-st-lukes,2011-08-11T05:01:00Z
athlinks.com,https://plaintextoffenders.com/post/8810871425/athlinkscom-database-for-endurance-athletes,2011-08-12T05:01:05Z
xxlpix.net,https://plaintextoffenders.com/post/8820436348/xxlpixnet-one-of-the-largest-wholesale,2011-08-12T13:00:05Z
genesreunited.co.uk,https://plaintextoffenders.com/post/8854275839/genesreunitedcouk-genes-reunited-service-based,2011-08-13T05:01:00Z
jobserve.com,https://plaintextoffenders.com/post/8863514347/jobservecom-this-is-from-a-pretty-big-job-site,2011-08-13T13:00:05Z
referralkey.com,https://plaintextoffenders.com/post/8896101976/referralkeycom-referral-service-for-businesses,2011-08-14T05:00:05Z
butlins.com,https://plaintextoffenders.com/post/8905674802/butlinscom-uk-based-holiday-booking-website,2011-08-14T13:00:06Z
picstop.co.uk,https://plaintextoffenders.com/post/8940569372/picstopcouk-had-to-register-a-user-account-with,2011-08-15T05:00:06Z
youlicense.com,https://plaintextoffenders.com/post/8950203161/youlicensecom-content-licensing-service,2011-08-15T13:00:05Z
tek-tips.com,https://plaintextoffenders.com/post/8985365599/tek-tipscom-tek-tips-forums-sent-my-username-and,2011-08-16T05:01:05Z
fitlinxx.com,https://plaintextoffenders.com/post/9029060360/fitlinxxcom-online-fitness-tracking-programming,2011-08-17T05:00:06Z
bittads.com,https://plaintextoffenders.com/post/9038074434/bittadscom-hosted-ad-service-you-get-this-mail,2011-08-17T13:41:05Z
worldwidephotowalk.com,https://plaintextoffenders.com/post/9069389484/worldwidephotowalkcom-the-scott-kelbys-annual,2011-08-18T05:02:06Z
rent.com,https://plaintextoffenders.com/post/9078382393/rentcom-apartments-for-rent-board,2011-08-18T13:00:06Z
pearsoned.com,https://plaintextoffenders.com/post/9111945182/pearsonedcom-many-australian-students-have,2011-08-19T05:00:06Z
binarycanary.com,https://plaintextoffenders.com/post/9120919157/binarycanarycom-website-monitoring-service,2011-08-19T13:00:05Z
mvpclub.com,https://plaintextoffenders.com/post/9154575069/mvpclubcom-forum-for-mazda-mpv-vans,2011-08-20T05:01:05Z
ietf.org,https://plaintextoffenders.com/post/9163385984/ietforg-the-internet-engineering-task-force,2011-08-20T13:00:06Z
ticketnet.be,https://plaintextoffenders.com/post/9196393764/ticketnetfr-ticketnetbe-received-in-sign-up,2011-08-21T05:01:00Z
ticketnet.fr,https://plaintextoffenders.com/post/9196393764/ticketnetfr-ticketnetbe-received-in-sign-up,2011-08-21T05:01:00Z
napster.com,https://plaintextoffenders.com/post/9205879521/napstercom-in-response-to-an-irritated-tweet,2011-08-21T13:00:06Z
directwonen.nl,https://plaintextoffenders.com/post/9240942295/directwonennl-an-email-sent-by-directwonennl,2011-08-22T05:00:05Z
huurprofielen.nl,https://plaintextoffenders.com/post/9282662794/huurprofielennl-an-email-sent-by,2011-08-23T05:01:05Z
monsterindia.com,https://plaintextoffenders.com/post/9291201146/monsterindiacom-monster-india-jobs-portal,2011-08-23T13:00:06Z
which.co.uk,https://plaintextoffenders.com/post/9324114887/whichcouk-a-large-pay-for-consumer-rights,2011-08-24T05:00:05Z
britishgas.co.uk,https://plaintextoffenders.com/post/9332479691/britishgascouk-british-energy-company-british,2011-08-24T13:00:05Z
athloncarlease.com,https://plaintextoffenders.com/post/9365300093/athloncarleasecom-international-car-leasing-it,2011-08-25T05:00:05Z
telestream.net,https://plaintextoffenders.com/post/9373355101/telestreamnet-telestream-the-makers-of-the,2011-08-25T13:00:06Z
jimdo.com,https://plaintextoffenders.com/post/9405667621/jimdocom-jimdo-is-a-wysiwyg-web-hosting-service,2011-08-26T05:04:05Z
mobisms.com,https://plaintextoffenders.com/post/9453444076/mobismscom-online-sms-service-when-on-the-edit,2011-08-27T13:01:05Z
cwcs.co.uk,https://plaintextoffenders.com/post/9489906052/cwcscouk-cwcs-is-a-hosting-company-at-the,2011-08-28T05:00:05Z
jobscentral.com.sg,https://plaintextoffenders.com/post/9535427176/jobscentralcomsg-singapore-job-board-i-was,2011-08-29T05:00:06Z
buylogitech.com,https://plaintextoffenders.com/post/9544156561/buylogitechcom-logitech-hardware,2011-08-29T13:06:00Z
gk2gk.com,https://plaintextoffenders.com/post/9577114735/gk2gkcom-geet-2-geek-dating-service-the-irony,2011-08-30T05:00:05Z
ancestry.se,https://plaintextoffenders.com/post/9585484269/ancestryca-ancestrycom-ancestrycouk,2011-08-30T13:01:00Z
ancestry.fr,https://plaintextoffenders.com/post/9585484269/ancestryca-ancestrycom-ancestrycouk,2011-08-30T13:01:00Z
ancestry.it,https://plaintextoffenders.com/post/9585484269/ancestryca-ancestrycom-ancestrycouk,2011-08-30T13:01:00Z
ancestry.de,https://plaintextoffenders.com/post/9585484269/ancestryca-ancestrycom-ancestrycouk,2011-08-30T13:01:00Z
ancestry.com.au,https://plaintextoffenders.com/post/9585484269/ancestryca-ancestrycom-ancestrycouk,2011-08-30T13:01:00Z
ancestry.co.uk,https://plaintextoffenders.com/post/9585484269/ancestryca-ancestrycom-ancestrycouk,2011-08-30T13:01:00Z
ancestry.com,https://plaintextoffenders.com/post/9585484269/ancestryca-ancestrycom-ancestrycouk,2011-08-30T13:01:00Z
ancestry.ca,https://plaintextoffenders.com/post/9585484269/ancestryca-ancestrycom-ancestrycouk,2011-08-30T13:01:00Z
corsair.com,https://plaintextoffenders.com/post/9617515714/corsaircom-worldwide-designer-and-supplier-of,2011-08-31T05:00:05Z
1and1.com,https://plaintextoffenders.com/post/9625199874/1and1com-web-hosting-company,2011-08-31T13:00:05Z
netflorist.co.za,https://plaintextoffenders.com/post/9657227594/netfloristcoza-netflorist-the-largest-online,2011-09-01T05:00:06Z
campusbookrentals.com,https://plaintextoffenders.com/post/9664825224/campusbookrentalscom-textbook-rental-site,2011-09-01T13:01:06Z
4shared.com,https://plaintextoffenders.com/post/9696614760/4sharedcom-file-sharing-and-storage,2011-09-02T05:00:05Z
eversave.com,https://plaintextoffenders.com/post/9704212663/eversavecom-group-deals-website-from,2011-09-02T13:01:06Z
chesshere.com,https://plaintextoffenders.com/post/9736374704/chessherecom-online-chess-games-chessherecom,2011-09-03T05:02:06Z
clickandsend.com.au,https://plaintextoffenders.com/post/9778100588/clickandsendcomau-australia-posts-click-and,2011-09-04T05:00:05Z
thesource.ca,https://plaintextoffenders.com/post/9787232762/thesourceca-electronics-shopping-store-clicked,2011-09-04T13:06:06Z
onno.ru,https://plaintextoffenders.com/post/9823093069/onnoru-electronics-store,2011-09-05T05:00:06Z
sys-immobilise.com,https://plaintextoffenders.com/post/9831966842/immobilisecom-sys-immobilisecom-uk-national,2011-09-05T13:00:05Z
immobilise.com,https://plaintextoffenders.com/post/9831966842/immobilisecom-sys-immobilisecom-uk-national,2011-09-05T13:00:05Z
firstgreatwestern.co.uk,https://plaintextoffenders.com/post/9868499477/firstgreatwesterncouk-first-great-western,2011-09-06T05:02:05Z
equifax.com,https://plaintextoffenders.com/post/9875966769/equifaxcom-credit-reports-credit-scores-and,2011-09-06T13:06:05Z
websitepanel.net,https://plaintextoffenders.com/post/9909173716/softsyshostingcom-websitepanelnet-websitepanel,2011-09-07T05:01:06Z
softsyshosting.com,https://plaintextoffenders.com/post/9909173716/softsyshostingcom-websitepanelnet-websitepanel,2011-09-07T05:01:06Z
mpix.com,https://plaintextoffenders.com/post/9916293923/mpixcom-photo-printing-service-yes-i-realize-i,2011-09-07T13:01:05Z
1dayfly.com,https://plaintextoffenders.com/post/9948741599/1dayflycom-dutch-coupon-and-discount-site,2011-09-08T05:00:05Z
gamazavr.ru,https://plaintextoffenders.com/post/9955549748/gamazavrru-russian-gaming-portal,2011-09-08T13:01:05Z
yuplay.com,https://plaintextoffenders.com/post/9986529137/yuplayru-yuplaycom-russian-games-retailer-and,2011-09-09T05:01:00Z
yuplay.ru,https://plaintextoffenders.com/post/9986529137/yuplayru-yuplaycom-russian-games-retailer-and,2011-09-09T05:01:00Z
portal.mypearson.com,https://plaintextoffenders.com/post/9993300759/portalmypearsoncom-this-is-a-website-used-by-my,2011-09-09T13:00:06Z
carling.com,https://plaintextoffenders.com/post/10025282908/carlingcom-alcoholic-beverages-retailer-after,2011-09-10T05:01:05Z
crucial.com,https://plaintextoffenders.com/post/10033214640/crucialcom-major-online-retailer-of-memory-owned,2011-09-10T13:00:06Z
civru.com,https://plaintextoffenders.com/post/10069979904/civrucom-russian-forum-for-the-game,2011-09-11T05:01:05Z
skullcandy.com,https://plaintextoffenders.com/post/10079333982/skullcandycom-headphone-makers,2011-09-11T13:00:06Z
orange.co.il,https://plaintextoffenders.com/post/10117288106/orangecoil-orange-a-large-israeli-cellular,2011-09-12T05:00:05Z
flatworldknowledge.com,https://plaintextoffenders.com/post/10124355279/flatworldknowledgecom-flatworld-is-a-neat,2011-09-12T13:02:05Z
cbcf.org,https://plaintextoffenders.com/post/10162799994/cbcforg-the-cibc-run-for-the-cure-website,2011-09-13T13:01:05Z
webstudio.com,https://plaintextoffenders.com/post/10193941324/webstudiocom-web-design-software-maker-web,2011-09-14T05:00:06Z
politicshome.com,https://plaintextoffenders.com/post/10200685515/politicshomecom-politics-news-page-the-username,2011-09-14T13:00:06Z
famecinemas.com,https://plaintextoffenders.com/post/10238219650/famecinemascom-indias-movie-theater-chain,2011-09-15T13:01:06Z
nus.org.uk,https://plaintextoffenders.com/post/10268754750/nusorguk-students-union-password-reminder-link,2011-09-16T05:01:05Z
marvel.com,https://plaintextoffenders.com/post/10275264953/marvelcom-comic-book-publishers-they-provide-a,2011-09-16T13:01:00Z
ucas.com,https://plaintextoffenders.com/post/10305531904/ucascom-ucas-is-a-british-admission-service-for,2011-09-17T05:01:06Z
bbcgoodfood.com,https://plaintextoffenders.com/post/10313142799/bbcgoodfoodcom-recipes-and-cooking-tips-thanks,2011-09-17T13:01:06Z
jimmyjohns.com,https://plaintextoffenders.com/post/10356469118/jimmyjohnscom-website-for-the-sandwiches-shop,2011-09-18T13:09:40Z
post.dk,https://plaintextoffenders.com/post/10394586129/postdk-post-danmark-is-the-company-responsible,2011-09-19T05:02:06Z
singleswarehouse.co.uk,https://plaintextoffenders.com/post/10434077280/singleswarehousecouk-uk-dating-site,2011-09-20T05:01:05Z
kizoa.com,https://plaintextoffenders.com/post/10440826436/kizoacom-online-software-for-making-slideshows,2011-09-20T13:01:06Z
ticketpro.ca,https://plaintextoffenders.com/post/10472665874/ticketproca-a-major-ticket-selling-service-in,2011-09-21T05:02:05Z
fugitivetoys.com,https://plaintextoffenders.com/post/10479339270/fugitivetoyscom-a-site-that-retails-vinyl-toys,2011-09-21T13:01:06Z
trillian.im,https://plaintextoffenders.com/post/10510890289/trillianim-trillian-instant-messaging,2011-09-22T05:05:05Z
commonapp.org,https://plaintextoffenders.com/post/10517451434/commonapporg-if-youre-a-high-school-senior-such,2011-09-22T13:01:06Z
no2id.net,https://plaintextoffenders.com/post/10548521905/no2idnet-no2id-is-an-organization-that,2011-09-23T05:00:06Z
counterculturecoffee.com,https://plaintextoffenders.com/post/10555159324/counterculturecoffeecom-hopefully-their-coffee,2011-09-23T13:01:06Z
servicedesignnetwerk.nl,https://plaintextoffenders.com/post/10586910275/servicedesignnetwerknl-registration-confirmation,2011-09-24T05:04:06Z
nascigs.com,https://plaintextoffenders.com/post/10594853731/nascigscom-natural-american-spirit-north,2011-09-24T13:00:05Z
myanimelist.net,https://plaintextoffenders.com/post/10630780136/myanimelistnet-allows-you-to-manage-an-on-line,2011-09-25T05:01:05Z
disney.co.uk,https://plaintextoffenders.com/post/10639928392/disneycouk-wont-let-you-forget-your-password,2011-09-25T13:00:05Z
fedex.com,https://plaintextoffenders.com/post/10678450068/fedexcom-i-got-a-pre-generated-fedex-shipping,2011-09-26T05:03:06Z
mymathlab.com,https://plaintextoffenders.com/post/10685617672/mymathlabcom-from-the-forgotten-password-link,2011-09-26T13:01:05Z
lpi.org,https://plaintextoffenders.com/post/10718948424/lpiorg-linux-professional-institute-purveyor-of,2011-09-27T05:00:05Z
angelfire.lycos.com,https://plaintextoffenders.com/post/10725871000/angelfirelycoscom-angelfire-offer-free-web,2011-09-27T13:01:05Z
canon.com,https://plaintextoffenders.com/post/10759078376/canoncom-canon-canada-makes-you-create-an,2011-09-28T05:26:05Z
redstonehost.com,https://plaintextoffenders.com/post/10766190329/redstonehostcom-they-provide-minecraft-server,2011-09-28T13:41:05Z
statdiary.info,https://plaintextoffenders.com/post/10798450259/statdiaryinfo-statdiary-is-a-personal-data,2011-09-29T05:26:06Z
nspower.ca,https://plaintextoffenders.com/post/10806291975/nspowerca-nova-scotia-power-company-youd-think,2011-09-29T14:16:05Z
bt.com,https://plaintextoffenders.com/post/10839255161/btcom-as-part-of-setting-up-a-new-broadband,2011-09-30T05:26:06Z
newgrounds.com,https://plaintextoffenders.com/post/10846811713/newgroundscom-flash-games-portal,2011-09-30T13:51:05Z
blocknews.net,https://plaintextoffenders.com/post/10878840858/blocknewsnet-sells-block-accounts-to-access,2011-10-01T05:26:06Z
sitemeter.com,https://plaintextoffenders.com/post/10887551581/sitemetercom-website-statistics-and-analytics,2011-10-01T13:46:06Z
yesstyle.com,https://plaintextoffenders.com/post/10923512949/yesstylecom-fashion-shopping-website-when,2011-10-02T05:26:06Z
jango.com,https://plaintextoffenders.com/post/10933098827/jangocom-jango-is-a-customizable-streaming-radio,2011-10-02T13:56:05Z
terminex.com,https://plaintextoffenders.com/post/10973132139/terminexcom-account-management-web-site-for-a,2011-10-03T06:31:05Z
plentyoffish.com,https://plaintextoffenders.com/post/10980531830/plentyoffishcom-online-dating-site-fun-fact,2011-10-03T14:56:05Z
24hoursloot.com,https://plaintextoffenders.com/post/11014180930/24hourslootcom-online-t-shirt-shop-in-india,2011-10-04T06:32:06Z
dailymail.co.uk,https://plaintextoffenders.com/post/11018259624/dailymailcouk-popular-british-newspaper-i,2011-10-04T11:45:33Z
kennards.com.au,https://plaintextoffenders.com/post/11022353993/kennardscomau-australian-equipment-hire,2011-10-04T15:32:05Z
kerpluncgaming.com,https://plaintextoffenders.com/post/11053276298/kerpluncgamingcom-treepuncher-is-for-minecraft,2011-10-05T06:03:05Z
victoriassecret.com,https://plaintextoffenders.com/post/11060420996/victoriassecretcom-womens-clothing-and-lingerie,2011-10-05T14:11:06Z
sam2010.course.com,https://plaintextoffenders.com/post/11093308959/sam2010coursecom-sam-2010-is-a-learning-tool,2011-10-06T06:01:05Z
deft.com.au,https://plaintextoffenders.com/post/11100291685/deftcomau-a-rental-payment-system-owned-by-one,2011-10-06T14:03:06Z
appliedi.net,https://plaintextoffenders.com/post/11132775136/appliedinet-applied-innovations-windows-vps,2011-10-07T06:03:05Z
ledlightover.com,https://plaintextoffenders.com/post/11139998798/ledlightovercom-the-password-field-for-this,2011-10-07T14:07:05Z
serena.com,https://plaintextoffenders.com/post/11172312008/serenacom-serena-software-helps-organizations,2011-10-08T06:01:05Z
musictoday.com,https://plaintextoffenders.com/post/11180652502/musictodaycom-music-today-is-a-ticketing-company,2011-10-08T14:06:05Z
expresstoll.com,https://plaintextoffenders.com/post/11216957505/expresstollcom-expresstoll-is-where-you-manage,2011-10-09T06:01:05Z
bizfilings.com,https://plaintextoffenders.com/post/11226008962/bizfilingscom-online-business-document-filings,2011-10-09T14:05:05Z
hankintailmoitukset.fi,https://plaintextoffenders.com/post/11264856065/hankintailmoituksetfi-the-site-is-official-forum,2011-10-10T06:05:06Z
birchbox.com,https://plaintextoffenders.com/post/11272877729/birchboxcom-deluxe-beauty-samples-delivered-to,2011-10-10T14:23:05Z
t-mobile.com,https://plaintextoffenders.com/post/11309012577/t-mobilecom-t-mobile-stores-their-passwords-in,2011-10-11T06:01:05Z
israelmall.co.il,https://plaintextoffenders.com/post/11316226007/israelmallcoil-israeli-online-shopping-site,2011-10-11T14:10:05Z
reprisesoftware.com,https://plaintextoffenders.com/post/11346350447/reprisesoftwarecom-software-license-management,2011-10-12T06:02:06Z
pizzahut.com,https://plaintextoffenders.com/post/11353703221/pizzahutcom-pizza-hut-international-food-chain,2011-10-12T14:05:05Z
companies-house.gov.uk,https://plaintextoffenders.com/post/11387736512/companies-housegovuk-uk-government-site-for,2011-10-13T06:03:00Z
drivesisley.com,https://plaintextoffenders.com/post/11394763519/sisleyhondacom-drivesisleycom-sisley-for-honda,2011-10-13T14:06:05Z
sisleyhonda.com,https://plaintextoffenders.com/post/11394763519/sisleyhondacom-drivesisleycom-sisley-for-honda,2011-10-13T14:06:05Z
e-academy.com,https://plaintextoffenders.com/post/11435361205/e-academycom-msdnaa-microsoft-developer-network,2011-10-14T14:00:05Z
troopmasterweb.com,https://plaintextoffenders.com/post/11468787112/troopmasterwebcom-troopmaster-web-a-service-use,2011-10-15T06:00:05Z
hyperspin.com,https://plaintextoffenders.com/post/11476809846/hyperspincom-hyperspincom-offers-reports-on,2011-10-15T14:00:06Z
milkround.com,https://plaintextoffenders.com/post/11514112184/milkroundcom-milkround-is-a-very-popular-uk,2011-10-16T06:00:06Z
vizualize.me,https://plaintextoffenders.com/post/11523113793/vizualizeme-visualizes-your-resume-online,2011-10-16T14:00:06Z
escapistmagazine.com,https://plaintextoffenders.com/post/11563119700/escapistmagazinecom-online-gaming-magazine,2011-10-17T06:00:05Z
olsale.co.il,https://plaintextoffenders.com/post/11570497388/olsalecoil-olsale-is-an-israeli,2011-10-17T14:00:05Z
comet.co.uk,https://plaintextoffenders.com/post/11604892484/cometcouk-comet-auctions-is-part-of-comet-the,2011-10-18T06:00:05Z
thetrainline.com,https://plaintextoffenders.com/post/11612040202/thetrainlinecom-buy-online-train-tickets,2011-10-18T14:00:05Z
medscape.com,https://plaintextoffenders.com/post/11645530919/medscapecom-medscape-from-webmd-offers,2011-10-19T06:00:06Z
blottr.com,https://plaintextoffenders.com/post/11652759447/blottrcom-uk-online-newspaper-it-isnt-a,2011-10-19T14:00:06Z
micromat.com,https://plaintextoffenders.com/post/11685882626/micromatcom-they-sell-hard-drive,2011-10-20T06:00:05Z
enzu.com,https://plaintextoffenders.com/post/11693025434/enzucom-cloud-web-hosting-and-all-of-their,2011-10-20T14:00:05Z
staradvertiser.com,https://plaintextoffenders.com/post/11724721058/staradvertisercom-the-star-advertiser-in-hawaii,2011-10-21T06:00:05Z
printerpix.com.mx,https://plaintextoffenders.com/post/11732004676/printerpixcouk-printerpixcom-printerpixes,2011-10-21T14:00:00Z
printerpix.be,https://plaintextoffenders.com/post/11732004676/printerpixcouk-printerpixcom-printerpixes,2011-10-21T14:00:00Z
printerpix.com.br,https://plaintextoffenders.com/post/11732004676/printerpixcouk-printerpixcom-printerpixes,2011-10-21T14:00:00Z
printerpix.nl,https://plaintextoffenders.com/post/11732004676/printerpixcouk-printerpixcom-printerpixes,2011-10-21T14:00:00Z
printerpix.it,https://plaintextoffenders.com/post/11732004676/printerpixcouk-printerpixcom-printerpixes,2011-10-21T14:00:00Z
printerpix.eu,https://plaintextoffenders.com/post/11732004676/printerpixcouk-printerpixcom-printerpixes,2011-10-21T14:00:00Z
printerpix.es,https://plaintextoffenders.com/post/11732004676/printerpixcouk-printerpixcom-printerpixes,2011-10-21T14:00:00Z
printerpix.com,https://plaintextoffenders.com/post/11732004676/printerpixcouk-printerpixcom-printerpixes,2011-10-21T14:00:00Z
printerpix.co.uk,https://plaintextoffenders.com/post/11732004676/printerpixcouk-printerpixcom-printerpixes,2011-10-21T14:00:00Z
fotopost24.de,https://plaintextoffenders.com/post/11808079257/fotopost24de-german-photo-service,2011-10-23T06:00:06Z
whatisblik.com,https://plaintextoffenders.com/post/11817068774/whatisblikcom-blik-wall-decals-and-graphics,2011-10-23T14:00:06Z
pinnaclesys.com,https://plaintextoffenders.com/post/11855771652/pinnaclesyscom-pinnacle-software-and-hardware,2011-10-24T06:00:05Z
truphone.com,https://plaintextoffenders.com/post/11864001346/truphonecom-truphone-is-a-voice-over-ip,2011-10-24T14:00:05Z
whcms.com,https://plaintextoffenders.com/post/11899282813/whcmscom-whmcs-markets-software-to-manage,2011-10-25T06:00:05Z
freesportsbet.com,https://plaintextoffenders.com/post/11907394984/freesportsbetcom-sports-betting-site-boo,2011-10-25T14:05:06Z
hertz.com,https://plaintextoffenders.com/post/11941394681/hertzcom-hertz-car-rentals-hertz-encourages-you,2011-10-26T06:00:06Z
hostgator.com,https://plaintextoffenders.com/post/11949144899/hostgatorcom-hostgator-is-a-large-web-host-that,2011-10-26T14:00:06Z
torrents.net.ua,https://plaintextoffenders.com/post/11982873801/torrentsnetua-ukrainian-bittorrent-tracker,2011-10-27T06:00:06Z
kinozal.tv,https://plaintextoffenders.com/post/11990734875/kinozaltv-russian-bittorrent-tracker,2011-10-27T14:05:05Z
free-torrents.org,https://plaintextoffenders.com/post/12023903818/free-torrentsorg-bittorrent-tracker,2011-10-28T06:00:06Z
spb.yell.ru,https://plaintextoffenders.com/post/12031791124/spbyellru-feedback-and-reviews-for-companies,2011-10-28T14:00:05Z
cnd.su,https://plaintextoffenders.com/post/12063641113/cndsu-russian-businesses-reviews,2011-10-29T06:00:06Z
blackjob-spb.org,https://plaintextoffenders.com/post/12071848603/blackjob-spborg-business-reviews-in-saint,2011-10-29T14:00:06Z
isc2education.org/shop/,https://plaintextoffenders.com/post/12114642572/isc2educationorgshop-the-isc%C2%B2-education,2011-10-30T14:00:06Z
whitehouse.gov,https://plaintextoffenders.com/post/12152476292/whitehousegov-the-white-house-upon-activating,2011-10-31T06:00:05Z
evga.com,https://plaintextoffenders.com/post/12159978399/evgacom-computer-hardware-forgotten-password,2011-10-31T14:00:05Z
sotmarket.ru,https://plaintextoffenders.com/post/12189054740/sotmarketru-russian-mobile-phones-online-shop,2011-11-01T06:00:05Z
superpages.com,https://plaintextoffenders.com/post/12196319755/superpagescom-online-advertising-and-revenue,2011-11-01T14:00:06Z
omnias.ru,https://plaintextoffenders.com/post/12232370557/omniasru-russian-samsung-omnia-witu-forums,2011-11-02T06:00:05Z
donatos.com,https://plaintextoffenders.com/post/12240391606/donatoscom-pizza-restaurant-the-pizzas-good,2011-11-02T14:00:05Z
shop.steelseries.com,https://plaintextoffenders.com/post/12276055844/shopsteelseriescom-high-quality-computer,2011-11-03T06:00:05Z
blog.com,https://plaintextoffenders.com/post/12283611855/blogcom-blogging-platform-bonus-no-way-to,2011-11-03T14:00:06Z
wisepilot.com,https://plaintextoffenders.com/post/12318004446/wisepilotcom-gps-navigation-software,2011-11-04T06:00:05Z
dostavka.ru,https://plaintextoffenders.com/post/12325715839/dostavkaru-russian-online-electronics-shop,2011-11-04T14:03:05Z
freeola.com,https://plaintextoffenders.com/post/12359929175/freeolacom-uk-internet-service-provider-start,2011-11-05T06:01:05Z
callofduty.com,https://plaintextoffenders.com/post/12507883403/callofdutycom-a-website-for-call-of-duty-elite,2011-11-08T09:58:00Z
vectorstock.com,https://plaintextoffenders.com/post/12648859632/vectorstockcom-vector-graphics-and-clip-art,2011-11-11T18:31:15Z
phillydailynews.com,https://plaintextoffenders.com/post/12677662579/phillycom-phillynewscom-phillydailynewscom,2011-11-12T06:04:00Z
phillynews.com,https://plaintextoffenders.com/post/12677662579/phillycom-phillynewscom-phillydailynewscom,2011-11-12T06:04:00Z
philly.com,https://plaintextoffenders.com/post/12677662579/phillycom-phillynewscom-phillydailynewscom,2011-11-12T06:04:00Z
gametracker.com,https://plaintextoffenders.com/post/12687067361/gametrackercom-game-server-monitorgaming,2011-11-12T14:05:05Z
maxspann.com,https://plaintextoffenders.com/post/12726529627/maxspanncom-website-for-in-person-auction,2011-11-13T06:00:05Z
groceryiq.com,https://plaintextoffenders.com/post/12779835926/groceryiqcom-a-site-for-managing-sharing-and,2011-11-14T06:01:05Z
sparqcode.com,https://plaintextoffenders.com/post/12789436240/sparqcodecom-qr-code-generating-site,2011-11-14T14:19:05Z
techtarget.com,https://plaintextoffenders.com/post/12827267693/searchsecuritycom-techtargetcom-it-news-the,2011-11-15T06:13:00Z
searchsecurity.com,https://plaintextoffenders.com/post/12827267693/searchsecuritycom-techtargetcom-it-news-the,2011-11-15T06:13:00Z
allrecipes.co.uk,https://plaintextoffenders.com/post/12835570580/allrecipescouk-recipes-and-cooking-ideas,2011-11-15T14:11:06Z
seopult.ru,https://plaintextoffenders.com/post/12881003559/seopultru-russian-seo-and-website-promotion,2011-11-16T14:06:06Z
proboknet.com,https://plaintextoffenders.com/post/12916806751/proboknetcom-russian-site-for-traffic,2011-11-17T06:02:06Z
sapato.ru,https://plaintextoffenders.com/post/12924781609/sapatoru-russian-online-shoes-shop,2011-11-17T14:09:05Z
multiphoto.ru,https://plaintextoffenders.com/post/12959535238/multiphotoru-russian-photo-albums-shop,2011-11-18T06:05:06Z
kuponator.ru,https://plaintextoffenders.com/post/12967272783/kuponatorru-russian-coupons-and-discount-shop,2011-11-18T14:03:05Z
netprint.ru,https://plaintextoffenders.com/post/13001558699/netprintru-russian-online-photo-printing,2011-11-19T06:02:05Z
ozon.ru,https://plaintextoffenders.com/post/13010929157/ozonru-russian-amazon-like-shop,2011-11-19T14:03:06Z
asos.com,https://plaintextoffenders.com/post/13050003892/asoscom-asoscouk-popular-online-clothing,2011-11-20T06:02:05Z
targetjobs.co.uk,https://plaintextoffenders.com/post/13055366013/targetjobscouk-careers-site-another-day,2011-11-20T10:01:05Z
pathe.nl,https://plaintextoffenders.com/post/13107039300/pathenl-very-popular-dutch-movie-theater-company,2011-11-21T10:00:06Z
e-germanos.gr,https://plaintextoffenders.com/post/13153384792/e-germanosgr-online-shop-from-greece,2011-11-22T10:00:05Z
joomla.org,https://plaintextoffenders.com/post/13248214260/joomlaorg-joomla-based-sites-on-user-creation,2011-11-24T10:01:05Z
idfa.nl,https://plaintextoffenders.com/post/13294168967/idfanl-international-documentary-film-festival,2011-11-25T10:00:06Z
thatsmyface.com,https://plaintextoffenders.com/post/13342502417/thatsmyfacecom-personalized-sculptures-of-a,2011-11-26T10:02:05Z
androidswag.com,https://plaintextoffenders.com/post/13541068096/androidswagcom-android-related-shopping,2011-11-30T10:01:05Z
networkforgood.org,https://plaintextoffenders.com/post/13673227656/networkforgoodorg-online-donations-network-i,2011-12-03T10:00:05Z
photolab.ca,https://plaintextoffenders.com/post/13963123687/photolabca-a-site-for-digital-photo-prints-in,2011-12-09T10:00:06Z
photo.net,https://plaintextoffenders.com/post/14112210322/photonet-photographer-community,2011-12-12T10:00:05Z
adagio.com,https://plaintextoffenders.com/post/14611101791/adagiocom-adagio-sells-tea-keeps-your-credit,2011-12-22T10:00:06Z
hug.co.il,https://plaintextoffenders.com/post/14970190421/hugcoil-extracurricular-activities-information,2011-12-29T11:30:05Z
meridiaisland.com,https://plaintextoffenders.com/post/15121838694/meridiaislandcom-roleplaying-community,2012-01-01T10:00:05Z
kalunga.com,https://plaintextoffenders.com/post/15235748075/kalungacom-online-shop-in-brazil,2012-01-03T10:04:00Z
livemocha.com,https://plaintextoffenders.com/post/15289953130/livemochacom-a-language-learning-website,2012-01-04T10:00:06Z
myhosting.com,https://plaintextoffenders.com/post/15340425093/myhostingcom-vps-hosting-provider,2012-01-05T10:00:06Z
damnvps.com,https://plaintextoffenders.com/post/15393445077/thrustvpscom-damnvpscom-vps-hosting-provider,2012-01-06T10:00:00Z
thrustvps.com,https://plaintextoffenders.com/post/15393445077/thrustvpscom-damnvpscom-vps-hosting-provider,2012-01-06T10:00:00Z
gamecompare.co.uk,https://plaintextoffenders.com/post/15446370590/gamecomparecouk-game-prices-comparison-website,2012-01-07T10:00:05Z
shop.therme-geinberg.at,https://plaintextoffenders.com/post/15503518838/shoptherme-geinbergat-therme-geinberg-is-a,2012-01-08T10:00:05Z
freeconferencecalling.com,https://plaintextoffenders.com/post/15561392721/freeconferencecallingcom-they-just-changed-from,2012-01-09T10:00:05Z
peopleanswers.com,https://plaintextoffenders.com/post/15614153845/peopleanswerscom-people-answers-employee,2012-01-10T10:00:05Z
notionink.com,https://plaintextoffenders.com/post/15665724392/notioninkcom-mobile-devices-manufacturer-notion,2012-01-11T10:00:05Z
snugglebugz.ca,https://plaintextoffenders.com/post/15717649847/snugglebugzca-baby-shopping-a-classic,2012-01-12T10:00:05Z
concertgebouw.nl,https://plaintextoffenders.com/post/15769694265/concertgebouwnl-the-amsterdam-concertgebouw-one,2012-01-13T10:00:05Z
gibrick.com,https://plaintextoffenders.com/post/15821298265/gibrickcom-custom-lego-toys-from-their,2012-01-14T10:00:05Z
convio.com,https://plaintextoffenders.com/post/15879265201/conviocom-convio-is-hosted-fundraising-software,2012-01-15T10:00:06Z
beershop.com.br,https://plaintextoffenders.com/post/15940943408/beershopcombr-brazilian-web-store-that-sells,2012-01-16T10:00:05Z
adeccousa.com,https://plaintextoffenders.com/post/16001731070/adeccousacom-adecco-is-a-staffing-employment,2012-01-17T10:00:05Z
darntoothysam.com,https://plaintextoffenders.com/post/16110089011/darntoothysamcom-digital-camera-repair-service,2012-01-19T10:00:05Z
choraline.com,https://plaintextoffenders.com/post/16165600665/choralinecom-music-mail-order-service,2012-01-20T10:00:05Z
alcohol-soft.com,https://plaintextoffenders.com/post/16343391353/alcohol-softcom-cd-and-dvd-utilities-personal,2012-01-23T10:00:05Z
sapphireselectclub.com,https://plaintextoffenders.com/post/16402107245/sapphireselectclubcom-a-site-for-sapphire-tech,2012-01-24T10:00:05Z
dancepartner.com,https://plaintextoffenders.com/post/16458976896/dancepartnercom-a-site-to-find-dancing,2012-01-25T10:00:05Z
ronniescotts.co.uk,https://plaintextoffenders.com/post/16515751962/ronniescottscouk-from-the-world-famous-jazz,2012-01-26T10:00:05Z
artscouncil.org.uk,https://plaintextoffenders.com/post/16628826842/artscouncilorguk-registration-confirmation-from,2012-01-28T10:00:05Z
ditech.at,https://plaintextoffenders.com/post/16689628248/ditechat-one-of-the-most-popular,2012-01-29T10:00:05Z
clickenergy.com.au,https://plaintextoffenders.com/post/16754774455/clickenergycomau-electricity-provider-in,2012-01-30T10:00:05Z
relatieplanet.nl,https://plaintextoffenders.com/post/16813212957/relatieplanetnl-relatieplanet-is-a-dutch-dating,2012-01-31T10:00:06Z
livemetallica.com,https://plaintextoffenders.com/post/16858672256/livemetallicacom-official-metallica-live-show,2012-02-01T10:00:06Z
dr.com.tr,https://plaintextoffenders.com/post/16914875806/drcomtr-turkish-entertainment-retailer-chain,2012-02-02T10:00:05Z
htc.com,https://plaintextoffenders.com/post/16969513547/htccom-its-the-general-site-for-htc-phone,2012-02-03T10:00:06Z
tescomobile.com,https://plaintextoffenders.com/post/17023831237/tescomobilecom-tesco-mobile-phones-store-given,2012-02-04T10:00:05Z
cancer.org,https://plaintextoffenders.com/post/17085015486/cancerorg-american-cancer-society-a-non-profit,2012-02-05T10:00:05Z
subway.co.uk,https://plaintextoffenders.com/post/17148439770/subwaycouk-uks-subway-sandwiches-subways,2012-02-06T10:00:06Z
e-whisky.cz,https://plaintextoffenders.com/post/17204504184/e-whiskycz-whisky-shop-in-prague-czech,2012-02-07T10:00:05Z
bezeqint.net,https://plaintextoffenders.com/post/17313406523/bezeqintnet-bezeq-international-bezeq,2012-02-09T10:00:06Z
topcashback.co.uk,https://plaintextoffenders.com/post/17366435296/topcashbackcouk-uks-online-cashback-site,2012-02-10T10:00:05Z
simpleurl.com,https://plaintextoffenders.com/post/17418852601/simpleurlcom-a-domain-name-provider-needless-to,2012-02-11T10:00:05Z
idea.informer.com,https://plaintextoffenders.com/post/17480814177/ideainformercom-feedback-management-tool-this,2012-02-12T10:00:05Z
mybionicbird.com,https://plaintextoffenders.com/post/17545965766/mybionicbirdcom-avitron-toy-birds-makers,2012-02-13T10:00:05Z
neorouter.com,https://plaintextoffenders.com/post/17601955217/neoroutercom-a-vpn-service-a-leaked-domain,2012-02-14T10:00:05Z
snssecure.mcafee.com,https://plaintextoffenders.com/post/17651880224/snssecuremcafeecom-mcafee-support-notification,2012-02-15T10:00:05Z
be-at.tv,https://plaintextoffenders.com/post/17705904179/be-attv-a-service-for-streaming-videos-of-dj,2012-02-16T10:00:05Z
adams.co.uk,https://plaintextoffenders.com/post/17759951338/adamscouk-childrens-clothing-retailer-in-the,2012-02-17T10:00:05Z
ukrhosting.com,https://plaintextoffenders.com/post/17815371774/ukrhostingcom-ukrainian-web-hosting-provider,2012-02-18T10:00:06Z
hospitalrecords.com,https://plaintextoffenders.com/post/17876369954/hospitalrecordscom-independent-record-label,2012-02-19T10:00:05Z
sportus.si,https://plaintextoffenders.com/post/17940249918/sportussi-slovenian-sporting-goods-shop-one-of,2012-02-20T10:00:05Z
dieschmids.at,https://plaintextoffenders.com/post/18004318980/dieschmidsat-no-additional-information,2012-02-21T10:00:05Z
fool.com.au,https://plaintextoffenders.com/post/18064481796/foolcomau-financial-investment-community,2012-02-22T10:00:05Z
bin32winemerchant.com,https://plaintextoffenders.com/post/18123946487/bin32winemerchantcom-wine-merchant-not-the-most,2012-02-23T10:00:05Z
subito.it,https://plaintextoffenders.com/post/18182444159/subitoit-italian-sales-board-jobs-houses,2012-02-24T10:00:05Z
musicpd.org,https://plaintextoffenders.com/post/18242665124/musicpdorg-mpd-forums-musicpd-plaintext,2012-02-25T10:00:05Z
arkia.co.il,https://plaintextoffenders.com/post/18308115035/arkiacoil-arkia-israeli-airline-company-sent,2012-02-26T10:00:05Z
simplymoleskine.com,https://plaintextoffenders.com/post/18374369763/simplymoleskinecom-moleskine-notebooks-website,2012-02-27T10:00:05Z
redcross.org,https://plaintextoffenders.com/post/18432194589/redcrossorg-american-red-cross-donor,2012-02-28T10:00:05Z
psncenergy.com,https://plaintextoffenders.com/post/18489313259/psncenergycom-gas-company-yes-psnc-energy-i,2012-02-29T10:00:05Z
drivehq.com,https://plaintextoffenders.com/post/18546168316/drivehqcom-file-storage-company-i-signed-up-for,2012-03-01T10:00:05Z
tel-o-fun.co.il,https://plaintextoffenders.com/post/18601126372/tel-o-funcoil-tel-avivs-urban-bike-rental,2012-03-02T10:00:05Z
thebookpond.com,https://plaintextoffenders.com/post/18655893533/thebookpondcom-book-buyingselling-site-the,2012-03-03T10:00:05Z
spectruminteractive.co.uk,https://plaintextoffenders.com/post/18719489883/spectruminteractivecouk-the-free-spectrum-wifi,2012-03-04T10:00:05Z
forcesreunited.org.uk,https://plaintextoffenders.com/post/18785601910/forcesreunitedorguk-uk-armed-forces-social,2012-03-05T10:00:05Z
speckproducts.com,https://plaintextoffenders.com/post/18842225164/speckproductscom-protective-cases-for-iphones,2012-03-06T10:00:06Z
nettalk.com,https://plaintextoffenders.com/post/18896410412/nettalkcom-voip-provider-clear-text-password,2012-03-07T10:00:05Z
chamberofchat.com,https://plaintextoffenders.com/post/18943127631/chamberofchatcom-social-virtual-world-sends-you,2012-03-08T10:00:06Z
dot.tk,https://plaintextoffenders.com/post/18996799772/dottk-domain-registrar-in-tokelau-a-domain,2012-03-09T10:00:06Z
givelife.org,https://plaintextoffenders.com/post/19050877277/givelifeorg-american-red-cross-forgot-password,2012-03-10T10:00:05Z
kurzweilai.net,https://plaintextoffenders.com/post/19111828789/kurzweilainet-kurzweil-accelerating,2012-03-11T10:00:06Z
messenger.claro.com.do,https://plaintextoffenders.com/post/19174547229/messengerclarocomdo-chat-service-provided-by-a,2012-03-12T10:00:05Z
digitalriver.com,https://plaintextoffenders.com/post/19230582286/digitalrivercom-the-e-commerce-provider-for-the,2012-03-13T10:00:05Z
eps-software.com,https://plaintextoffenders.com/post/19285088040/eps-softwarecom-code-magazinecom-codemagcom,2012-03-14T10:00:05Z
16-25railcard.co.uk,https://plaintextoffenders.com/post/19339095403/16-25railcardcouk-website-to-purchase-a,2012-03-15T10:00:05Z
vpsland.com,https://plaintextoffenders.com/post/19392219975/vpslandcom-virtual-private-server-company-i,2012-03-16T10:08:05Z
megacloud.it,https://plaintextoffenders.com/post/19445358730/megacloudit-online-storage,2012-03-17T10:00:06Z
esds.co.in,https://plaintextoffenders.com/post/19505485287/esdscoin-esds-is-one-of-the-largest-enterprise,2012-03-18T10:00:06Z
thegiantpeach.com,https://plaintextoffenders.com/post/19567544532/thegiantpeachcom-vinyl-toys-and-collectibles,2012-03-19T10:00:05Z
anthropologie.com,https://plaintextoffenders.com/post/19621718546/anthropologiecom-womens-clothing-site,2012-03-20T10:00:05Z
mysupermarket.co.il,https://plaintextoffenders.com/post/19674581328/mysupermarketcoil-grocery-shopping-price,2012-03-21T10:00:05Z
studentclearinghouse.org,https://plaintextoffenders.com/post/19726826428/studentclearinghouseorg-student-degree-and,2012-03-22T10:00:05Z
uprinting.com,https://plaintextoffenders.com/post/19777604701/uprintingcom-custom-printed-products,2012-03-23T10:00:05Z
cardpatrol.co.uk,https://plaintextoffenders.com/post/19827692351/cardpatrolcouk-natwest-banks-identity-theft,2012-03-24T10:00:05Z
000webhost.com,https://plaintextoffenders.com/post/19886295712/000webhostcom-free-web-hosting-omg,2012-03-25T10:00:05Z
isleofjura.com,https://plaintextoffenders.com/post/19948228372/isleofjuracom-the-isle-of-jura-whisky-official,2012-03-26T10:00:05Z
support.ownwebnow.com,https://plaintextoffenders.com/post/20003371250/supportownwebnowcom-support-portal-for,2012-03-27T10:00:05Z
brainbench.com,https://plaintextoffenders.com/post/20057163559/brainbenchcom-online-assessment-solution,2012-03-28T10:00:05Z
airasia.com,https://plaintextoffenders.com/post/20111008432/airasiacom-air-asia-airline-company-membership,2012-03-29T10:00:05Z
omgpop.com,https://plaintextoffenders.com/post/20113420324/omgpopcom-online-social-games-creators-of-draw,2012-03-29T12:14:00Z
familystickers.com,https://plaintextoffenders.com/post/20164624476/familystickerscom-makers-of-those-stick-figure,2012-03-30T10:00:05Z
nmc.org,https://plaintextoffenders.com/post/20217321791/nmcorg-the-nmc-new-media-consortium-is-an,2012-03-31T09:00:06Z
collegeadvantage.com,https://plaintextoffenders.com/post/20278175555/collegeadvantagecom-online-tuition-trust-fund,2012-04-01T09:00:06Z
ethicalhacker.net,https://plaintextoffenders.com/post/20341777963/ethicalhackernet-an-it-information-security,2012-04-02T09:00:06Z
finnair.com,https://plaintextoffenders.com/post/20400929429/finnaircom-finnish-airline-the-site-allows-you,2012-04-03T08:56:06Z
sole.ph,https://plaintextoffenders.com/post/20459332338/soleph-official-domain-registrar-in,2012-04-04T09:00:18Z
qfs.de,https://plaintextoffenders.com/post/20518791300/qfsde-gui-test-tool-for-java-and-web,2012-04-05T09:01:13Z
yellowcabpizza.com,https://plaintextoffenders.com/post/20580252700/yellowcabpizzacom-yellow-cab-pizza-co-in-the,2012-04-06T09:01:02Z
payforit.net,https://plaintextoffenders.com/post/20642952363/payforitnet-secure-online-payment-system,2012-04-07T09:00:46Z
pghcareerconnector.com,https://plaintextoffenders.com/post/20705638437/pghcareerconnectorcom-a-job-postings-site-for,2012-04-08T09:01:27Z
aionfreetoplay.com,https://plaintextoffenders.com/post/20770494486/aionfreetoplaycom-the-european-version-of-the,2012-04-09T09:01:36Z
gotsoccer.com,https://plaintextoffenders.com/post/20834615323/gotsoccercom-gotsportcom-site-soccer-clubs-pay,2012-04-10T09:00:22Z
swimweargalore.com.au,https://plaintextoffenders.com/post/20956837479/swimweargalorecomau-online-swimwear-sales-i,2012-04-12T09:00:59Z
forum.openframeworks.cc,https://plaintextoffenders.com/post/21016689970/forumopenframeworkscc-open-source-c,2012-04-13T09:00:43Z
justbet.cx,https://plaintextoffenders.com/post/21075046106/justbetcx-sports-betting-website-one-of-two,2012-04-14T09:00:16Z
mensa.org.uk,https://plaintextoffenders.com/post/21138004671/mensaorg-mensaorguk-mensa-internationals,2012-04-15T09:00:00Z
mensa.org,https://plaintextoffenders.com/post/21138004671/mensaorg-mensaorguk-mensa-internationals,2012-04-15T09:00:00Z
funtosee.co.uk,https://plaintextoffenders.com/post/21203792546/funtoseecouk-an-ecommerce-site-for-childrens,2012-04-16T09:00:37Z
cameracronies.com,https://plaintextoffenders.com/post/21261370762/cameracroniescom-camera-accessories-website,2012-04-17T09:01:53Z
alertpay.com,https://plaintextoffenders.com/post/21317774116/alertpaycom-online-payments-website,2012-04-18T09:02:03Z
depositphotos.com,https://plaintextoffenders.com/post/21374078769/depositphotoscom-stock-photos-website,2012-04-19T09:03:21Z
tether.com,https://plaintextoffenders.com/post/21428939868/tethercom-tethering-software-for-smartphones,2012-04-20T09:02:45Z
stompy.com,https://plaintextoffenders.com/post/21487415958/stompycom-mp3-store,2012-04-21T09:02:38Z
dvd.co.uk,https://plaintextoffenders.com/post/21560730132/dvdcouk-uk-online-retailer-email-received,2012-04-22T09:01:27Z
dofus.com,https://plaintextoffenders.com/post/21639025636/dofuscom-flash-based-mmorpg,2012-04-23T09:01:26Z
refworks.com,https://plaintextoffenders.com/post/21707224082/refworkscom-refworks-is-web-based-referencing,2012-04-24T09:02:55Z
ncees.org,https://plaintextoffenders.com/post/21774907068/nceesorg-i-received-this-email-from-the-national,2012-04-25T09:02:13Z
ladslads.com,https://plaintextoffenders.com/post/21840776124/ladsladscom-gay-dating-site-not-only-does-the,2012-04-26T09:02:18Z
viewoncash.nl,https://plaintextoffenders.com/post/21904858388/viewoncashnl-viewoncash-is-an-online-money,2012-04-27T09:02:02Z
netapp.com,https://plaintextoffenders.com/post/21917861018/netappcom-cloud-computing-company-editors,2012-04-27T16:46:54Z
whsmith.co.uk,https://plaintextoffenders.com/post/21968096264/whsmithcouk-recruitment-at-whsmith-uks-book,2012-04-28T09:01:24Z
johnlewispartnership.co.uk,https://plaintextoffenders.com/post/22038823602/johnlewispartnershipcouk-uk-retail-shops,2012-04-29T09:02:48Z
aldirecruitment.co.uk,https://plaintextoffenders.com/post/22114513472/aldirecruitmentcouk-recruitment-site-uks-aldi,2012-04-30T09:00:57Z
crgadvisors.com,https://plaintextoffenders.com/post/22184385439/crgadvisorscom-coleman-research-group-claims,2012-05-01T09:02:28Z
mobilicidade.com.br,https://plaintextoffenders.com/post/22247844628/mobilicidadecombr-mobile-portal-in-brazil,2012-05-02T08:27:01Z
citrix.com/mycitrix,https://plaintextoffenders.com/post/22312995057/citrixcommycitrix-citrix-systems,2012-05-03T09:01:13Z
tivoli.nl,https://plaintextoffenders.com/post/22374880364/tivolinl-dutch-clubmusic-venue,2012-05-04T09:01:17Z
populuslive.com,https://plaintextoffenders.com/post/22436908650/populuslivecom-populus-live-online-surveys,2012-05-05T09:01:21Z
edgar-online.com,https://plaintextoffenders.com/post/22506491832/edgar-onlinecom-provider-of-fundamental,2012-05-06T09:01:25Z
motu.com,https://plaintextoffenders.com/post/22579158057/motucom-developers-of-audio-and-video-hardware,2012-05-07T09:01:39Z
sgvsarc.com,https://plaintextoffenders.com/post/22644647391/sgvsarccom-programming-software-vendor,2012-05-08T09:01:32Z
bharatmatrimony.com,https://plaintextoffenders.com/post/22708268564/bharatmatrimonycom-keralamartimonycom-arranged,2012-05-09T09:02:11Z
computinghost.com,https://plaintextoffenders.com/post/22771943898/computinghostcom-online-web-hosting,2012-05-10T09:01:09Z
thinktank.ac,https://plaintextoffenders.com/post/22833526949/thinktankac-a-website-for-a-science-museum-in,2012-05-11T09:02:47Z
snapfish.nl,https://plaintextoffenders.com/post/22960736330/snapfishnl-online-photo-sharing-the-nl,2012-05-13T09:02:10Z
theheart.org,https://plaintextoffenders.com/post/23030692545/theheartorg-cardiology-website,2012-05-14T09:01:00Z
alumniconnections.com/olc/pub/UUV/register/register.cgi,https://plaintextoffenders.com/post/23095990495/alumniconnectionscomolcpubuuvregisterregister,2012-05-15T09:01:46Z
dd-wrt.com,https://plaintextoffenders.com/post/23157653354/dd-wrtcom-a-forum-for-users-of-the-dd-wrt,2012-05-16T09:02:00Z
direct.asda.com,https://plaintextoffenders.com/post/23220882906/directasdacom-asda-direct-also-email-your,2012-05-17T09:01:07Z
ramhost.us,https://plaintextoffenders.com/post/23282761249/ramhostus-provides-hosting-services-virtual,2012-05-18T09:02:47Z
questionpro.com,https://plaintextoffenders.com/post/23536397591/questionprocom-online-survey-website,2012-05-22T09:01:37Z
careers.petco.com,https://plaintextoffenders.com/post/23601056901/careerspetcocom-trying-to-get-a-job-with-a,2012-05-23T09:01:55Z
torpedo7.com.au,https://plaintextoffenders.com/post/23663938869/torpedo7comau-an-australian-online-store-that,2012-05-24T09:01:01Z
emblemhealth.com,https://plaintextoffenders.com/post/23725729042/emblemhealthcom-no-additional-information,2012-05-25T09:01:17Z
bayt.com,https://plaintextoffenders.com/post/23787442477/baytcom-job-site-in-the-middle-east,2012-05-26T08:59:40Z
solidhost.com,https://plaintextoffenders.com/post/23852916791/solidhostcom-webhosting-provider-its-not-a,2012-05-27T08:48:03Z
e-junkie.com,https://plaintextoffenders.com/post/23920793684/e-junkiecom-e-junkie-provides-shopping,2012-05-28T08:57:01Z
munchkin.com,https://plaintextoffenders.com/post/23988880400/munchkincom-product-registration-baby-gates,2012-05-29T08:53:43Z
ikeafans.com,https://plaintextoffenders.com/post/24054969044/ikeafanscom-personalizing-the-ikea-experience,2012-05-30T08:56:00Z
glogster.com,https://plaintextoffenders.com/post/24120915362/glogstercom-a-blogging-platform-sent-me-my,2012-05-31T08:59:36Z
unotelly.com,https://plaintextoffenders.com/post/24121312147/unotellycom-vpn-provider,2012-05-31T09:20:33Z
ucas.ac.uk/students/track/,https://plaintextoffenders.com/post/24186819872/ucasacukstudentstrack-allows-you-to-submit,2012-06-01T08:58:20Z
societyleadership.org,https://plaintextoffenders.com/post/24251727249/societyleadershiporg-the-national-society-of,2012-06-02T08:59:14Z
portlandonline.com,https://plaintextoffenders.com/post/24320748248/portlandonlinecom-website-for-the-city-of,2012-06-03T08:59:18Z
vanderhouwen.com,https://plaintextoffenders.com/post/24394297121/vanderhouwencom-vanderhouwen-associates-inc,2012-06-04T09:00:02Z
musictaskforce.com,https://plaintextoffenders.com/post/24462440219/musictaskforcecom-no-additional-information,2012-06-05T08:54:04Z
sf.se,https://plaintextoffenders.com/post/24530514510/sfse-the-largest-cinema-company-in-sweden-has-a,2012-06-06T08:49:36Z
glasscubes.com,https://plaintextoffenders.com/post/24600017049/glasscubescom-online-collaboration-organize,2012-06-07T08:56:01Z
careercenter.sjsu.edu,https://plaintextoffenders.com/post/24669961283/careercentersjsuedu-a-job-search-website-for,2012-06-08T08:43:49Z
tinychat.com,https://plaintextoffenders.com/post/24736608673/tinychatcom-tinychat-online-video-chat,2012-06-09T08:41:01Z
devart.com,https://plaintextoffenders.com/post/24803957644/devartcom-maker-of-developer-tools-such-as,2012-06-10T08:49:10Z
dorcousa.com,https://plaintextoffenders.com/post/24875695273/dorcousacom-shaving-appliances-account-created,2012-06-11T08:54:31Z
serversfree.com,https://plaintextoffenders.com/post/24945192122/serversfreecom-free-web-hosting-provider,2012-06-12T08:54:23Z
pizzahut.co.uk,https://plaintextoffenders.com/post/25013501183/pizzahutcouk-pizza-hut-uk-not-just-bad-for-you,2012-06-13T08:54:13Z
dashthis.com,https://plaintextoffenders.com/post/25082463426/dashthiscom,2012-06-14T08:52:25Z
graebel.com,https://plaintextoffenders.com/post/25150417544/graebelcom-relocation-commercial-workplace,2012-06-15T08:57:02Z
csoresearch.com,https://plaintextoffenders.com/post/25216734205/bridgewedu-myinterfasecom-csoresearchcom,2012-06-16T08:59:35Z
myinterfase.com,https://plaintextoffenders.com/post/25216734205/bridgewedu-myinterfasecom-csoresearchcom,2012-06-16T08:59:35Z
bridgew.edu,https://plaintextoffenders.com/post/25216734205/bridgewedu-myinterfasecom-csoresearchcom,2012-06-16T08:59:35Z
net4.in,https://plaintextoffenders.com/post/25282961195/net4in-domain-registrar,2012-06-17T08:58:02Z
on24.com,https://plaintextoffenders.com/post/25354221946/on24com-webcasting-platform-i-sent-them-an,2012-06-18T08:45:20Z
epicmilitaria.com,https://plaintextoffenders.com/post/25425247332/epicmilitariacom-a-site-selling-military-surplus,2012-06-19T08:52:08Z
waytag.com,https://plaintextoffenders.com/post/25495844995/waytagcom-geographic-location-aliasing-service,2012-06-20T08:38:34Z
juniper.net,https://plaintextoffenders.com/post/25566047180/emccom-junipernet-exam-voucher-portal-which-is,2012-06-21T08:52:02Z
emc.com,https://plaintextoffenders.com/post/25566047180/emccom-junipernet-exam-voucher-portal-which-is,2012-06-21T08:52:02Z
elkjop.no,https://plaintextoffenders.com/post/25636995766/elkjopno-norways-largest-electronics-retailer,2012-06-22T08:47:24Z
singlecup.ca,https://plaintextoffenders.com/post/25707409467/singlecupca-coffee-retailer-i-sure-feel-safe,2012-06-23T08:45:46Z
magentocommerce.com,https://plaintextoffenders.com/post/25772847621/racketboycomstore-magentocommercecom,2012-06-24T08:54:41Z
racketboy.com/store,https://plaintextoffenders.com/post/25772847621/racketboycomstore-magentocommercecom,2012-06-24T08:54:41Z
ybonline.co.uk,https://plaintextoffenders.com/post/25843728505/ybonlinecouk-yorkshire-bankclydesdale-banks,2012-06-25T08:57:55Z
shopruche.com,https://plaintextoffenders.com/post/25917906363/shopruchecom-a-vintage-fashion-ecommerce-store,2012-06-26T08:57:31Z
manuscriptonline.com,https://plaintextoffenders.com/post/25991355522/manuscriptonlinecom-provide-a-web-based-system,2012-06-27T08:56:48Z
gradjobs.co.uk,https://plaintextoffenders.com/post/26062101404/gradjobscouk-jobs-and-advice-for-graduates,2012-06-28T08:51:33Z
provantage.com,https://plaintextoffenders.com/post/26132888468/provantagecom-technology-retailers-havent-used,2012-06-29T08:55:01Z
a03.com.au,https://plaintextoffenders.com/post/26267013027/a03comau-a03-is-an-australian-corporate-it,2012-07-01T08:57:01Z
audiosafe.com,https://plaintextoffenders.com/post/26337289946/audiosafecom-cloud-backup-solution-for-music,2012-07-02T08:44:43Z
shortrunposters.com,https://plaintextoffenders.com/post/26410730913/shortrunposterscom-custom-poster-printing,2012-07-03T08:53:17Z
zappgum.com,https://plaintextoffenders.com/post/26482887148/zappgumcom-xylitol-based-products,2012-07-04T08:59:50Z
wenthiking.com,https://plaintextoffenders.com/post/26548912093/wenthikingcom-a-tool-for-recording-trips-into,2012-07-05T08:46:11Z
mydeal.com.au,https://plaintextoffenders.com/post/26620276160/mydealcomau-australian-deals-site,2012-07-06T08:41:03Z
thestar.com.my,https://plaintextoffenders.com/post/26689169878/thestarcommy-the-star-is-a-newspaper-based-in,2012-07-07T08:59:54Z
nationwidevision.com,https://plaintextoffenders.com/post/26754247292/nationwidevisioncom-eye-care-clinics-in-arizona,2012-07-08T08:51:38Z
buyprinters.com.au,https://plaintextoffenders.com/post/26823771350/buyprinterscomau-site-that-sells-printer,2012-07-09T09:00:47Z
agoda.com,https://plaintextoffenders.com/post/26895697806/agodacom-a-hotel-booking-web-site-they-not-only,2012-07-10T08:50:13Z
pda.qc.ca,https://plaintextoffenders.com/post/26968857309/pdaqcca-place-des-arts-the-biggest-theatre,2012-07-11T08:52:27Z
straighttalkmail.com,https://plaintextoffenders.com/post/27041763316/straighttalkcom-straighttalkmailcom-a-service,2012-07-12T09:00:00Z
straighttalk.com,https://plaintextoffenders.com/post/27041763316/straighttalkcom-straighttalkmailcom-a-service,2012-07-12T09:00:00Z
bezeq.co.il,https://plaintextoffenders.com/post/27114797174/bezeqcoil-bezeq-is-israels-dominant,2012-07-13T08:45:19Z
essentialobjects.com,https://plaintextoffenders.com/post/27185192395/essentialobjectscom-aspnet-and-pdf-controls-and,2012-07-14T08:47:45Z
insidepro.com,https://plaintextoffenders.com/post/27251139237/insideprocom-ironically-a-password-cracking,2012-07-15T08:54:00Z
boligportal.dk,https://plaintextoffenders.com/post/27322626549/boligportaldk-danish-web-site-for-appartment-and,2012-07-16T09:01:00Z
4ad.com,https://plaintextoffenders.com/post/27398432420/4adcom-the-official-website-for-independent,2012-07-17T08:56:29Z
ekgroup.com,https://plaintextoffenders.com/post/27473199576/skywardscom-ekgroupcom-website-of-reward,2012-07-18T08:51:54Z
skywards.com,https://plaintextoffenders.com/post/27473199576/skywardscom-ekgroupcom-website-of-reward,2012-07-18T08:51:54Z
pwn.nl,https://plaintextoffenders.com/post/27545761047/pwnnl-a-website-for-a-large-dutch-watercompany,2012-07-19T08:37:57Z
manutd.com,https://plaintextoffenders.com/post/27618257783/manutdcom-manchester-uniteds-official-website,2012-07-20T08:47:56Z
wolfgangsvault.com,https://plaintextoffenders.com/post/27688661288/wolfgangsvaultcom-live-music-website-wolfgangs,2012-07-21T08:53:36Z
exelisvis.com,https://plaintextoffenders.com/post/27754781172/exelisviscom-visual-information-solutions-they,2012-07-22T08:54:52Z
mncriminals.com,https://plaintextoffenders.com/post/27825295931/mncriminalscom-minnesota-criminal-background,2012-07-23T08:41:01Z
imagetwist.com,https://plaintextoffenders.com/post/27899909414/imagetwistcom-an-image-host-that-pays-you-for,2012-07-24T08:56:18Z
quoteboard.com,https://plaintextoffenders.com/post/27972807322/quoteboardcom-quote-sharing-service,2012-07-25T08:59:42Z
tutor.com,https://plaintextoffenders.com/post/28045113444/tutorcom-a-site-where-you-can-apply-to-tutor,2012-07-26T08:58:57Z
bpusathletes.com,https://plaintextoffenders.com/post/28189022294/bpusathletescom-bps-site-for-us-athletes-in-the,2012-07-28T08:53:19Z
tunnelbroker.net,https://plaintextoffenders.com/post/28256326156/tunnelbrokernet-ipv6-tunnel-brokers-i-signed-up,2012-07-29T08:53:59Z
renault.nl,https://plaintextoffenders.com/post/28327230486/renaultnl-car-manufacturer,2012-07-30T08:50:00Z
testdrivesakai.com,https://plaintextoffenders.com/post/28401642579/testdrivesakaicom-a-site-offering-the-chance-to,2012-07-31T08:48:30Z
hostingmetro.com,https://plaintextoffenders.com/post/28475327420/hostingmetrocom-web-hostring-bye-bye-hosting,2012-08-01T08:52:01Z
tpg.com.au,https://plaintextoffenders.com/post/28619515481/tpgcomau-an-australian-telecom-provider-the,2012-08-03T08:50:51Z
mobosurvey.com,https://plaintextoffenders.com/post/28690272619/mobosurveycom-create-surveys-online,2012-08-04T08:51:46Z
hostelworld.com,https://plaintextoffenders.com/post/28756938851/hostelworldcom-hostel-booking-site-this-is-the,2012-08-05T08:54:41Z
jdate.com,https://plaintextoffenders.com/post/28827382410/jdatecom-dating-site-for-jewish-singles,2012-08-06T08:40:39Z
studentcom.co.uk,https://plaintextoffenders.com/post/28899763966/studentcomcouk-studentcom-provider-of-phone,2012-08-07T08:39:53Z
gartner.com,https://plaintextoffenders.com/post/28972162169/gartnercom-technology-researchers,2012-08-08T08:58:28Z
onlineopinion.com.au,https://plaintextoffenders.com/post/29043986948/onlineopinioncomau-australian,2012-08-09T08:49:00Z
topnotchcover.com,https://plaintextoffenders.com/post/29115400499/topnotchcovercom-insurance-agency-ordered,2012-08-10T08:51:00Z
travelheroes.se,https://plaintextoffenders.com/post/29186150222/travelheroesse-travelling-accessories-attaching,2012-08-11T08:54:47Z
heatwave.com,https://plaintextoffenders.com/post/29255372688/heatwavecom-game-developerspublishers,2012-08-12T08:59:32Z
halogensoftware.com,https://plaintextoffenders.com/post/29261355482/halogensoftwarecom-hr-outsourcing-the-site,2012-08-12T12:43:28Z
adengage.com,https://plaintextoffenders.com/post/29318171314/adengagecom-online-advertising-network,2012-08-13T04:53:12Z
modmypi.com,https://plaintextoffenders.com/post/29334081584/modmypicom-sell-parts-and-accessories-for-the,2012-08-13T12:44:28Z
hayescompanies.com,https://plaintextoffenders.com/post/29390462631/hayescompaniescom-provide-insurance-for-radio,2012-08-14T04:55:37Z
f-droid.org,https://plaintextoffenders.com/post/29405900228/f-droidorg-android-foss-repository,2012-08-14T12:59:00Z
issfanclub.com,https://plaintextoffenders.com/post/29462689597/issfanclubcom-a-site-for-amateur-radio-operators,2012-08-15T04:47:57Z
weatherswarm.com,https://plaintextoffenders.com/post/29477916443/weatherswarmcom-social-weather-website,2012-08-15T12:41:58Z
dvdpromotion.co.uk,https://plaintextoffenders.com/post/29533997582/tescobankcom-dvdpromotioncouk-insurance,2012-08-16T04:58:54Z
tescobank.com,https://plaintextoffenders.com/post/29533997582/tescobankcom-dvdpromotioncouk-insurance,2012-08-16T04:58:54Z
virginmobileusa.com,https://plaintextoffenders.com/post/29548864417/virginmobileusacom-cell-phone-provider-i,2012-08-16T12:46:17Z
laid.co.uk,https://plaintextoffenders.com/post/29603912815/laidcouk-dating-site-sent-this-email,2012-08-17T04:40:06Z
sonic-news.com,https://plaintextoffenders.com/post/29618686957/sonic-newscom-usenet-service-worse-they,2012-08-17T12:26:44Z
travelocity.com,https://plaintextoffenders.com/post/29673007503/travelocitycom-travel-booking-site,2012-08-18T05:00:09Z
web4u.cz,https://plaintextoffenders.com/post/29739899966/web4ucz-domain-registrar-translation-from,2012-08-19T04:52:25Z
ticketek.com.au,https://plaintextoffenders.com/post/29755200754/ticketekcomau-one-of-australias-two-largest,2012-08-19T12:42:28Z
phpdocx.com,https://plaintextoffenders.com/post/29810605053/phpdocxcom-php-library-for-generating-documents,2012-08-20T04:47:21Z
successfactors.com,https://plaintextoffenders.com/post/29825517806/successfactorscom-this-site-provides-a-service,2012-08-20T12:52:32Z
clearcanvas.ca,https://plaintextoffenders.com/post/29880484358/clearcanvasca-an-open-source-medical-image,2012-08-21T04:58:10Z
elementk.com,https://plaintextoffenders.com/post/29895083448/comptiaelearncom-elementkcom-comptia,2012-08-21T12:56:37Z
comptia.elearn.com,https://plaintextoffenders.com/post/29895083448/comptiaelearncom-elementkcom-comptia,2012-08-21T12:56:37Z
redmeatmarket.com,https://plaintextoffenders.com/post/29949069312/redmeatmarketcom-meat-farmers-market,2012-08-22T04:51:42Z
arnovatech.com,https://plaintextoffenders.com/post/29963027382/arnovatechcom-arnova-archos-android-tablet,2012-08-22T12:50:56Z
trabajaendecathlon.com,https://plaintextoffenders.com/post/30017742587/trabajaendecathloncom-job-offering-site-of,2012-08-23T05:00:11Z
warez-bb.org,https://plaintextoffenders.com/post/30031804467/warez-bborg-community-file-sharing-site,2012-08-23T12:58:40Z
newclicks.com,https://plaintextoffenders.com/post/30085952638/newclickscom-clicks-a-large-pharmacy-retailer,2012-08-24T04:49:04Z
dubitinformer.com,https://plaintextoffenders.com/post/30099694657/dubitinformercom-survey-site-they-send-an-email,2012-08-24T12:41:31Z
ineta.org,https://plaintextoffenders.com/post/30153569825/inetaorg-a-website-associated-with-microsoft-to,2012-08-25T04:46:59Z
ozprepaidcards.com.au,https://plaintextoffenders.com/post/30167741130/ozprepaidcardscomau-discounted-australia,2012-08-25T12:58:45Z
cpuid.com,https://plaintextoffenders.com/post/30223167617/cpuidcom-x86-technical-resources-optimal,2012-08-26T04:50:00Z
find-dvd.co.uk,https://plaintextoffenders.com/post/30235540110/find-dvdcouk-find-tvscouk-find-bookcouk,2012-08-26T11:00:43Z
bigpondmusic.com,https://plaintextoffenders.com/post/30238758933/bigpondmusiccom-mp3-music-downloads,2012-08-26T12:53:40Z
dailyrazor.com,https://plaintextoffenders.com/post/30298618495/dailyrazorcom-web-hosting-and-domain-name,2012-08-27T04:57:24Z
dom.com,https://plaintextoffenders.com/post/30313045641/domcom-power-supplier-sent-the-last-four-of-my,2012-08-27T12:49:21Z
wunderlist.com,https://plaintextoffenders.com/post/30369814564/wunderlistcom-task-management,2012-08-28T04:47:36Z
docstoc.com,https://plaintextoffenders.com/post/30438204489/docstoccom-docstoc-is-a-document-storage,2012-08-29T04:58:17Z
yogabasics.com,https://plaintextoffenders.com/post/30451052718/yogabasicscom-yoga-education-site-their,2012-08-29T12:54:57Z
phytoreponse.fr,https://plaintextoffenders.com/post/30504779359/phytoreponsefr-dietary-supplements,2012-08-30T04:57:17Z
gunnars.com,https://plaintextoffenders.com/post/30517973539/gunnarscom-technology-embedded-eyewear,2012-08-30T12:54:48Z
mysql.com,https://plaintextoffenders.com/post/30570839775/mysqlcom-database-vendor,2012-08-31T04:55:53Z
trenitalia.com,https://plaintextoffenders.com/post/30583672228/trenitaliacom-italian-railway-password-change,2012-08-31T12:54:59Z
freeaircraftbookingsystem.com,https://plaintextoffenders.com/post/30636665127/freeaircraftbookingsystemcom-aircraft-booking,2012-09-01T04:59:23Z
randstad.be,https://plaintextoffenders.com/post/30650635102/randstadbe-randstad-magazine-magazine-site-for,2012-09-01T12:53:13Z
s2games.com,https://plaintextoffenders.com/post/30706980918/s2gamescom-game-studio,2012-09-02T04:56:08Z
theelectroniccigarette.co.uk,https://plaintextoffenders.com/post/30722070255/theelectroniccigarettecouk-tecc-electronic,2012-09-02T12:50:09Z
rimage.com,https://plaintextoffenders.com/post/30780578062/rimagecom-manufactures-disc-publishing-equipment,2012-09-03T04:52:33Z
hosthatch.com,https://plaintextoffenders.com/post/30795454173/hosthatchcom-dedicated-server-provider-not-only,2012-09-03T12:55:21Z
recologysf.com,https://plaintextoffenders.com/post/30854359090/recologysfcom-a-san-francisco-trash-company,2012-09-04T04:58:00Z
collinslanguagerevolution.com,https://plaintextoffenders.com/post/30866970667/collinslanguagerevolutioncom-language-learning,2012-09-04T12:53:06Z
deezer.com,https://plaintextoffenders.com/post/30919463998/deezercom-music-service-deezer-sending-me-my,2012-09-05T04:53:01Z
kenyon.bananot.co.il,https://plaintextoffenders.com/post/30931074528/kenyonbananotcoil-an-israeli-shopping-website,2012-09-05T12:56:12Z
vodafone.nl,https://plaintextoffenders.com/post/30981497130/vodafonenl-cellular-communications-provider,2012-09-06T04:59:54Z
tbiz101forum.com,https://plaintextoffenders.com/post/30992685687/tbiz101forumcom-apparel-decorators-forum-an,2012-09-06T12:51:44Z
europaparts.com,https://plaintextoffenders.com/post/31043155917/europapartscom-audi-parts-and-supplies-cool,2012-09-07T04:51:50Z
switchvpn.com,https://plaintextoffenders.com/post/31054539140/switchvpncom-vpn-service,2012-09-07T12:53:08Z
civiweb.com,https://plaintextoffenders.com/post/31106139183/civiwebcom-french-international-internship,2012-09-08T04:55:34Z
manchesterdigital.co.uk,https://plaintextoffenders.com/post/31119575416/manchesterdigitalcouk-a-trade-association-for,2012-09-08T12:56:59Z
xplornet.com,https://plaintextoffenders.com/post/31178894834/xplornetcom-canadian-broadband-provider,2012-09-09T04:59:19Z
protagonize.com,https://plaintextoffenders.com/post/31194346659/protagonizecom-collaborative-authoring-once,2012-09-09T13:00:42Z
code4ward.net,https://plaintextoffenders.com/post/31256077715/code4wardnet-makers-of-royalts-an-application,2012-09-10T04:58:43Z
gatherspace.com,https://plaintextoffenders.com/post/31268160510/gatherspacecom-requirements-management-tool,2012-09-10T12:48:10Z
yourduino.com,https://plaintextoffenders.com/post/31321422129/yourduinocom-robot-hobby-site-sent-a-password,2012-09-11T04:56:56Z
ageofgames.net,https://plaintextoffenders.com/post/31385812994/ageofgamesnet-online-flash-games-website-i,2012-09-12T04:57:43Z
agl.com.au,https://plaintextoffenders.com/post/31397309704/aglcomau-australian-energy,2012-09-12T12:49:52Z
gofundraise.com.au,https://plaintextoffenders.com/post/31459295379/gofundraisecomau-australian-charity,2012-09-13T12:54:59Z
worldcommunitygrid.org,https://plaintextoffenders.com/post/31509020423/worldcommunitygridorg,2012-09-14T05:00:25Z
frontiertouring.com,https://plaintextoffenders.com/post/31520088693/frontiertouringcom-include-passwords-in-the,2012-09-14T13:00:16Z
ibc.org,https://plaintextoffenders.com/post/31583105814/ibcorg-ibc-is-an-annual-conference-and,2012-09-15T12:57:23Z
interfacelift.com,https://plaintextoffenders.com/post/31639306208/interfaceliftcom-a-site-for-high-res-wallpapers,2012-09-16T04:54:58Z
hattrick.co.uk,https://plaintextoffenders.com/post/31654158875/hattrickcouk,2012-09-16T12:59:28Z
amx.com,https://plaintextoffenders.com/post/31715022673/amxcom,2012-09-17T04:55:11Z
cyberwarzone.com,https://plaintextoffenders.com/post/31726871171/cyberwarzonecom-even-security-professionals-do,2012-09-17T12:59:26Z
spbas.com,https://plaintextoffenders.com/post/31793190696/spbascom-business-automation-software-spbas-is,2012-09-18T12:58:51Z
ht.com.au,https://plaintextoffenders.com/post/31846564299/htcomau-harris-technology-a-website-that,2012-09-19T05:00:12Z
schweizmobil.ch,https://plaintextoffenders.com/post/31857745455/schweizmobilch-schweizmobil-a-service-to-plan,2012-09-19T12:58:01Z
forumserver.twoplustwo.com,https://plaintextoffenders.com/post/31908719372/forumservertwoplustwocom-poker-strategy,2012-09-20T04:49:00Z
vertafore.com,https://plaintextoffenders.com/post/31919642850/vertaforecom-insurance-software-and-agency,2012-09-20T12:46:26Z
wheresgeorge.com,https://plaintextoffenders.com/post/31970690567/wheresgeorgecom-site-to-voluntary-enter-and,2012-09-21T04:54:19Z
ankama.com,https://plaintextoffenders.com/post/31981636274/ankamacom-strategic-mmorpg-i-signed-up-for,2012-09-21T12:56:13Z
verrassendskoda.nl,https://plaintextoffenders.com/post/32032120131/verrassendskodanl-verrassendskoda-is-a-club-that,2012-09-22T04:56:56Z
komoona.com,https://plaintextoffenders.com/post/32045263576/komoonacom-ad-network,2012-09-22T12:51:35Z
theclymb.com,https://plaintextoffenders.com/post/32103533864/theclymbcom-outdoor-products-i-sent-them-a-nice,2012-09-23T04:59:07Z
frenchtuesdays.com,https://plaintextoffenders.com/post/32118871843/frenchtuesdayscom-nightlife-events,2012-09-23T12:52:09Z
floriinconstanta.ro,https://plaintextoffenders.com/post/32185268329/floriinconstantaro-flower-delivery-as-it-is,2012-09-24T05:56:55Z
astrowars.com,https://plaintextoffenders.com/post/32196430618/astrowarscom-online-space-strategy-game-an,2012-09-24T13:56:22Z
hostmonster.com,https://plaintextoffenders.com/post/32251319265/hostmonstercom-shared-webhosting-when-you-call,2012-09-25T05:58:00Z
alienlayer.com,https://plaintextoffenders.com/post/32262088247/alienvpscom-alienlayercom-vps-hosting-provider,2012-09-25T13:59:57Z
alienvps.com,https://plaintextoffenders.com/post/32262088247/alienvpscom-alienlayercom-vps-hosting-provider,2012-09-25T13:59:57Z
blocklistpro.com,https://plaintextoffenders.com/post/32316436544/blocklistprocom-internet-security,2012-09-26T06:00:11Z
gizoo.co.uk,https://plaintextoffenders.com/post/32327295723/gizoocouk-gadget-e-commerce-site-we-will,2012-09-26T14:00:06Z
mushkin.com,https://plaintextoffenders.com/post/32382799176/mushkincom-hardware-manufacturer,2012-09-27T05:51:12Z
kvish6.co.il,https://plaintextoffenders.com/post/32387106109/kvish6coil-israeli-kvish6-toll-road-website,2012-09-27T09:34:58Z
smdservers.net,https://plaintextoffenders.com/post/32393278333/smdserversnet-sitelink-accounting-software-that,2012-09-27T13:58:40Z
dotfree.com,https://plaintextoffenders.com/post/32445742972/dotfreecom-free-top-level-domain-registrar,2012-09-28T05:55:25Z
unoeuro.com,https://plaintextoffenders.com/post/32456331409/unoeurocom-danish-webhotel-passwords-are-sent,2012-09-28T13:54:26Z
simyo.es,https://plaintextoffenders.com/post/32506967887/simyoes-spanish-mobile-telephone-company-the,2012-09-29T05:56:58Z
ridester.com,https://plaintextoffenders.com/post/32519895310/ridestercom-rideshare-carpooling-community,2012-09-29T13:59:15Z
itwallstreet.com,https://plaintextoffenders.com/post/32578076899/itwallstreetcom-a-website-for-it-professionals,2012-09-30T05:55:57Z
sponser.co.il,https://plaintextoffenders.com/post/32592345796/sponsercoil-israeli-news-and-forums-site-around,2012-09-30T13:55:35Z
indiemerch.com,https://plaintextoffenders.com/post/32656404391/indiemerchcom-offers-a-suite-of-e-commerce-tools,2012-10-01T06:00:27Z
media.net,https://plaintextoffenders.com/post/32667434200/medianet-web-advertising-company-this-is-what,2012-10-01T13:49:42Z
userbars.be,https://plaintextoffenders.com/post/32724426046/userbarsbe-website-for-userbars-to-be-used-as,2012-10-02T05:51:55Z
odeon.co.uk,https://plaintextoffenders.com/post/32734959819/odeoncouk-odeon-cinemas-uk,2012-10-02T13:58:42Z
vpnauthority.com,https://plaintextoffenders.com/post/32792164780/vpnauthoritycom-vpn-provider-in-their-own-words,2012-10-03T05:54:11Z
limogesjewelry.com,https://plaintextoffenders.com/post/32803530709/limogesjewelrycom-jewelry-store,2012-10-03T13:56:17Z
avianca.com.br,https://plaintextoffenders.com/post/32860705812/aviancacombr-avianca-airlines-in-brazil-they,2012-10-04T05:56:46Z
proxp.com,https://plaintextoffenders.com/post/32871546028/proxpcom-vpn-service,2012-10-04T13:58:30Z
whatpulse.org,https://plaintextoffenders.com/post/32926027698/whatpulseorg-tracks-your-keyboard-and-mouse,2012-10-05T06:00:29Z
boxpn.com,https://plaintextoffenders.com/post/32937481686/boxpncom-vpn-service-plain-text-passwords,2012-10-05T13:57:57Z
fco.gov.uk,https://plaintextoffenders.com/post/32992068082/fcogovuk-uk-government-foreign-office-site-can,2012-10-06T05:56:17Z
waves.com,https://plaintextoffenders.com/post/33004593828/wavescom-a-site-that-creates-audio-software-and,2012-10-06T13:50:51Z
blauarbeit.de,https://plaintextoffenders.com/post/33065606116/blauarbeitde-german-portal-for-finding,2012-10-07T05:52:50Z
atletiektoto.nl,https://plaintextoffenders.com/post/33080978183/atletiektotonl-athletics-prediction-contests,2012-10-07T13:51:52Z
virgin-atlantic.com,https://plaintextoffenders.com/post/33146099151/virgin-atlanticcom-airline,2012-10-08T06:00:27Z
menshn.com,https://plaintextoffenders.com/post/33158501019/menshncom-social-networking-site,2012-10-08T13:53:14Z
exetel.com.au,https://plaintextoffenders.com/post/33219204569/exetelcomau-internet-service-provider-an-isp,2012-10-09T05:48:57Z
emeals.com,https://plaintextoffenders.com/post/33230428941/emealscom-meal-planning-resource-for-parents,2012-10-09T13:54:49Z
addmaster.com,https://plaintextoffenders.com/post/33286202028/addmastercom-receipt-readers-and-printers,2012-10-10T06:00:07Z
fonic.de,https://plaintextoffenders.com/post/33297615931/fonicde-german-mobile-telecommunication-service,2012-10-10T13:37:38Z
nagios.com,https://plaintextoffenders.com/post/33352059982/nagioscom-it-infrastructure-monitoring,2012-10-11T05:59:29Z
megabus.com,https://plaintextoffenders.com/post/33363258980/megabuscom-global-discount-bus-service,2012-10-11T13:58:42Z
domainpeople.com,https://plaintextoffenders.com/post/33416929201/domainpeoplecom-domain-registrar-a-third-party,2012-10-12T05:51:14Z
apc.com,https://plaintextoffenders.com/post/33428355971/apccom-makes-and-sells-upss-and-other-devices,2012-10-12T14:00:36Z
jewgether.org,https://plaintextoffenders.com/post/33480535777/jewgetherorg-social-network-for-jewish-people,2012-10-13T05:52:02Z
scottishpower.co.uk,https://plaintextoffenders.com/post/33493865791/scottishpowercouk-gas-and-power-supplier,2012-10-13T13:52:17Z
freeparking.co.uk,https://plaintextoffenders.com/post/33550409311/freeparkingcouk-domain-registration-site-no,2012-10-14T05:06:46Z
buynetgear.com,https://plaintextoffenders.com/post/33565042732/buynetgearcom-netgears-online-store-thanks-for,2012-10-14T13:11:17Z
cigarsinternational.com,https://plaintextoffenders.com/post/33627617634/cigarsinternationalcom-reseller-of-cigars-and,2012-10-15T05:03:27Z
ablebanking.com,https://plaintextoffenders.com/post/33696123023/ablebankingcom-bank-this-is-a-bank-after,2012-10-16T05:43:09Z
misterspex.de,https://plaintextoffenders.com/post/33707329800/misterspexde-eyewear-store,2012-10-16T13:14:13Z
atmel.com,https://plaintextoffenders.com/post/33760793464/atmelcom-manufacturer-of-semiconductor-devices,2012-10-17T05:28:48Z
ptk.org,https://plaintextoffenders.com/post/33771995226/ptkorg-phi-theta-kappa-honor-society-and-to,2012-10-17T13:36:00Z
wbmason.com,https://plaintextoffenders.com/post/33824473151/wbmasoncom-office-supplies,2012-10-18T05:03:58Z
computerpoweruser.com,https://plaintextoffenders.com/post/33835268127/computerpowerusercom-computing-magazine,2012-10-18T13:44:15Z
nationalcar.com,https://plaintextoffenders.com/post/33881808233/nationalcarcom-car-rental,2012-10-19T05:53:28Z
bikediscount.com,https://plaintextoffenders.com/post/33892676389/bikediscountcom-bicycle-shop-if-you-forgot-your,2012-10-19T13:22:15Z
jamplay.com,https://plaintextoffenders.com/post/33943814748/jamplaycom-subscription-based-guitar-instruction,2012-10-20T05:42:08Z
basicstate.com,https://plaintextoffenders.com/post/34012246152/basicstatecom-web-site-uptime-monitor-and-alert,2012-10-21T05:38:24Z
minivps.co.uk,https://plaintextoffenders.com/post/34026399526/minivpscouk-uk-and-eu-virtual-servers-they,2012-10-21T13:44:24Z
moshtix.com.au,https://plaintextoffenders.com/post/34086164599/moshtixcomau-australian-ticketing-agency,2012-10-22T05:31:20Z
graduationregistration.com,https://plaintextoffenders.com/post/34097560853/graduationregistrationcom-online-graduation,2012-10-22T13:49:55Z
yemeksepeti.com,https://plaintextoffenders.com/post/34152520764/yemeksepeticom-turkish-online-food-delivery,2012-10-23T05:16:24Z
professionalpetsitter.com,https://plaintextoffenders.com/post/34164137785/professionalpetsittercom-pet-sitting-management,2012-10-23T13:12:01Z
yappa.be,https://plaintextoffenders.com/post/34217928825/yappacom-yappabe-web-site-builders,2012-10-24T06:00:12Z
yappa.com,https://plaintextoffenders.com/post/34217928825/yappacom-yappabe-web-site-builders,2012-10-24T06:00:12Z
triplejunearthed.com.au,https://plaintextoffenders.com/post/34230151472/triplejunearthedcom-triplejunearthedcomau,2012-10-24T14:00:43Z
triplejunearthed.com,https://plaintextoffenders.com/post/34230151472/triplejunearthedcom-triplejunearthedcomau,2012-10-24T14:00:43Z
aera.net,https://plaintextoffenders.com/post/34284119998/aeranet-education-research,2012-10-25T06:00:33Z
cepdtoronto.ca,https://plaintextoffenders.com/post/34295709282/cepdtorontoca-university-of-toronto-faculty-of,2012-10-25T14:00:43Z
dealticker.com,https://plaintextoffenders.com/post/34347771225/dealtickercom-deals-site,2012-10-26T06:00:33Z
sickkids.ca,https://plaintextoffenders.com/post/34356478453/safekidscanadaca-sickkidsca-child-safety,2012-10-26T14:00:20Z
safekidscanada.ca,https://plaintextoffenders.com/post/34356478453/safekidscanadaca-sickkidsca-child-safety,2012-10-26T14:00:20Z
walmartphotocentre.ca,https://plaintextoffenders.com/post/34400533101/walmartphotocentreca-photo-printers,2012-10-27T06:00:29Z
zap.co.il,https://plaintextoffenders.com/post/34413700275/zapcoil-israeli-price-comparison-website,2012-10-27T14:00:32Z
hostway.nl,https://plaintextoffenders.com/post/34470054303/hostwaynl-web-solutions,2012-10-28T06:00:30Z
sabsebolo.com,https://plaintextoffenders.com/post/34484612819/sabsebolocom-indian-conference-call-service,2012-10-28T14:00:34Z
frocksteady.com,https://plaintextoffenders.com/post/34550035645/frocksteadycom-shopping-site-editors-noteyet,2012-10-29T06:00:40Z
transglobalexpress.co.uk,https://plaintextoffenders.com/post/34563832131/transglobalexpresscouk-price-comparison-site,2012-10-29T14:00:19Z
feedafever.com,https://plaintextoffenders.com/post/34635529785/feedafevercom-rss-reader,2012-10-30T14:00:24Z
coolmilk.com,https://plaintextoffenders.com/post/34688948569/coolmilkcom-milk-providers-for-nursery-and,2012-10-31T06:00:35Z
fring.com,https://plaintextoffenders.com/post/34700666025/fringcom-voip-provider,2012-10-31T14:00:42Z
bookmooch.com,https://plaintextoffenders.com/post/34747407462/bookmoochcom-arranges-trades-of-books-between,2012-11-01T06:00:30Z
wannafind.dk,https://plaintextoffenders.com/post/34759264109/wannafinddk-web-hosting-i-asked-support-by,2012-11-01T14:00:29Z
cowboycab.com,https://plaintextoffenders.com/post/34816064882/cowboycabcom-dallasfort-worth-area-taxi,2012-11-02T06:00:20Z
technojobs.co.uk,https://plaintextoffenders.com/post/34828682458/technojobscouk-jobs-for-technical,2012-11-02T14:00:21Z
cinegif.com,https://plaintextoffenders.com/post/34885505199/cinegifcom-animated-gif-creation-app,2012-11-03T06:00:36Z
astraweb.com,https://plaintextoffenders.com/post/34960873045/astrawebcom-subscription-usenet-provider-not,2012-11-04T06:00:24Z
opensrs.com,https://plaintextoffenders.com/post/34975698482/opensrscom-wholesale-provider-of-domain-names,2012-11-04T14:00:28Z
sheerseo.com,https://plaintextoffenders.com/post/35042850550/sheerseocom-seo-stats-tool-reset-password-link,2012-11-05T06:00:29Z
edgeproinc.com,https://plaintextoffenders.com/post/35055283633/edgeproinccom-hand-sharpening-systems,2012-11-05T14:00:33Z
bobs-business.co.uk,https://plaintextoffenders.com/post/35113304599/bobs-businesscouk-information-security,2012-11-06T06:00:30Z
idg.no,https://plaintextoffenders.com/post/35125597918/idgno-tech-magazines-registered-through,2012-11-06T14:00:41Z
ascent.co.nz,https://plaintextoffenders.com/post/35188233752/ascentconz-hardware-and-software-store,2012-11-07T06:00:21Z
emyub.com,https://plaintextoffenders.com/post/35201183252/emyubcom-fashion-accessories-retailer-editors,2012-11-07T14:00:21Z
universobit.com.ar,https://plaintextoffenders.com/post/35257899325/universobitcomar-argentine-job-search-site-for,2012-11-08T06:00:32Z
eukhost.com,https://plaintextoffenders.com/post/35269964991/eukhostcom-uk-web-hosting-service-it-is-a,2012-11-08T14:00:42Z
telegraph.co.uk,https://plaintextoffenders.com/post/35324871530/telegraphcouk-uk-news-paper-their-fantasy,2012-11-09T06:00:18Z
selectblinds.com,https://plaintextoffenders.com/post/35336766661/selectblindscom-online-merchant-of-custom-window,2012-11-09T14:00:23Z
sjwater.com,https://plaintextoffenders.com/post/35391169303/sjwatercom-water-utility-company-for-san-jose,2012-11-10T06:00:35Z
gmu.edu,https://plaintextoffenders.com/post/35405324683/gmuedu-george-mason-university-sending,2012-11-10T14:01:11Z
vuw.ac.nz,https://plaintextoffenders.com/post/35466426809/vuwacnz-victoria-university-of-wellington-from,2012-11-11T06:00:48Z
tattydevine.com,https://plaintextoffenders.com/post/35482255187/tattydevinecom-lasercut-jewellery-tatty-devine,2012-11-11T14:01:06Z
yworks.com,https://plaintextoffenders.com/post/35548120401/yworkscom-diagramming-components-e-mail,2012-11-12T06:00:40Z
redcrossblood.com,https://plaintextoffenders.com/post/35561756686/redcrossbloodorg-redcrossbloodcom-american-red,2012-11-12T14:01:10Z
redcrossblood.org,https://plaintextoffenders.com/post/35561756686/redcrossbloodorg-redcrossbloodcom-american-red,2012-11-12T14:01:10Z
microvolts.com,https://plaintextoffenders.com/post/35622770495/microvoltscom-online-multiplayer-game,2012-11-13T06:00:14Z
gunbroker.com,https://plaintextoffenders.com/post/35634728461/gunbrokercom-online-auction-of-firearms-and,2012-11-13T14:00:20Z
cmstore-usa.com,https://plaintextoffenders.com/post/35691744759/cmstore-usacom-computer-hardware,2012-11-14T06:00:41Z
uploaded.net,https://plaintextoffenders.com/post/35703968457/uploadednet-file-sharing-service,2012-11-14T14:00:22Z
ziggo.nl,https://plaintextoffenders.com/post/35760793289/ziggonl-cable-operator-in-the-netherlands-sends,2012-11-15T06:00:31Z
masteringbio.com,https://plaintextoffenders.com/post/35773153846/pearsonmylabandmasteringcom-masteringbiocom-my,2012-11-15T14:00:00Z
pearsonmylabandmastering.com,https://plaintextoffenders.com/post/35773153846/pearsonmylabandmasteringcom-masteringbiocom-my,2012-11-15T14:00:00Z
foreignaffairs.com,https://plaintextoffenders.com/post/35827622924/foreignaffairscom-journal-of-global-current,2012-11-16T06:00:19Z
toms.com,https://plaintextoffenders.com/post/35839987210/tomscom-shoes-and-eyewear-store,2012-11-16T14:00:25Z
shieldthevulnerable.org,https://plaintextoffenders.com/post/35894121946/shieldthevulnerableorg-organization-dedicated-to,2012-11-17T06:00:12Z
hiltonhonors.com,https://plaintextoffenders.com/post/35908200214/hiltoncom-hiltonhonorscom-hilton-hotels,2012-11-17T14:00:21Z
hilton.com,https://plaintextoffenders.com/post/35908200214/hiltoncom-hiltonhonorscom-hilton-hotels,2012-11-17T14:00:21Z
myfreecams.com,https://plaintextoffenders.com/post/35968935344/myfreecamscom-adult-webcam-community-you-are,2012-11-18T06:00:14Z
housecarers.com,https://plaintextoffenders.com/post/35984931447/housecarerscom-match-making-site-for-house,2012-11-18T14:00:24Z
latartienda.com,https://plaintextoffenders.com/post/36050422707/latartiendacom-cake-ingredientsequipment-shop,2012-11-19T06:00:24Z
peapod.com,https://plaintextoffenders.com/post/36063961982/peapodcom-online-grocery-shopping,2012-11-19T14:00:38Z
autozone.com,https://plaintextoffenders.com/post/36123999435/autozonecom-auto-parts-retailer-autozone-is,2012-11-20T06:00:31Z
mysterytacklebox.com,https://plaintextoffenders.com/post/36137153688/mysterytackleboxcom-fishing-lures-registration,2012-11-20T14:00:41Z
cfh.com,https://plaintextoffenders.com/post/36194881457/cfhdocmailcom-cfhcom-print-and-post-provider,2012-11-21T06:00:38Z
cfhdocmail.com,https://plaintextoffenders.com/post/36194881457/cfhdocmailcom-cfhcom-print-and-post-provider,2012-11-21T06:00:38Z
kicktipp.de,https://plaintextoffenders.com/post/36208325534/kicktippde-betting-community,2012-11-21T14:00:17Z
audionetwork.com,https://plaintextoffenders.com/post/36268021682/audionetworkcom-stock-music-provider,2012-11-22T06:00:17Z
neulion.com,https://plaintextoffenders.com/post/36281777698/nbatv-neulioncom-national-basketball,2012-11-22T14:00:23Z
nba.tv,https://plaintextoffenders.com/post/36281777698/nbatv-neulioncom-national-basketball,2012-11-22T14:00:23Z
1und1.de,https://plaintextoffenders.com/post/36338757938/1und1de-telephonyinternet-provider-and-hosting,2012-11-23T06:00:33Z
imagetrend.com,https://plaintextoffenders.com/post/36351935665/imagetrendcom-software-developers,2012-11-23T14:00:43Z
pizzapizza.ca,https://plaintextoffenders.com/post/36371107962/pizzapizzaca-canadian-pizza-chain-because-now,2012-11-23T20:03:29Z
bloodsafelearning.org.au,https://plaintextoffenders.com/post/36411063657/bloodsafelearningorgau-online-education-courses,2012-11-24T06:00:16Z
nic.io,https://plaintextoffenders.com/post/36426996878/nicio-the-official-nic-behind-io-tm-and-other,2012-11-24T14:00:25Z
citrixtools.net,https://plaintextoffenders.com/post/36490658743/citrixtoolsnet-application-delivery-and-server,2012-11-25T06:00:33Z
gamesamba.com,https://plaintextoffenders.com/post/36508221994/gamesambacom-online-games,2012-11-25T14:00:46Z
solentro.se,https://plaintextoffenders.com/post/36576744984/solentrocom-solentrose-book-self-publication,2012-11-26T06:00:17Z
solentro.com,https://plaintextoffenders.com/post/36576744984/solentrocom-solentrose-book-self-publication,2012-11-26T06:00:17Z
mega.co.il,https://plaintextoffenders.com/post/36590699195/megacoil-israeli-supermarket-chain,2012-11-26T14:00:30Z
tuitraveljobs.co.uk,https://plaintextoffenders.com/post/36650898501/tuitraveljobscouk-leisure-travel-company-jobs,2012-11-27T06:00:35Z
feedrinse.com,https://plaintextoffenders.com/post/36664348319/feedrinsecom-web-based-tool-for-merging-and,2012-11-27T14:00:40Z
bumpmylock.com,https://plaintextoffenders.com/post/36723724783/bumpmylockcom-lock-picks-and-bump-keys,2012-11-28T06:00:13Z
cpl.com.au,https://plaintextoffenders.com/post/36737080700/cplcomau-computer-store-this-is-the,2012-11-28T14:00:17Z
thegoodguys.com.au,https://plaintextoffenders.com/post/36795319312/thegoodguyscomau-consumer-electronics-retail,2012-11-29T06:00:18Z
htzone.co.il,https://plaintextoffenders.com/post/36805608958/htzonecoil-israeli-hi-tech-workers-club-site,2012-11-29T12:31:09Z
soundcheckaustralia.net.au,https://plaintextoffenders.com/post/36808238504/soundcheckaustralianetau-australian-national,2012-11-29T14:00:50Z
homescan.acnielsen.com.au,https://plaintextoffenders.com/post/36865409735/homescanacnielsencomau-global-marketing,2012-11-30T06:00:26Z
ozpanel.com,https://plaintextoffenders.com/post/36878679563/ozpanelcom-surveys-site-a-survey-company-who,2012-11-30T14:00:44Z
geostore.com,https://plaintextoffenders.com/post/36935036692/geostorecom-uk-environment-agencys-data-portal,2012-12-01T06:00:19Z
tomtom.com,https://plaintextoffenders.com/post/36950120000/tomtomcom-location-and-navigation-products-and,2012-12-01T14:00:32Z
easyhotel.com,https://plaintextoffenders.com/post/37012371063/easyhotelcom-hotel-bookings-site-all-personal,2012-12-02T06:00:32Z
tfl.gov.uk,https://plaintextoffenders.com/post/37029376285/tflgovuk-transport-for-london-tfl-is-the,2012-12-02T14:00:52Z
estaronline.com,https://plaintextoffenders.com/post/37111209028/briscoesconz-estaronlinecom-homeware-retailer,2012-12-03T14:00:46Z
briscoes.co.nz,https://plaintextoffenders.com/post/37111209028/briscoesconz-estaronlinecom-homeware-retailer,2012-12-03T14:00:46Z
engageya.com,https://plaintextoffenders.com/post/37172599223/engageyacom-not-only-are-passwords-stored-plain,2012-12-04T06:00:30Z
opinionpanel.co.uk,https://plaintextoffenders.com/post/37186262992/opinionpanelcouk-survey-website-with-over,2012-12-04T14:00:42Z
virginamerica.com,https://plaintextoffenders.com/post/37246213993/virginamericacom-airline-got-this-email-from,2012-12-05T06:00:40Z
massagenext.com,https://plaintextoffenders.com/post/37259654160/massagenextcom-massage-therapist-listings,2012-12-05T14:00:53Z
mnr.org,https://plaintextoffenders.com/post/37318311525/mnrorg-railroad-company-this-is-the-online,2012-12-06T06:00:21Z
affordableservices.org,https://plaintextoffenders.com/post/37331393924/affordableservicesorg-group-negotiations-for,2012-12-06T14:00:37Z
2shared.com,https://plaintextoffenders.com/post/37402371583/2sharedcom-file-sharing-website,2012-12-07T14:00:45Z
prestashop.com,https://plaintextoffenders.com/post/37458786424/prestashopcom-e-commerce-software,2012-12-08T06:00:27Z
pharmacydirect.com.au,https://plaintextoffenders.com/post/37473640394/pharmacydirectcomau-online-pharmacy-at-least,2012-12-08T14:00:28Z
m1.dk,https://plaintextoffenders.com/post/37536135867/m1dk-danish-cellphone-service-provider-bonus,2012-12-09T06:00:23Z
proshop.dk,https://plaintextoffenders.com/post/37553031826/proshopdk-danish-online-hardware-store,2012-12-09T14:00:45Z
wiberg-sca.com,https://plaintextoffenders.com/post/37621941758/wiberg-scacom-caps-and-more-for-students,2012-12-10T06:00:12Z
alertme.com,https://plaintextoffenders.com/post/37636458919/alertmecom-energy-and-home-monitoring-hardware,2012-12-10T14:00:28Z
pastebin.com,https://plaintextoffenders.com/post/37698933898/pastebincom-pastebin-a-site-for-sharing-code,2012-12-11T06:00:21Z
topschoolinc.com,https://plaintextoffenders.com/post/37712628316/topschoolinccom-student-lifecycle-management,2012-12-11T14:00:37Z
monstermmorpg.com,https://plaintextoffenders.com/post/37773129976/monstermmorpgcom-online-game-a-large-and,2012-12-12T06:00:20Z
web24.com.au,https://plaintextoffenders.com/post/37787014053/web24comau-web-hosting-vps-and-dedicated,2012-12-12T14:00:31Z
ubt.com,https://plaintextoffenders.com/post/37808445981/ubtcom-bank-received-this-email-after-clicking,2012-12-12T21:17:26Z
eng-tips.com,https://plaintextoffenders.com/post/37816647187/eng-tipscom-technical-support-forums-for-a-range,2012-12-13T06:00:21Z
squirt.org,https://plaintextoffenders.com/post/37831217191/squirtorg-gay-hook-up-site-not-the-classiest,2012-12-13T14:00:48Z
cdactvm.in,https://plaintextoffenders.com/post/37893079310/cdactvmin-computer-science-government-group,2012-12-14T06:00:17Z
crackberry.com,https://plaintextoffenders.com/post/37906572741/crackberrycom-blackberry-users-site,2012-12-14T14:00:37Z
cheathappens.com,https://plaintextoffenders.com/post/37965182729/cheathappenscom-game-trainer-and-game-community,2012-12-15T06:00:27Z
mwave.com.au,https://plaintextoffenders.com/post/37980275738/mwavecomau-online-computer-store,2012-12-15T14:01:10Z
parcelhero.com,https://plaintextoffenders.com/post/38043857087/parcelherocom-parcel-delivery-company-editors,2012-12-16T06:00:00Z
cosplay.com,https://plaintextoffenders.com/post/38061042104/cosplaycom-a-site-for-cosplayers-and-cosplay,2012-12-16T14:00:58Z
costcentral.com,https://plaintextoffenders.com/post/38130268261/costcentralcom-printers-and-monitors-shop,2012-12-17T06:00:38Z
smooch.com,https://plaintextoffenders.com/post/38145430080/smoochcom-dating-website-will-very-kindly-email,2012-12-17T14:00:52Z
chemistdirect.org.uk,https://plaintextoffenders.com/post/38210650862/chemistdirectcom-chemistdirectorguk-health,2012-12-18T06:00:00Z
chemistdirect.com,https://plaintextoffenders.com/post/38210650862/chemistdirectcom-chemistdirectorguk-health,2012-12-18T06:00:00Z
foodbasicsfeedback.com,https://plaintextoffenders.com/post/38227063941/yourgroceryexperiencecom-foodbasicsfeedbackcom,2012-12-18T14:58:51Z
yourgroceryexperience.com,https://plaintextoffenders.com/post/38227063941/yourgroceryexperiencecom-foodbasicsfeedbackcom,2012-12-18T14:58:51Z
ximian.com,https://plaintextoffenders.com/post/38287749792/ximiancom-software-developers-gnu-mailman-sends,2012-12-19T06:00:25Z
wheedle.co.nz,https://plaintextoffenders.com/post/38302499582/wheedleconz-auction-site-they-also-store,2012-12-19T14:00:32Z
embarcadero.com,https://plaintextoffenders.com/post/38366851490/embarcaderocom-database-and-developer-software,2012-12-20T06:00:29Z
pizzahut.com.au,https://plaintextoffenders.com/post/38382081172/pizzahutcomau-pizza-hut-australia-editors,2012-12-20T14:04:16Z
squarespace.com,https://plaintextoffenders.com/post/38447099456/squarespacecom-website-creation,2012-12-21T06:00:15Z
filesmonster.com,https://plaintextoffenders.com/post/38467565624/filesmonstercom-file-hoster-e-mail-sent-to-me,2012-12-21T15:41:39Z
trac.edgewall.org,https://plaintextoffenders.com/post/38526159201/developerpidginim-tracedgewallorg-trac-bug,2012-12-22T06:00:41Z
developer.pidgin.im,https://plaintextoffenders.com/post/38526159201/developerpidginim-tracedgewallorg-trac-bug,2012-12-22T06:00:41Z
imdeveloper.it,https://plaintextoffenders.com/post/38546769680/imdeveloperit-supplier-of-a-service-which,2012-12-22T15:42:21Z
apple.com/retail/geniusbar,https://plaintextoffenders.com/post/38568259858/applecomretailgeniusbar-apples-customer,2012-12-22T20:52:48Z
unitedhosting.co.uk,https://plaintextoffenders.com/post/38607162478/unitedhostingcouk-web-hosts-just-signed-up-for,2012-12-23T06:00:24Z
mymorningjacket.com,https://plaintextoffenders.com/post/38624646729/mymorningjacketcom-band-i-suppose-i-wont-be,2012-12-23T14:00:33Z
canadavisa.com,https://plaintextoffenders.com/post/38694430819/canadavisacom-law-firm-sends-password-in-plain,2012-12-24T06:00:30Z
teachforamerica.org,https://plaintextoffenders.com/post/38712557076/teachforamericaorg-education-non-profit,2012-12-24T14:00:52Z
wiley.com,https://plaintextoffenders.com/post/38774118000/wileycom-publishers-this-is-what-you-get-for,2012-12-25T06:00:40Z
lifeproof.com,https://plaintextoffenders.com/post/38789851385/lifeproofcom-iphone-and-ipad-cases-sent-a-plain,2012-12-25T14:00:53Z
thegrocerygame.com,https://plaintextoffenders.com/post/38849370074/thegrocerygamecom-grocery-coupons,2012-12-26T06:00:29Z
thecouponclippers.com,https://plaintextoffenders.com/post/38865950040/thecouponclipperscom-coupons-site,2012-12-26T14:00:37Z
electricalassociation.com,https://plaintextoffenders.com/post/38929741247/electricalassociationcom-non-profit-trade,2012-12-27T06:00:28Z
namingforce.com,https://plaintextoffenders.com/post/38948741858/namingforcecom-brand-name-crowdsourcing-this-is,2012-12-27T14:00:42Z
louisck.net,https://plaintextoffenders.com/post/39018700773/louiscknet-standup-comedian-the-funny-thing-is,2012-12-28T06:00:16Z
oxatis.com,https://plaintextoffenders.com/post/39037788767/oxatiscom-online-store-creation-password,2012-12-28T14:00:25Z
opengear.com,https://plaintextoffenders.com/post/39106691755/opengearcom-vendor-of-remote-server-monitoring,2012-12-29T06:00:20Z
dionwired.co.za,https://plaintextoffenders.com/post/39125656489/dionwiredcoza-electronics-store-if-this-is-how,2012-12-29T14:00:42Z
register.it,https://plaintextoffenders.com/post/39194837649/registerit-domain-name-registrar,2012-12-30T06:00:27Z
snow.com,https://plaintextoffenders.com/post/39214544821/snowcom-ski-vacations-and-resorts,2012-12-30T14:00:44Z
pinbax.com,https://plaintextoffenders.com/post/39304224644/pinbaxcom-sailing-equipment-and-accessories,2012-12-31T14:00:31Z
homeforexchange.com,https://plaintextoffenders.com/post/39362773371/homeforexchangecom-home-swapping-site-this,2013-01-01T06:00:33Z
thekeyonline.com,https://plaintextoffenders.com/post/39380845083/thekeyonlinecom-auto-dealer-they-also-store,2013-01-01T14:00:46Z
kimberamerica.com,https://plaintextoffenders.com/post/39452776623/kimberamericacom-firearms-manufacturer-not-only,2013-01-02T06:00:38Z
sswug.org,https://plaintextoffenders.com/post/39472986576/sswugorg-microsoft-user-group-this-was-after,2013-01-02T14:00:29Z
aanbod.be,https://plaintextoffenders.com/post/39545316716/aanbodbe-classifieds,2013-01-03T06:00:25Z
bhuvan.nrsc.gov.in,https://plaintextoffenders.com/post/39565098789/bhuvannrscgovin-government-satellite,2013-01-03T14:00:40Z
easyroommate.com.au,https://plaintextoffenders.com/post/39636272050/easyroommatecom-easyroommatecomau-room-mate,2013-01-04T06:00:00Z
easyroommate.com,https://plaintextoffenders.com/post/39636272050/easyroommatecom-easyroommatecomau-room-mate,2013-01-04T06:00:00Z
v-moda.com,https://plaintextoffenders.com/post/39655457186/v-modacom-headphones-makers-not-only-do-they,2013-01-04T14:00:41Z
actioncameras.co.uk,https://plaintextoffenders.com/post/39724612876/actioncamerascouk-point-of-view-camera-shop,2013-01-05T06:00:24Z
travisperkins.co.uk,https://plaintextoffenders.com/post/39744179311/travisperkinscouk-building-supplies,2013-01-05T14:00:36Z
certification-partners.com,https://plaintextoffenders.com/post/39814626588/certification-partnerscom-it-courseware,2013-01-06T06:00:23Z
sona-systems.com,https://plaintextoffenders.com/post/39835408654/sona-systemscom-education-portal-i-got-this,2013-01-06T14:00:39Z
tripwire.com,https://plaintextoffenders.com/post/39910744303/tripwirecom-it-security-software-a-security,2013-01-07T06:00:12Z
atoc.org,https://plaintextoffenders.com/post/39927891554/atocorg-association-of-train-operating-companies,2013-01-07T14:00:32Z
conrad.at,https://plaintextoffenders.com/post/39995919459/conradat-electronics-shop,2013-01-08T06:00:37Z
researcherid.com,https://plaintextoffenders.com/post/40011486111/researcheridcom-unique-identification-service,2013-01-08T14:00:56Z
weaverstreetmarket.coop,https://plaintextoffenders.com/post/40077534034/weaverstreetorderscom-weaverstreetmarketcoop,2013-01-09T06:00:38Z
weaverstreetorders.com,https://plaintextoffenders.com/post/40077534034/weaverstreetorderscom-weaverstreetmarketcoop,2013-01-09T06:00:38Z
btguard.com,https://plaintextoffenders.com/post/40092795974/btguardcom-bittorrent-proxy-service-of-all,2013-01-09T14:00:55Z
crosstec.de,https://plaintextoffenders.com/post/40158594584/crosstecde-wordpress-and-joomla-templates-and,2013-01-10T06:00:39Z
ludlowthompson.com,https://plaintextoffenders.com/post/40173568540/ludlowthompsoncom-estate-agents-an-unrequested,2013-01-10T14:00:55Z
levi.com,https://plaintextoffenders.com/post/40238562381/levicom-clothing-company-this-was-the-initial,2013-01-11T06:00:31Z
multiplay.co.uk,https://plaintextoffenders.com/post/40253438772/fileplaynet-multiplaycouk-file-hosting,2013-01-11T14:00:46Z
fileplay.net,https://plaintextoffenders.com/post/40253438772/fileplaynet-multiplaycouk-file-hosting,2013-01-11T14:00:46Z
getharvest.com,https://plaintextoffenders.com/post/40317712793/harvestappcom-getharvestcom-time-tracking-app,2013-01-12T06:00:30Z
harvestapp.com,https://plaintextoffenders.com/post/40317712793/harvestappcom-getharvestcom-time-tracking-app,2013-01-12T06:00:30Z
jabber.ru,https://plaintextoffenders.com/post/40334933439/jabberru-im-service,2013-01-12T14:00:49Z
footytips.com.au,https://plaintextoffenders.com/post/40425345330/footytipscomau-sports-bets,2013-01-13T14:00:38Z
jobmaster.co.il,https://plaintextoffenders.com/post/40501967602/jobmastercoil-jobs-board,2013-01-14T06:00:28Z
railstation.org,https://plaintextoffenders.com/post/40517569797/usfencingorg-teamusaorg-railstationorg-us,2013-01-14T14:00:44Z
teamusa.org,https://plaintextoffenders.com/post/40517569797/usfencingorg-teamusaorg-railstationorg-us,2013-01-14T14:00:44Z
usfencing.org,https://plaintextoffenders.com/post/40517569797/usfencingorg-teamusaorg-railstationorg-us,2013-01-14T14:00:44Z
lmtclub.com,https://plaintextoffenders.com/post/40585074123/lmtclubcom-members-only-travel-club,2013-01-15T06:00:29Z
newsbin.com,https://plaintextoffenders.com/post/40599749327/newsbincom-usenet-search-this-email-is,2013-01-15T14:00:48Z
eat-japan.com,https://plaintextoffenders.com/post/40665341438/eat-japancom-japanese-food,2013-01-16T06:00:16Z
figleaves.com,https://plaintextoffenders.com/post/40746677066/figleavescom-underwear-etc-shop-insert-pun,2013-01-17T06:00:13Z
linuxmint.com,https://plaintextoffenders.com/post/40761019423/linuxmintcom-linux-distribution-this-one,2013-01-17T14:00:27Z
sharemyplaylists.com,https://plaintextoffenders.com/post/40825762671/sharemyplaylistscom-playslists-sharing-site-it,2013-01-18T06:00:12Z
afterburst.com,https://plaintextoffenders.com/post/40840515304/afterburstcom-vps-provider-they-send-the-plain,2013-01-18T14:00:30Z
monbento.com,https://plaintextoffenders.com/post/40904507015/monbentocom-bento-box-merchant,2013-01-19T06:00:12Z
vk.com,https://plaintextoffenders.com/post/40921210326/vkcom-social-network-service-after-the-user-is,2013-01-19T14:00:29Z
newnet.co.uk,https://plaintextoffenders.com/post/40990192788/newnetcouk-web-hosts,2013-01-20T06:00:14Z
eventim.de,https://plaintextoffenders.com/post/41083839645/eventimde-eventconcert-ticket-seller-sending,2013-01-21T06:00:39Z
clearfoundation.com,https://plaintextoffenders.com/post/41101428079/clearfoundationcom-it-security-i-would-expect,2013-01-21T14:00:28Z
ragnsells.se,https://plaintextoffenders.com/post/41177960016/ragnsellsse-swedish-environmental-waste,2013-01-22T06:00:25Z
luxmi.net,https://plaintextoffenders.com/post/41193625387/luxminet-domain-registrar-and-host-i-forgot-my,2013-01-22T14:00:45Z
imageshack.us,https://plaintextoffenders.com/post/41261557834/imageshackus-image-host-imageshack-are-quite-a,2013-01-23T06:00:16Z
essaywriters.net,https://plaintextoffenders.com/post/41276420072/essaywritersnet-writers-market,2013-01-23T14:00:38Z
vailresorts.com,https://plaintextoffenders.com/post/41358296970/vailresortscom-winter-resort-company-sends,2013-01-24T14:00:41Z
jawbone.com,https://plaintextoffenders.com/post/41423867238/jawbonecom-wearable-technology-products-this-is,2013-01-25T06:00:38Z
mathway.com,https://plaintextoffenders.com/post/41438421704/mathwaycom-math-problem-solver,2013-01-25T14:00:52Z
martinguitar.com,https://plaintextoffenders.com/post/41503575263/martinguitarcom-guitar-makers,2013-01-26T06:00:18Z
auspcmarket.com.au,https://plaintextoffenders.com/post/41519776304/auspcmarketcomau-on-line-retail-computer-store,2013-01-26T14:00:33Z
direct-golf.co.uk,https://plaintextoffenders.com/post/41588056642/direct-golfcouk-golf-equipment,2013-01-27T06:00:38Z
arqiva.com,https://plaintextoffenders.com/post/41606533484/arqivacom-communications-infrastructure-and,2013-01-27T14:00:50Z
smartbearinfo.com,https://plaintextoffenders.com/post/41682907939/smartbearinfocom-software-development-and,2013-01-28T06:00:21Z
deal.no,https://plaintextoffenders.com/post/41698906587/dealno-online-retailer,2013-01-28T14:00:50Z
freewebsite.com,https://plaintextoffenders.com/post/41768350518/freewebsitecom-custom-personal-and-business,2013-01-29T06:00:22Z
galacoral.com,https://plaintextoffenders.com/post/41783126326/galacoralcom-gambling-company-from-their-auto,2013-01-29T14:00:39Z
seidioonline.com,https://plaintextoffenders.com/post/41849486210/seidioonlinecom-smartphone-accessories-whats,2013-01-30T06:00:27Z
teatotal.co.nz,https://plaintextoffenders.com/post/41863997916/teatotalconz-tea-shop-sent-password-back-in,2013-01-30T14:00:28Z
monclick.it,https://plaintextoffenders.com/post/41929356202/monclickfr-monclickit-electronics-shop-they,2013-01-31T06:00:38Z
monclick.fr,https://plaintextoffenders.com/post/41929356202/monclickfr-monclickit-electronics-shop-they,2013-01-31T06:00:38Z
myweather2.co.uk,https://plaintextoffenders.com/post/41943740295/myweather2com-myweather2couk-weather,2013-01-31T14:00:31Z
myweather2.com,https://plaintextoffenders.com/post/41943740295/myweather2com-myweather2couk-weather,2013-01-31T14:00:31Z
melbourneit.com.au,https://plaintextoffenders.com/post/42006267912/melbourneitcomau-domain-registrar,2013-02-01T06:00:38Z
elisa.fi,https://plaintextoffenders.com/post/42020966158/elisafi-telecom-operator-after-creating-a-user,2013-02-01T14:00:26Z
techpowerup.com,https://plaintextoffenders.com/post/42082356876/techpowerupcom-hardware-and-gaming-forums-they,2013-02-02T06:00:19Z
livedownloads.com,https://plaintextoffenders.com/post/42098818732/livedownloadscom-live-concert-recording-shop,2013-02-02T14:00:32Z
postyourbook.com,https://plaintextoffenders.com/post/42166966249/postyourbookcom-secondhand-textbooks-and-in,2013-02-03T06:00:25Z
ethicalconsumer.org,https://plaintextoffenders.com/post/42185403414/ethicalconsumerorg-ethical-shopping-guide,2013-02-03T14:00:49Z
submarino.com.br,https://plaintextoffenders.com/post/42258495000/submarinocombr-e-commerce-site-the-password-i,2013-02-04T06:00:14Z
kentico.com,https://plaintextoffenders.com/post/42273679490/kenticocom-cms-software-while-the-kentico,2013-02-04T14:00:32Z
sendoutcards.com,https://plaintextoffenders.com/post/42338178791/sendoutcardscom-e-greeting-cards-password-reset,2013-02-05T06:00:23Z
express.com,https://plaintextoffenders.com/post/42352515354/expresscom-clothing-store,2013-02-05T14:00:39Z
elfontheshelf.com,https://plaintextoffenders.com/post/42413730195/elfontheshelfcom-book-companion-site-who-would,2013-02-06T06:00:25Z
thelevelup.com,https://plaintextoffenders.com/post/42503123922/thelevelupcom-mobile-payment-system-when-you,2013-02-07T14:00:52Z
rawcomedy.se,https://plaintextoffenders.com/post/42565279131/rawcomedyse-comedy-club-after-registering-i,2013-02-08T06:00:32Z
muxi.com,https://plaintextoffenders.com/post/42580064172/muxicom-professional-social-network-they-drop,2013-02-08T14:00:43Z
protectetyourbubble.com,https://plaintextoffenders.com/post/42646164616/protectetyourbubblecom-insurance-agency-they,2013-02-09T06:00:30Z
masteringphysics.com,https://plaintextoffenders.com/post/42662917465/masteringphysicscom-physics-homework-system-i,2013-02-09T14:00:46Z
terminix.com,https://plaintextoffenders.com/post/42732186446/terminixcom-pest-control-service-terminix-has-a,2013-02-10T06:00:40Z
ricall.com,https://plaintextoffenders.com/post/42750695953/ricallcom-commercial-music-licensing-when,2013-02-10T14:00:53Z
toppers.ca,https://plaintextoffenders.com/post/42824418996/topperscom-toppersca-pizza-delivery-toppers,2013-02-11T06:00:32Z
toppers.com,https://plaintextoffenders.com/post/42824418996/topperscom-toppersca-pizza-delivery-toppers,2013-02-11T06:00:32Z
gamesplanet.com,https://plaintextoffenders.com/post/42840960530/gamesplanetcom-online-computer-game-shop,2013-02-11T14:00:48Z
flipperhost.com,https://plaintextoffenders.com/post/42908196121/flipperhostcom-website-and-vps-hosting,2013-02-12T06:00:32Z
snowbomb.com,https://plaintextoffenders.com/post/42923471924/snowbombcom-skiing-and-snowboarding-guide,2013-02-12T14:00:50Z
myhaircare.com.au,https://plaintextoffenders.com/post/42985690865/myhaircarecomau-hair-care-products-we-care-for,2013-02-13T06:00:33Z
axparis.co.uk,https://plaintextoffenders.com/post/43000592994/axpariscouk-fashion-store-ax-paris-were-kind,2013-02-13T14:00:34Z
netto.tijd.be,https://plaintextoffenders.com/post/43061975304/nettotijdbe-finance-and-economy-newspaper,2013-02-14T06:00:37Z
smartphoto.be,https://plaintextoffenders.com/post/43075826900/smartphotobe-photo-printing-shop,2013-02-14T14:00:30Z
conferocompass.com,https://plaintextoffenders.com/post/43132811986/conferoinccom-conferocompasscom-mystery,2013-02-15T06:00:14Z
conferoinc.com,https://plaintextoffenders.com/post/43132811986/conferoinccom-conferocompasscom-mystery,2013-02-15T06:00:14Z
fidelity.com,https://plaintextoffenders.com/post/43146895656/fidelitycom-online-trading-brokerage-they-have,2013-02-15T14:00:26Z
forum.digsby.com,https://plaintextoffenders.com/post/43208185916/forumdigsbycom-forum-for-digsby-multi-service,2013-02-16T06:00:30Z
thesamba.com,https://plaintextoffenders.com/post/43224377774/thesambacom-forum-about-classic-volkswagens,2013-02-16T14:00:43Z
cw-jobs.co.uk,https://plaintextoffenders.com/post/43291415855/cw-jobscouk-it-jobs-site-they-should-know,2013-02-17T06:00:26Z
appalachianpower.com,https://plaintextoffenders.com/post/43309275783/appalachianpowercom-energy-usage-reduction-tips,2013-02-17T14:00:43Z
outofprintclothing.com,https://plaintextoffenders.com/post/43381217143/outofprintclothingcom-book-themed-apparel-to,2013-02-18T06:00:21Z
filmsforaction.com,https://plaintextoffenders.com/post/43397927217/filmsforactioncom-community-powered-video-news,2013-02-18T14:00:35Z
shogunaudio.co.uk,https://plaintextoffenders.com/post/43469308727/shogunaudiocouk-record-label,2013-02-19T06:00:34Z
poweryourtrade.moneycontrol.com,https://plaintextoffenders.com/post/43484764252/poweryourtradecom,2013-02-19T14:00:47Z
poweryourtrade.com,https://plaintextoffenders.com/post/43484764252/poweryourtradecom,2013-02-19T14:00:47Z
waterstones.com,https://plaintextoffenders.com/post/43488718906/waterstonescom-book-retailer,2013-02-19T15:37:58Z
spaceworld.no,https://plaintextoffenders.com/post/43549616888/spaceworldno-multimedia-chain-store,2013-02-20T06:00:26Z
220triathlon.com,https://plaintextoffenders.com/post/43564512489/220triathloncom-triathlon-magazine,2013-02-20T14:00:36Z
ada.org,https://plaintextoffenders.com/post/43628764689/adaorg-dentists-association,2013-02-21T06:00:28Z
beersofeurope.co.uk,https://plaintextoffenders.com/post/43706908760/beersofeuropecouk-online-alcohol-store,2013-02-22T06:00:28Z
makeupalley.com,https://plaintextoffenders.com/post/43721866365/makeupalleycom-cosmetics-centric-community,2013-02-22T14:00:36Z
artsmia.org,https://plaintextoffenders.com/post/43784967154/artsmiaorg-minneapolis-institute-of-arts-sends,2013-02-23T06:00:32Z
highstreetvouchers.com,https://plaintextoffenders.com/post/43801629165/highstreetvoucherscom-gift-vouchers-and-cards,2013-02-23T14:00:44Z
supergadgets.org,https://plaintextoffenders.com/post/43871473719/supergadgetsorg-store-for-toys-tech,2013-02-24T06:00:13Z
staples.ca,https://plaintextoffenders.com/post/43890394481/staplesca-office-supplies-you-see-this-when-you,2013-02-24T14:00:32Z
beyondmenu.com,https://plaintextoffenders.com/post/43966853784/beyondmenucom-online-food-ordering,2013-02-25T06:00:26Z
pasthorizonstools.com,https://plaintextoffenders.com/post/43982390402/pasthorizonscom-pasthorizonstoolscom,2013-02-25T14:00:41Z
pasthorizons.com,https://plaintextoffenders.com/post/43982390402/pasthorizonscom-pasthorizonstoolscom,2013-02-25T14:00:41Z
rechargeitnow.com,https://plaintextoffenders.com/post/44047044263/rechargeitnowcom-online-recharge-of-several,2013-02-26T06:00:13Z
medisave.net,https://plaintextoffenders.com/post/44061348741/medisavenet-medical-supplies-found-this-when-i,2013-02-26T14:00:25Z
cbtnuggets.com,https://plaintextoffenders.com/post/44139313938/cbtnuggetscom-it-video-training-the-password-is,2013-02-27T14:00:39Z
swagbucks.com,https://plaintextoffenders.com/post/44202878074/swagbuckscom-online-rewards-site,2013-02-28T06:00:18Z
shape5.com,https://plaintextoffenders.com/post/44216971270/shape5com-website-templates,2013-02-28T14:00:38Z
contractorumbrella.com,https://plaintextoffenders.com/post/44278864646/contractorumbrellacom-contractors-umbrella,2013-03-01T06:00:16Z
korvue.rescuerittenhousespa.com,https://plaintextoffenders.com/post/44292914533/korvuerescuerittenhousespacom-online-storefront,2013-03-01T14:00:34Z
photobox.se,https://plaintextoffenders.com/post/44352378242/photoboxse-photo-print-shop-on-top-of-this-they,2013-03-02T06:00:36Z
jasonsdeli.com,https://plaintextoffenders.com/post/44368618813/jasonsdelicom-restaurant-and-caterers,2013-03-02T14:00:48Z
testallmedia.com,https://plaintextoffenders.com/post/44435535177/testallmediacom-radio-feedback-websites,2013-03-03T06:00:14Z
payproglobal.com,https://plaintextoffenders.com/post/44443855386/payproglobalcom-credit-card-payment-processor,2013-03-03T09:35:20Z
pinger.com,https://plaintextoffenders.com/post/44444346830/pingercom-free-text-messages-and-calls-app-id,2013-03-03T09:52:57Z
2freehosting.com,https://plaintextoffenders.com/post/44452835583/2freehostingcom-web-hosts,2013-03-03T14:00:30Z
sendtoreader.com,https://plaintextoffenders.com/post/44525304902/sendtoreadercom-kindle-subscription-service,2013-03-04T06:00:12Z
infrenion.com,https://plaintextoffenders.com/post/44539971375/infrenioncom-web-hosting,2013-03-04T14:00:34Z
makershed.com,https://plaintextoffenders.com/post/44603609700/makershedcom-diyers-shop-youd-like-to-think-a,2013-03-05T06:00:40Z
bathstore.com,https://plaintextoffenders.com/post/44690705521/bathstorecom-online-bathroom-suite-store,2013-03-06T06:00:13Z
americangreetings.com,https://plaintextoffenders.com/post/44705096383/americangreetingscom-ecards-also-note-the,2013-03-06T14:00:27Z
igive.com,https://plaintextoffenders.com/post/44768827300/igivecom-charity-donation-utility,2013-03-07T06:00:16Z
kink.com,https://plaintextoffenders.com/post/44782938023/kinkcom-sexual-fetish-videos,2013-03-07T14:00:29Z
hoepli.it,https://plaintextoffenders.com/post/44844245427/hoepliit-online-bookshop,2013-03-08T06:00:15Z
mynwpsc.com,https://plaintextoffenders.com/post/44851751916/nwpsccom-mynwpsccom-online-payment-for-utility,2013-03-08T10:00:18Z
nwpsc.com,https://plaintextoffenders.com/post/44851751916/nwpsccom-mynwpsccom-online-payment-for-utility,2013-03-08T10:00:18Z
sonovente.com,https://plaintextoffenders.com/post/44863906848/sonoventecom-pro-audio-site-thank-you-for,2013-03-08T16:00:54Z
zbigz.com,https://plaintextoffenders.com/post/44912853270/zbigzcom-online-bittorrent-client-happens-after,2013-03-09T04:00:46Z
btclot.com,https://plaintextoffenders.com/post/44929132698/btclotcom-bitcoin-funded-vpsvpn-services,2013-03-09T10:00:13Z
onlineprepaidcallingcard.com,https://plaintextoffenders.com/post/44944076072/onlineprepaidcallingcardcom-prepaid-calling,2013-03-09T16:00:27Z
southwestvacations.com,https://plaintextoffenders.com/post/44996134125/southwestvacationscom-airline-vacation-bundles,2013-03-10T04:00:35Z
elegantsteps.co.uk,https://plaintextoffenders.com/post/45014102007/elegantstepscouk-wedding-shoes,2013-03-10T10:00:33Z
everydayrewards.com.au,https://plaintextoffenders.com/post/45029870508/everydayrewardscomau-credit-cards-reward,2013-03-10T16:00:51Z
grepolis.com,https://plaintextoffenders.com/post/45087055513/grepoliscom-browser-based-game-grepolis-spent,2013-03-11T04:00:23Z
lasc.org,https://plaintextoffenders.com/post/45101811293/lascorg-student-organization-the-law-school,2013-03-11T10:00:28Z
skolefoto.dk,https://plaintextoffenders.com/post/45113842503/skolefotodk-school-photos,2013-03-11T16:01:02Z
mikogo.com,https://plaintextoffenders.com/post/45167305467/mikogocom-remote-desktop-tool,2013-03-12T04:00:42Z
gscmembers.com.my,https://plaintextoffenders.com/post/45181351968/gsccommy-gscmemberscommy-cinema-multiplex,2013-03-12T10:00:28Z
gsc.com.my,https://plaintextoffenders.com/post/45181351968/gsccommy-gscmemberscommy-cinema-multiplex,2013-03-12T10:00:28Z
japanesepod101.com,https://plaintextoffenders.com/post/45193608945/japanesepod101com-japanese-lessons-their,2013-03-12T16:01:17Z
newscientist.com,https://plaintextoffenders.com/post/45245945724/newscientistcom-science-magazine,2013-03-13T04:00:42Z
fragrancex.com,https://plaintextoffenders.com/post/45259660122/fragrancexcom-fragrances-store,2013-03-13T10:00:25Z
profile.adaptec.com,https://plaintextoffenders.com/post/45271802239/profileadapteccom-myadaptec-worldwide-support,2013-03-13T16:01:03Z
iloveyouraccent.com,https://plaintextoffenders.com/post/45322909064/iloveyouraccentcom-dating-website,2013-03-14T04:00:41Z
iss.net,https://plaintextoffenders.com/post/45336228670/issnet-ibm-internet-security-systems-you-can,2013-03-14T10:00:49Z
gpodder.net,https://plaintextoffenders.com/post/45348140500/gpoddernet-podcast-discovery-and-subscription,2013-03-14T16:01:10Z
fusioncharts.com,https://plaintextoffenders.com/post/45398157339/fusionchartscom-software-components-mailed-to,2013-03-15T04:00:27Z
vpsfx.com,https://plaintextoffenders.com/post/45411161286/vpsfxcom-virtual-hosting-providers-i-was-going,2013-03-15T10:00:00Z
hdtracks.com,https://plaintextoffenders.com/post/45423449314/hdtrackscom-music-downloads-theyre-similar-to,2013-03-15T16:01:10Z
planit.com,https://plaintextoffenders.com/post/45473332844/planitcom-software-developers,2013-03-16T04:00:37Z
hotelplanner.com,https://plaintextoffenders.com/post/45488151887/hotelplannercom-group-travel-planning-they,2013-03-16T10:00:45Z
shl.com,https://plaintextoffenders.com/post/45504224889/select2performcom-shlcom-proficiency-testing,2013-03-16T16:01:25Z
select2perform.com,https://plaintextoffenders.com/post/45504224889/select2performcom-shlcom-proficiency-testing,2013-03-16T16:01:25Z
maisonsdumonde.com,https://plaintextoffenders.com/post/45557133261/maisonsdumondecom-home-furniture-and-decoration,2013-03-17T04:00:18Z
diamondsystems.com,https://plaintextoffenders.com/post/45574219904/diamondsystemsch-diamondsystemscom-ruggedized,2013-03-17T10:00:35Z
diamondsystems.ch,https://plaintextoffenders.com/post/45574219904/diamondsystemsch-diamondsystemscom-ruggedized,2013-03-17T10:00:35Z
appdb.winehq.org,https://plaintextoffenders.com/post/45591259908/appdbwinehqorg-software-compatibility-list-im,2013-03-17T16:01:09Z
blockbuster.co.uk,https://plaintextoffenders.com/post/45650005601/blockbustercouk-movie-rentals-blockbuster,2013-03-18T04:00:26Z
softwareload.de,https://plaintextoffenders.com/post/45664355179/softwareloadde-software-marketplace-for-a-test,2013-03-18T10:00:40Z
bountyadventures.com,https://plaintextoffenders.com/post/45677448354/bountyadventurescom-sailing-snorkeling-trips,2013-03-18T16:01:23Z
share-online.biz,https://plaintextoffenders.com/post/45733173354/share-onlinebiz-file-sharing-service,2013-03-19T04:00:28Z
iptel.org,https://plaintextoffenders.com/post/45746776434/iptelorg-ip-telecommunications-portal,2013-03-19T10:00:40Z
dim.fr,https://plaintextoffenders.com/post/45760059297/dimfr-fashion-brand,2013-03-19T16:01:05Z
cervin-store.com,https://plaintextoffenders.com/post/45813497813/cervin-storecom-fashion-brand,2013-03-20T04:00:17Z
kpopmart.com,https://plaintextoffenders.com/post/45826799087/kpopmartcom-korean-merchandise-international,2013-03-20T10:00:37Z
batteryupgrade.se,https://plaintextoffenders.com/post/45839575641/batteryupgradecom-batteryupgradese-replacement,2013-03-20T16:01:01Z
batteryupgrade.com,https://plaintextoffenders.com/post/45839575641/batteryupgradecom-batteryupgradese-replacement,2013-03-20T16:01:01Z
prometheanplanet.com,https://plaintextoffenders.com/post/45891953087/prometheanplanetcom-interactive-whiteboards-for,2013-03-21T04:00:32Z
jayconsystems.com,https://plaintextoffenders.com/post/45904807536/jayconsystemscom-electronics-company-place-an,2013-03-21T10:00:47Z
jurysinns.com,https://plaintextoffenders.com/post/45917433715/jurysinnscom-hotel-chains-loyalty-card-scheme,2013-03-21T16:01:02Z
laridian.com,https://plaintextoffenders.com/post/45969257601/laridiancom-bible-software,2013-03-22T04:00:40Z
cfemedia.com,https://plaintextoffenders.com/post/45982237080/cfemediacom-industrial-trade-publications,2013-03-22T10:00:26Z
e-miles.com,https://plaintextoffenders.com/post/45995702155/e-milescom-frequent-flyer-programs-not-sure-if,2013-03-22T16:01:12Z
feelgoodcontacts.com,https://plaintextoffenders.com/post/46046680025/feelgoodcontactscom-contact-lenses-shop-i,2013-03-23T04:00:28Z
frankonia.de,https://plaintextoffenders.com/post/46061547784/frankoniade-hunters-fashion,2013-03-23T10:00:37Z
brax.com,https://plaintextoffenders.com/post/46078544831/braxcom-clothing-manufacturer-i-send-them-an,2013-03-23T16:01:11Z
freshcorner.fr,https://plaintextoffenders.com/post/46132620290/freshcornerfr-online-vegetables-shop,2013-03-24T04:00:27Z
mylanguageexchange.com,https://plaintextoffenders.com/post/46149402888/mylanguageexchangecom-language-learning-site,2013-03-24T10:00:40Z
livemixtapes.com,https://plaintextoffenders.com/post/46166723687/livemixtapescom-music-sharing-community,2013-03-24T16:01:23Z
clubmed.com,https://plaintextoffenders.com/post/46226534919/clubmedcom-travel-website,2013-03-25T04:00:00Z
misterhost.de,https://plaintextoffenders.com/post/46241656499/misterhostde-web-hosts,2013-03-25T10:00:47Z
rigb.org,https://plaintextoffenders.com/post/46256199810/rigborg-science-charity-not-only-do-they-email,2013-03-25T16:01:17Z
syspro.com,https://plaintextoffenders.com/post/46313204399/sysprocom-erp-vendor-i-saw-this-when-i-signed,2013-03-26T04:00:24Z
surecheck.net,https://plaintextoffenders.com/post/46327739207/surechecknet-aviation-checklists,2013-03-26T10:00:34Z
abc.net.au,https://plaintextoffenders.com/post/46341886490/abcnetau-government-funded-broadcaster-was,2013-03-26T16:01:25Z
thechillipicklecanteen.com,https://plaintextoffenders.com/post/46396965146/thechillipicklecanteencom-indian-restaurant,2013-03-27T04:00:29Z
mathxlforschool.com,https://plaintextoffenders.com/post/46411741693/mathxlforschoolcom-online-resources-for,2013-03-27T10:00:41Z
deathbycaptcha.com,https://plaintextoffenders.com/post/46416187757/deathbycaptchacom-automatic-captcha-resolving,2013-03-27T12:24:24Z
onlandscape.co.uk,https://plaintextoffenders.com/post/46430289147/onlandscapecouk-online-magazine-for-landscape,2013-03-27T17:12:23Z
planetcalypsoforum.com,https://plaintextoffenders.com/post/46475887807/planetcalypsoforumcom-community-run-forum-for,2013-03-28T02:48:30Z
virgintrains.co.uk,https://plaintextoffenders.com/post/46492618952/virgintrainscouk-train-tickets-and-timetables,2013-03-28T07:36:33Z
kununu.com,https://plaintextoffenders.com/post/46501013679/kununucom-employer-review-site-i-clicked-the,2013-03-28T12:24:11Z
pubfactory.com,https://plaintextoffenders.com/post/46516134157/oxfordscholarshipcom-pubfactorycom-research,2013-03-28T17:12:17Z
oxfordscholarship.com,https://plaintextoffenders.com/post/46516134157/oxfordscholarshipcom-pubfactorycom-research,2013-03-28T17:12:17Z
sage.co.uk,https://plaintextoffenders.com/post/46560521977/sagecouk-software-developers-today-i-received,2013-03-29T02:48:14Z
hoover.com,https://plaintextoffenders.com/post/46578319273/hoovercom-vacuum-cleaners-hoover-and,2013-03-29T07:36:11Z
proxpn.com,https://plaintextoffenders.com/post/46586895845/proxpncom-vpn-providers,2013-03-29T12:24:15Z
ishoe.co.uk,https://plaintextoffenders.com/post/46604318258/ishoecouk-shoe-shop,2013-03-29T17:12:33Z
granburyrs.com,https://plaintextoffenders.com/post/46632572930/letsgetnet-granburyrscom-food-ordering,2013-03-30T01:48:24Z
letsget.net,https://plaintextoffenders.com/post/46632572930/letsgetnet-granburyrscom-food-ordering,2013-03-30T01:48:24Z
apec.fr,https://plaintextoffenders.com/post/46654249225/apecfr-business-association-when-creating-an,2013-03-30T06:36:19Z
tolly.com,https://plaintextoffenders.com/post/46663588589/tollycom-it-testing-and-certification-the-tolly,2013-03-30T11:24:30Z
eclipse.net.uk,https://plaintextoffenders.com/post/46678542978/eclipsenetuk-broadband-isp-they-have-stored,2013-03-30T16:12:25Z
shadowserver.org,https://plaintextoffenders.com/post/46720914961/shadowserverorg-internet-security-information,2013-03-31T01:48:22Z
portmerch.com,https://plaintextoffenders.com/post/46741369359/portmerchcom-music-merchandise-platform,2013-03-31T06:36:20Z
textmagic.com,https://plaintextoffenders.com/post/46765321521/textmagiccom-sms-gateway-for-application,2013-03-31T16:12:27Z
gaming.fi,https://plaintextoffenders.com/post/46810725500/gamingfi-gaming-site,2013-04-01T01:48:13Z
firstfedevansville.com,https://plaintextoffenders.com/post/46830804764/firstfedevansvillecom-bank-of-all-the-places-to,2013-04-01T06:36:35Z
ip2location.com,https://plaintextoffenders.com/post/46840006628/ip2locationcom-ip-geo-location,2013-04-01T11:24:11Z
wacom.com,https://plaintextoffenders.com/post/46855123325/wacomcom-interactive-pen-displays-and-digital,2013-04-01T16:12:16Z
aepohio.com,https://plaintextoffenders.com/post/46901060694/aepohiocom-electric-power-company,2013-04-02T01:48:30Z
rgjournals.com,https://plaintextoffenders.com/post/46920452336/rgjournalscom-research-journals,2013-04-02T06:36:29Z
cxrus.com,https://plaintextoffenders.com/post/46929363610/ticketboothcomsg-cxruscom-tickets-for-events,2013-04-02T11:24:35Z
ticketbooth.com.sg,https://plaintextoffenders.com/post/46929363610/ticketboothcomsg-cxruscom-tickets-for-events,2013-04-02T11:24:35Z
sistic.com,https://plaintextoffenders.com/post/46942607235/sisticcom-tickets-for-events,2013-04-02T16:12:26Z
laphroaig.com,https://plaintextoffenders.com/post/46986557412/laphroaigcom-whiskey-makers,2013-04-03T01:48:18Z
adafruit.com,https://plaintextoffenders.com/post/47006803210/adafruitcom-diy-electronics-and-kits,2013-04-03T06:36:00Z
inpi.fr,https://plaintextoffenders.com/post/47015756486/inpifr-intellectual-property-government-office,2013-04-03T11:24:19Z
darkcryo.com,https://plaintextoffenders.com/post/47028845010/darkcryocom-game-development-project,2013-04-03T16:12:16Z
poker-heroes.com,https://plaintextoffenders.com/post/47072247571/poker-heroescom-online-poker-ranking-site-its,2013-04-04T01:48:24Z
tickets-scotland.com,https://plaintextoffenders.com/post/47091975031/tickets-scotlandcom-ticket-sale-website,2013-04-04T06:36:23Z
trackmaniaforever.com,https://plaintextoffenders.com/post/47100880190/trackmaniaforevercom-online-racing-game-went-to,2013-04-04T11:24:38Z
werzahltmehr.de,https://plaintextoffenders.com/post/47113783463/werzahltmehrde-a-used-media-reselling-service,2013-04-04T16:12:26Z
myitlab.com,https://plaintextoffenders.com/post/47156700697/myitlabcom-resource-for-students-my-college,2013-04-05T01:48:11Z
888.com,https://plaintextoffenders.com/post/47176139277/888pokercom-888com-on-line-poker-room,2013-04-05T06:36:15Z
888poker.com,https://plaintextoffenders.com/post/47176139277/888pokercom-888com-on-line-poker-room,2013-04-05T06:36:15Z
alliedelec.com,https://plaintextoffenders.com/post/47184808202/alliedeleccom-distributor-of-electronic,2013-04-05T11:24:31Z
totaljerkface.com,https://plaintextoffenders.com/post/47198005994/totaljerkfacecom-site-for-rating-and-creating,2013-04-05T16:12:23Z
bigcrumbs.com,https://plaintextoffenders.com/post/47239116818/bigcrumbscom-cash-back-shopping-portal,2013-04-06T01:48:31Z
projectpayday.com,https://plaintextoffenders.com/post/47258768909/projectpaydaycom-scam-requires-3rd-party-trial,2013-04-06T06:36:34Z
yubico.com,https://plaintextoffenders.com/post/47268058177/yubicocom-hardware-based-authentication-yubico,2013-04-06T11:24:38Z
dmv.ca.gov,https://plaintextoffenders.com/post/47283215304/dmvcagov-california-department-of-motor,2013-04-06T16:12:34Z
phonelocatorpro.com,https://plaintextoffenders.com/post/47326295692/phonelocatorprocom-remote-control-fro-android,2013-04-07T01:48:27Z
printercartridges.com.au,https://plaintextoffenders.com/post/47346865368/printercartridgescomau-online-printer-ink,2013-04-07T06:36:31Z
sandbag.uk.com,https://plaintextoffenders.com/post/47357438444/sandbagukcom-tour-merchandise-on-account,2013-04-07T11:24:34Z
groundsforchange.com,https://plaintextoffenders.com/post/47373398657/groundsforchangecom-fair-trade-coffee,2013-04-07T16:12:28Z
instadebit.com,https://plaintextoffenders.com/post/47421562715/instadebitcom-online-payments,2013-04-08T01:48:20Z
syncfusion.com,https://plaintextoffenders.com/post/47441089021/syncfusioncom-ui-reporting-and-bi-component,2013-04-08T06:36:19Z
kortinfo.no,https://plaintextoffenders.com/post/47449961855/kortinfono-dnbs-bank-credit-card-transaction,2013-04-08T11:24:14Z
find-a-crew.net,https://plaintextoffenders.com/post/47462547372/find-a-crewnet-match-making-site-for-boat-owners,2013-04-08T16:12:26Z
afrihost.co.za,https://plaintextoffenders.com/post/47505307153/afrihostcom-afrihostcoza-isp,2013-04-09T01:48:35Z
afrihost.com,https://plaintextoffenders.com/post/47505307153/afrihostcom-afrihostcoza-isp,2013-04-09T01:48:35Z
kpntravels.in,https://plaintextoffenders.com/post/47524294804/kpntravelsin-online-bus-ticket-booking,2013-04-09T06:36:34Z
nyssa.org,https://plaintextoffenders.com/post/47532634492/nyssaorg-forum-for-investment-professionals,2013-04-09T11:24:40Z
equityapartments.com,https://plaintextoffenders.com/post/47545131649/equityapartmentscom-apartment-complex-website,2013-04-09T16:12:20Z
arlingtonva.us,https://plaintextoffenders.com/post/47586600558/arlingtonvaus-city-of-arlington-virginia,2013-04-10T01:48:20Z
subway.co.nz,https://plaintextoffenders.com/post/47605313729/subwayconz-sandwich-shops-online-ordering,2013-04-10T06:36:26Z
phigam.org,https://plaintextoffenders.com/post/47613520662/phigamorg-international-fraternity,2013-04-10T11:24:24Z
teekult.ch,https://plaintextoffenders.com/post/47626139149/teekultch-online-tea-shop,2013-04-10T16:12:35Z
webeyecare.com,https://plaintextoffenders.com/post/47686174811/webeyecarecom-prescription-contact-lenses-id,2013-04-11T06:36:30Z
aynax.com,https://plaintextoffenders.com/post/47694221684/aynaxcom-online-invoicing-lo-and-behold-my,2013-04-11T11:24:29Z
questar.com,https://plaintextoffenders.com/post/47748054670/questarcom-gas-utilities,2013-04-12T01:48:23Z
coyotesystems.co.uk,https://plaintextoffenders.com/post/47766256269/moncoyotecom-coyotesystemscouk-speed-camera,2013-04-12T06:36:30Z
moncoyote.com,https://plaintextoffenders.com/post/47766256269/moncoyotecom-coyotesystemscouk-speed-camera,2013-04-12T06:36:30Z
x-cart.com,https://plaintextoffenders.com/post/47774272607/flowtoyscom-x-cartcom-illuminated-activities,2013-04-12T11:24:38Z
flowtoys.com,https://plaintextoffenders.com/post/47774272607/flowtoyscom-x-cartcom-illuminated-activities,2013-04-12T11:24:38Z
cv-library.co.uk,https://plaintextoffenders.com/post/47787205180/cv-librarycouk-jobs-board-well-done-not,2013-04-12T16:12:19Z
splash.co.nz,https://plaintextoffenders.com/post/47827425519/splashconz-dive-shop,2013-04-13T01:48:30Z
merchdirect.com,https://plaintextoffenders.com/post/47855882463/merchdirectcom-music-merchandise-service,2013-04-13T11:24:36Z
freeonlinesurveys.com,https://plaintextoffenders.com/post/47871760199/freeonlinesurveyscom-online-surveys-creation,2013-04-13T16:12:26Z
uvabookstores.com,https://plaintextoffenders.com/post/47914435595/uvabookstorescom-university-bookstore,2013-04-14T01:48:22Z
chessgames.com,https://plaintextoffenders.com/post/47934264101/chessgamescom-chess-database-and-community,2013-04-14T06:36:21Z
boingdragon.com,https://plaintextoffenders.com/post/47944746306/boingdragoncom-web-counters,2013-04-14T11:24:19Z
realestate.com.au,https://plaintextoffenders.com/post/47960741156/realestatecomau-real-estate-search-engine,2013-04-14T16:12:25Z
nct.org.uk,https://plaintextoffenders.com/post/48007425702/nctorguk-charity,2013-04-15T01:48:18Z
qdoscontractor.com,https://plaintextoffenders.com/post/48026146343/qdoscontractorcom-contractor-insurance-when-i,2013-04-15T06:36:22Z
balfourshop.com,https://plaintextoffenders.com/post/48034296630/balfourshopcom-high-school-clothing-and,2013-04-15T11:24:37Z
streammygame.com,https://plaintextoffenders.com/post/48046613935/streammygamecom-game-recording-and-streaming,2013-04-15T16:12:36Z
ben.nl,https://plaintextoffenders.com/post/48094896358/bennl-cellphone-provider,2013-04-16T03:10:11Z
firstfederalbanking.com,https://plaintextoffenders.com/post/48106798575/firstfederalbankingcom-bank-first-federal,2013-04-16T06:36:33Z
simply-docs.co.uk,https://plaintextoffenders.com/post/48114319906/simply-docscouk-legal-document-templates,2013-04-16T11:24:30Z
hcareers.ca,https://plaintextoffenders.com/post/48126227930/hcareersca-hospitality-job-board-doing-some-job,2013-04-16T16:12:21Z
jabong.com,https://plaintextoffenders.com/post/48166840755/jabongcom-shopping-site,2013-04-17T01:48:28Z
net10.com,https://plaintextoffenders.com/post/48185200101/net10com-wireless-isp-as-a-bonus-i-never-gave,2013-04-17T06:36:29Z
stemnet.org.uk,https://plaintextoffenders.com/post/48192805409/stemnetorguk-volunteer-program-stemnet-is-a,2013-04-17T11:24:30Z
imcreator.com,https://plaintextoffenders.com/post/48204911768/imcreatorcom-website-generator-clicked-the-i,2013-04-17T16:12:28Z
esecuredata.com,https://plaintextoffenders.com/post/48245543334/esecuredatacom-web-hosting-top-image-is-the,2013-04-18T01:48:31Z
koganmobile.com.au,https://plaintextoffenders.com/post/48263761103/kogancom-koganmobilecomau-cell-service,2013-04-18T06:36:14Z
kogan.com,https://plaintextoffenders.com/post/48263761103/kogancom-koganmobilecomau-cell-service,2013-04-18T06:36:14Z
winner.co.il,https://plaintextoffenders.com/post/48271339931/winnercoil-sports-betting-forgot-password,2013-04-18T11:24:15Z
agreementexpress.net,https://plaintextoffenders.com/post/48283404384/agreementexpressnet-online-contract-signing,2013-04-18T16:12:37Z
shopsavvy.com,https://plaintextoffenders.com/post/48324099671/shopsavvycom-ecommerce-application,2013-04-19T01:48:14Z
istudentapp.com,https://plaintextoffenders.com/post/48342249154/istudentprocom-istudentappcom-calendar-app-for,2013-04-19T06:36:14Z
istudentpro.com,https://plaintextoffenders.com/post/48342249154/istudentprocom-istudentappcom-calendar-app-for,2013-04-19T06:36:14Z
firstin.co.nz,https://plaintextoffenders.com/post/48349798382/firstinconz-daily-deals-site-they-display-your,2013-04-19T11:24:11Z
bilgalleri.dk,https://plaintextoffenders.com/post/48362218769/bilgalleridk-community-for-car-enthusiasts-i,2013-04-19T16:12:26Z
tzohar.org.il,https://plaintextoffenders.com/post/48402059616/tzoharorgil-rabbinical-institution-from-their,2013-04-20T01:48:19Z
marksandspencerpersonalised.com,https://plaintextoffenders.com/post/48420971727/marksandspencerpersonalisedcom-personalized,2013-04-20T06:36:24Z
frys.com,https://plaintextoffenders.com/post/48430016331/fryscom-electronics-shop,2013-04-20T11:24:18Z
subtledata.com,https://plaintextoffenders.com/post/48445554859/subtledatacom-payment-processor-for-the,2013-04-20T16:12:20Z
apply.eu,https://plaintextoffenders.com/post/48486736217/applyeu-work-visa-application,2013-04-21T01:48:19Z
uline.com,https://plaintextoffenders.com/post/48505886597/ulinecom-shipping-and-packaging-materials-this,2013-04-21T06:36:21Z
wokinfo.com,https://plaintextoffenders.com/post/48516217113/webofknowledgecom-wokinfocom-research-platform,2013-04-21T11:24:32Z
webofknowledge.com,https://plaintextoffenders.com/post/48516217113/webofknowledgecom-wokinfocom-research-platform,2013-04-21T11:24:32Z
intego.com,https://plaintextoffenders.com/post/48532639548/integocom-antivirus-and-security-products,2013-04-21T16:12:28Z
uopeople.org,https://plaintextoffenders.com/post/48578506949/uopeopleorg-non-profit-academic-institution,2013-04-22T01:48:35Z
careerweb.co.za,https://plaintextoffenders.com/post/48597764829/careerwebcoza-it-financial-and-engineering,2013-04-22T06:36:33Z
indiegogo.com,https://plaintextoffenders.com/post/48605897954/indiegogocom-crowdfunding-platform,2013-04-22T11:24:39Z
eyebuydirect.com,https://plaintextoffenders.com/post/48618163051/eyebuydirectcom-wholesale-eyewear-vendor,2013-04-22T16:12:34Z
southafricancupid.com,https://plaintextoffenders.com/post/48660264345/cupidmediacom-colombiancupidcom,2013-04-23T01:48:17Z
singaporelovelinks.com,https://plaintextoffenders.com/post/48660264345/cupidmediacom-colombiancupidcom,2013-04-23T01:48:17Z
iraniansinglesconnection.com,https://plaintextoffenders.com/post/48660264345/cupidmediacom-colombiancupidcom,2013-04-23T01:48:17Z
hongkongcupid.com,https://plaintextoffenders.com/post/48660264345/cupidmediacom-colombiancupidcom,2013-04-23T01:48:17Z
aussiecupid.com.au,https://plaintextoffenders.com/post/48660264345/cupidmediacom-colombiancupidcom,2013-04-23T01:48:17Z
muslima.com,https://plaintextoffenders.com/post/48660264345/cupidmediacom-colombiancupidcom,2013-04-23T01:48:17Z
christiancupid.com,https://plaintextoffenders.com/post/48660264345/cupidmediacom-colombiancupidcom,2013-04-23T01:48:17Z
interracialcupid.com,https://plaintextoffenders.com/post/48660264345/cupidmediacom-colombiancupidcom,2013-04-23T01:48:17Z
singleparentlove.com,https://plaintextoffenders.com/post/48660264345/cupidmediacom-colombiancupidcom,2013-04-23T01:48:17Z
militarycupid.com,https://plaintextoffenders.com/post/48660264345/cupidmediacom-colombiancupidcom,2013-04-23T01:48:17Z
bbwcupid.com,https://plaintextoffenders.com/post/48660264345/cupidmediacom-colombiancupidcom,2013-04-23T01:48:17Z
pinkcupid.com,https://plaintextoffenders.com/post/48660264345/cupidmediacom-colombiancupidcom,2013-04-23T01:48:17Z
gaycupid.com,https://plaintextoffenders.com/post/48660264345/cupidmediacom-colombiancupidcom,2013-04-23T01:48:17Z
ukrainedate.com,https://plaintextoffenders.com/post/48660264345/cupidmediacom-colombiancupidcom,2013-04-23T01:48:17Z
russiancupid.com,https://plaintextoffenders.com/post/48660264345/cupidmediacom-colombiancupidcom,2013-04-23T01:48:17Z
mexicancupid.com,https://plaintextoffenders.com/post/48660264345/cupidmediacom-colombiancupidcom,2013-04-23T01:48:17Z
latinamericancupid.com,https://plaintextoffenders.com/post/48660264345/cupidmediacom-colombiancupidcom,2013-04-23T01:48:17Z
dominicancupid.com,https://plaintextoffenders.com/post/48660264345/cupidmediacom-colombiancupidcom,2013-04-23T01:48:17Z
caribbeancupid.com,https://plaintextoffenders.com/post/48660264345/cupidmediacom-colombiancupidcom,2013-04-23T01:48:17Z
brazilcupid.com,https://plaintextoffenders.com/post/48660264345/cupidmediacom-colombiancupidcom,2013-04-23T01:48:17Z
vietnamcupid.com,https://plaintextoffenders.com/post/48660264345/cupidmediacom-colombiancupidcom,2013-04-23T01:48:17Z
thailovelinks.com,https://plaintextoffenders.com/post/48660264345/cupidmediacom-colombiancupidcom,2013-04-23T01:48:17Z
indonesiancupid.com,https://plaintextoffenders.com/post/48660264345/cupidmediacom-colombiancupidcom,2013-04-23T01:48:17Z
malaysiancupid.com,https://plaintextoffenders.com/post/48660264345/cupidmediacom-colombiancupidcom,2013-04-23T01:48:17Z
indiancupid.com,https://plaintextoffenders.com/post/48660264345/cupidmediacom-colombiancupidcom,2013-04-23T01:48:17Z
koreancupid.com,https://plaintextoffenders.com/post/48660264345/cupidmediacom-colombiancupidcom,2013-04-23T01:48:17Z
japancupid.com,https://plaintextoffenders.com/post/48660264345/cupidmediacom-colombiancupidcom,2013-04-23T01:48:17Z
filipinocupid.com,https://plaintextoffenders.com/post/48660264345/cupidmediacom-colombiancupidcom,2013-04-23T01:48:17Z
chineselovelinks.com,https://plaintextoffenders.com/post/48660264345/cupidmediacom-colombiancupidcom,2013-04-23T01:48:17Z
asiandating.com,https://plaintextoffenders.com/post/48660264345/cupidmediacom-colombiancupidcom,2013-04-23T01:48:17Z
kenyancupid.com,https://plaintextoffenders.com/post/48660264345/cupidmediacom-colombiancupidcom,2013-04-23T01:48:17Z
blackcupid.com,https://plaintextoffenders.com/post/48660264345/cupidmediacom-colombiancupidcom,2013-04-23T01:48:17Z
afrointroductions.com,https://plaintextoffenders.com/post/48660264345/cupidmediacom-colombiancupidcom,2013-04-23T01:48:17Z
internationalcupid.com,https://plaintextoffenders.com/post/48660264345/cupidmediacom-colombiancupidcom,2013-04-23T01:48:17Z
colombiancupid.com,https://plaintextoffenders.com/post/48660264345/cupidmediacom-colombiancupidcom,2013-04-23T01:48:17Z
cupidmedia.com,https://plaintextoffenders.com/post/48660264345/cupidmediacom-colombiancupidcom,2013-04-23T01:48:17Z
directferries.com,https://plaintextoffenders.com/post/48679054947/directferriescom-ferry-service-the-email-i-got,2013-04-23T06:36:12Z
ellos.se,https://plaintextoffenders.com/post/48686967134/ellosse-mailonline-order-company,2013-04-23T11:24:34Z
caracum.net,https://plaintextoffenders.com/post/48699139136/caracumnet-pornography,2013-04-23T16:12:23Z
bythjul.com,https://plaintextoffenders.com/post/48741187869/bythjulcom-tire-shop,2013-04-24T01:48:33Z
gossamergear.com,https://plaintextoffenders.com/post/48759772109/gossamergearcom-outdoor-gear-manufacturer-i,2013-04-24T06:36:33Z
redeyerecords.co.uk,https://plaintextoffenders.com/post/48767496876/redeyerecordscouk-online-record-store,2013-04-24T11:24:42Z
iinet.net.au,https://plaintextoffenders.com/post/48779844592/iinetnetau-isp-thanks-ii,2013-04-24T16:12:37Z
machinemart.co.uk,https://plaintextoffenders.com/post/48820633032/machinemartcouk-power-tools-and-machinery,2013-04-25T01:48:32Z
healthkart.com,https://plaintextoffenders.com/post/48839107404/healthkartcom-health-beauty-and-fitness-shop,2013-04-25T06:36:34Z
customfitmeals.com,https://plaintextoffenders.com/post/48846874647/customfitmealscom-meal-service,2013-04-25T11:24:40Z
stokke.com,https://plaintextoffenders.com/post/48858933860/stokkecom-baby-products,2013-04-25T16:12:30Z
yves-rocher.fr,https://plaintextoffenders.com/post/48897960705/yves-rocherfr-cosmetics-and-beauty-brand-on,2013-04-26T01:48:33Z
1800flowers.com,https://plaintextoffenders.com/post/48915354819/1800flowerscom-flower-shop-1-800-flowers-stores,2013-04-26T06:36:26Z
blogger.de,https://plaintextoffenders.com/post/48922899817/bloggerde-blogging-platform,2013-04-26T11:24:33Z
bcoutlet.com,https://plaintextoffenders.com/post/48934985957/kingsizedirectcom-onestoppluscom,2013-04-26T16:12:16Z
fullbeauty.com,https://plaintextoffenders.com/post/48934985957/kingsizedirectcom-onestoppluscom,2013-04-26T16:12:16Z
brylanehome.com,https://plaintextoffenders.com/post/48934985957/kingsizedirectcom-onestoppluscom,2013-04-26T16:12:16Z
roamans.com,https://plaintextoffenders.com/post/48934985957/kingsizedirectcom-onestoppluscom,2013-04-26T16:12:16Z
jessicalondon.com,https://plaintextoffenders.com/post/48934985957/kingsizedirectcom-onestoppluscom,2013-04-26T16:12:16Z
womanwithin.com,https://plaintextoffenders.com/post/48934985957/kingsizedirectcom-onestoppluscom,2013-04-26T16:12:16Z
onestopplus.com,https://plaintextoffenders.com/post/48934985957/kingsizedirectcom-onestoppluscom,2013-04-26T16:12:16Z
kingsizedirect.com,https://plaintextoffenders.com/post/48934985957/kingsizedirectcom-onestoppluscom,2013-04-26T16:12:16Z
espresso-club.co.il,https://plaintextoffenders.com/post/48972313251/espresso-clubcoil-coffee-machines-and-capsules,2013-04-27T01:48:21Z
unlimitedwebhosting.co.uk,https://plaintextoffenders.com/post/48990064557/unlimitedwebhostingcouk-web-hosting-and-domain,2013-04-27T06:36:13Z
att.com,https://plaintextoffenders.com/post/48999048349/attcom-telecommunications-att-helpfully-sent,2013-04-27T11:24:38Z
kleinanzeigen.ebay.de,https://plaintextoffenders.com/post/49014355718/kleinanzeigenebayde-classifieds,2013-04-27T16:12:17Z
chums.co.uk,https://plaintextoffenders.com/post/49054327428/chumscouk-clothing-and-footwear-message-to,2013-04-28T01:48:24Z
gamersbook.com,https://plaintextoffenders.com/post/49072843037/gamersbookcom-gamer-community-sent-me-an,2013-04-28T06:36:24Z
direct.co.nz,https://plaintextoffenders.com/post/49083018170/directconz-it-products,2013-04-28T11:24:27Z
nascarsuperstore.com,https://plaintextoffenders.com/post/49098967734/storenascarcom-nascarsuperstorecom-sports,2013-04-28T16:12:32Z
store.nascar.com,https://plaintextoffenders.com/post/49098967734/storenascarcom-nascarsuperstorecom-sports,2013-04-28T16:12:32Z
piryx.com,https://plaintextoffenders.com/post/49145116482/piryxcom-fundraising-platform-this-is-what-i,2013-04-29T01:48:29Z
tedxsydney.com,https://plaintextoffenders.com/post/49163850512/tedxsydneycom-conference,2013-04-29T06:36:34Z
labour.gov.za,https://plaintextoffenders.com/post/49172066683/labourgovza-government,2013-04-29T11:24:41Z
frontieronline.com,https://plaintextoffenders.com/post/49184103307/frontiercom-frontieronlinecom-telephone,2013-04-29T16:12:00Z
frontier.com,https://plaintextoffenders.com/post/49184103307/frontiercom-frontieronlinecom-telephone,2013-04-29T16:12:00Z
virginaustralia.com,https://plaintextoffenders.com/post/49225959677/virginaustraliacom-ailine,2013-04-30T01:48:30Z
park-line.nl,https://plaintextoffenders.com/post/49244460148/park-linecom-park-linenl-payment-for-parking,2013-04-30T06:36:16Z
park-line.com,https://plaintextoffenders.com/post/49244460148/park-linecom-park-linenl-payment-for-parking,2013-04-30T06:36:16Z
zuken.com,https://plaintextoffenders.com/post/49252319003/zukencom-electrical-and-electronic-engineering,2013-04-30T11:24:28Z
doctohelp.com,https://plaintextoffenders.com/post/49264019124/componentonecom-doctohelpcom-software,2013-04-30T16:12:29Z
componentone.com,https://plaintextoffenders.com/post/49264019124/componentonecom-doctohelpcom-software,2013-04-30T16:12:29Z
rideshareonline.com,https://plaintextoffenders.com/post/49324527492/icarpoolcom-rideshareonlinecom-carpooling,2013-05-01T01:48:28Z
icarpool.com,https://plaintextoffenders.com/post/49324527492/icarpoolcom-rideshareonlinecom-carpooling,2013-05-01T01:48:28Z
cruzerlite.com,https://plaintextoffenders.com/post/49343569235/cruzerlitecom-mobile-phone-accessories-opening,2013-05-01T06:36:21Z
capsim.com,https://plaintextoffenders.com/post/49352420114/capsimcom-business-simulation-tool-my,2013-05-01T11:24:16Z
timesheets247.com,https://plaintextoffenders.com/post/49365258740/timesheets247com-automated-timesheets-and,2013-05-01T16:12:34Z
internet-alumni.com,https://plaintextoffenders.com/post/49405631131/internet-alumnicom-college-alumni-website,2013-05-02T01:48:23Z
runrev.com,https://plaintextoffenders.com/post/49423221010/runrevcom-software-developers-runrev-make-a,2013-05-02T06:36:23Z
badoo.com,https://plaintextoffenders.com/post/49431059456/badoocom-social-network-new-users-when,2013-05-02T11:24:28Z
eiu.com,https://plaintextoffenders.com/post/49442641971/eiucom-forecasting-and-advisory-services,2013-05-02T16:12:32Z
wavelink.com,https://plaintextoffenders.com/post/49480870156/wavelinkcom-terminal-emulation-and-remote,2013-05-03T01:48:16Z
letshostbilling.com,https://plaintextoffenders.com/post/49497766671/letshostie-letshostbillingcom-web-hosting,2013-05-03T06:36:21Z
letshost.ie,https://plaintextoffenders.com/post/49497766671/letshostie-letshostbillingcom-web-hosting,2013-05-03T06:36:21Z
ballantynes.com,https://plaintextoffenders.com/post/49505497963/ballantynescom-department-store-i-reset-my,2013-05-03T11:24:19Z
playforia.com,https://plaintextoffenders.com/post/49518370472/playforiacom-online-game-portal-you-can-request,2013-05-03T16:12:23Z
pinchme.com.au,https://plaintextoffenders.com/post/49556923541/pinchmecomau-sample-and-review-site-when-i,2013-05-04T01:48:32Z
taxaudit.com,https://plaintextoffenders.com/post/49575458431/taxauditcom-tax-audit-assistance-so-you-are,2013-05-04T06:36:34Z
openjdk.java.net,https://plaintextoffenders.com/post/49585080413/openjdkjavanet-software-framework,2013-05-04T11:24:23Z
introversion.co.uk,https://plaintextoffenders.com/post/49600944485/introversioncouk-game-developers,2013-05-04T16:12:23Z
wifipittsburgh.net,https://plaintextoffenders.com/post/49642073080/wifipittsburghnet-public-wifi-service,2013-05-05T01:48:24Z
inzernet.com,https://plaintextoffenders.com/post/49661468226/inzernetcom-powerlifting-apparel,2013-05-05T06:36:48Z
firstpersonalbank.net,https://plaintextoffenders.com/post/49678467009/firstpersonalbanknet-bank-sent-a-plain-text,2013-05-05T11:24:23Z
camra.org.uk,https://plaintextoffenders.com/post/49694027038/camraorguk-consumer-organization,2013-05-05T16:12:27Z
portfoliorecovery.com,https://plaintextoffenders.com/post/49739683585/portfoliorecoverycom-financial-and-business,2013-05-06T01:48:25Z
stitcher.com,https://plaintextoffenders.com/post/49758494980/stitchercom-internet-radio-and-podcasts,2013-05-06T06:36:49Z
hl7.org,https://plaintextoffenders.com/post/49767733128/hl7org-non-profit-organization,2013-05-06T11:24:22Z
sandbaghq.com,https://plaintextoffenders.com/post/49780287881/bonobomusiccom-sandbaghqcom-artists-website,2013-05-06T16:12:26Z
bonobomusic.com,https://plaintextoffenders.com/post/49780287881/bonobomusiccom-sandbaghqcom-artists-website,2013-05-06T16:12:26Z
gemrockauctions.com,https://plaintextoffenders.com/post/49821778567/gemrockauctionscom-online-store-for-precious,2013-05-07T01:48:29Z
protectyourbubble.com,https://plaintextoffenders.com/post/49840254652/protectyourbubblecom-cellphone-insurance-while,2013-05-07T06:36:30Z
hootsuite.com,https://plaintextoffenders.com/post/49848604887/hootsuitecom-social-media-dashboard,2013-05-07T11:24:37Z
jacquelinewilson.co.uk,https://plaintextoffenders.com/post/49860512625/jacquelinewilsoncouk-author-of-childrens,2013-05-07T16:12:37Z
pulseapp.com,https://plaintextoffenders.com/post/49900972486/pulseappcom-cash-flow-management,2013-05-08T01:48:23Z
dovespa.co.uk,https://plaintextoffenders.com/post/49919016268/dovespacouk-spa-chain-this-email-was-sent,2013-05-08T06:36:47Z
451research.com,https://plaintextoffenders.com/post/49927217609/451researchcom-business-analysis-after-signing,2013-05-08T11:24:32Z
biltorvet.dk,https://plaintextoffenders.com/post/49939346909/biltorvetdk-car-classifieds-sends-plain-text,2013-05-08T16:12:26Z
strike-jobs.co.uk,https://plaintextoffenders.com/post/49979817838/strike-jobscouk-job-board,2013-05-09T01:48:22Z
titaniumrings.com,https://plaintextoffenders.com/post/49997602301/titaniumringscom-rings-seller-i-signed-up-for,2013-05-09T06:36:21Z
nic.bo,https://plaintextoffenders.com/post/50006158573/nicbo-governmental-domain-registrar-nic-bo-is,2013-05-09T11:24:16Z
paragon-software.com,https://plaintextoffenders.com/post/50018273092/paragon-softwarecom-software,2013-05-09T16:12:24Z
kidrobot.com,https://plaintextoffenders.com/post/50057494848/kidrobotcom-designer-toys,2013-05-10T01:48:13Z
freeones.com,https://plaintextoffenders.com/post/50074615440/freeonescom-adult-community,2013-05-10T06:36:11Z
sherpa.be,https://plaintextoffenders.com/post/50082862696/sherpabe-ticketing-service-not-only-did-they,2013-05-10T11:24:41Z
schoolimprovement.com,https://plaintextoffenders.com/post/50094848348/pd360com-schoolimprovementcom-training-videos,2013-05-10T16:12:15Z
pd360.com,https://plaintextoffenders.com/post/50094848348/pd360com-schoolimprovementcom-training-videos,2013-05-10T16:12:15Z
mobymemory.co.uk,https://plaintextoffenders.com/post/50131490265/mobymemorycouk-memory-cards-and-usb-sticks,2013-05-11T01:48:23Z
postfilter.nl,https://plaintextoffenders.com/post/50149149716/postfilternl-do-not-spam-registry-a-foundation,2013-05-11T06:36:48Z
nh-hotels.com,https://plaintextoffenders.com/post/50158397262/nh-hotelscom-loyalty-program,2013-05-11T11:24:40Z
telstraclear.co.nz,https://plaintextoffenders.com/post/50173879186/telstraclearconz-phone-and-internet-provider,2013-05-11T16:12:23Z
twcbc.com,https://plaintextoffenders.com/post/50214003098/twcbccom-telecommunications-and-isp-at-least-it,2013-05-12T01:48:27Z
mckinneytexas.org,https://plaintextoffenders.com/post/50232757330/mckinneytexasorg-city-of-mckinney-texas-this,2013-05-12T06:36:29Z
servermania.com,https://plaintextoffenders.com/post/50250210617/servermaniacom-dedicated-and-vps-hosting,2013-05-12T11:24:26Z
techmahindra.com,https://plaintextoffenders.com/post/50265731763/techmahindracom-outsourcing-offshoring,2013-05-12T16:12:29Z
intelligentsiacoffee.com,https://plaintextoffenders.com/post/50309004051/intelligentsiacoffeecom-coffee-suppliers-this,2013-05-13T01:48:34Z
painfulpleasures.com,https://plaintextoffenders.com/post/50327298040/painfulpleasurescom-wholesale-body-jewelry-and,2013-05-13T06:36:34Z
iomoio.com,https://plaintextoffenders.com/post/50335656161/iomoiocom-music-store,2013-05-13T11:24:34Z
longhorncorner.com,https://plaintextoffenders.com/post/50347608310/c-sharpcornercom-vbdotnetheavencom,2013-05-13T16:12:24Z
dotnetheaven.com,https://plaintextoffenders.com/post/50347608310/c-sharpcornercom-vbdotnetheavencom,2013-05-13T16:12:24Z
vbdotnetheaven.com,https://plaintextoffenders.com/post/50347608310/c-sharpcornercom-vbdotnetheavencom,2013-05-13T16:12:24Z
c-sharpcorner.com,https://plaintextoffenders.com/post/50347608310/c-sharpcornercom-vbdotnetheavencom,2013-05-13T16:12:24Z
schuh.co.uk,https://plaintextoffenders.com/post/50388036432/schuhcouk-shoe-shop-sends-out-plaintext,2013-05-14T01:48:20Z
nb.mit.edu,https://plaintextoffenders.com/post/50405815087/nbmitedu-platform-for-collectively-annotating,2013-05-14T06:36:18Z
g2play.net,https://plaintextoffenders.com/post/50413905410/g2playnet-computer-game-store,2013-05-14T11:24:18Z
alienwarearena.com,https://plaintextoffenders.com/post/50464711037/alienwarearenacom-contests-and-promotions,2013-05-15T01:48:13Z
stormwatches.com,https://plaintextoffenders.com/post/50482042548/stormwatchescom-apparel-shop,2013-05-15T06:36:14Z
blackhawk-dsp.com,https://plaintextoffenders.com/post/50490052343/blackhawk-dspcom-embedded-software-development,2013-05-15T11:24:10Z
scotlandis.com,https://plaintextoffenders.com/post/50501933232/scotlandiscom-trade-body,2013-05-15T16:12:19Z
allcity.fr,https://plaintextoffenders.com/post/50544382839/allcityfr-art-materials-when-i-clicked-lost,2013-05-16T01:48:32Z
callme.dk,https://plaintextoffenders.com/post/50562301662/callmedk-mobile-phones,2013-05-16T06:36:12Z
applausestore.com,https://plaintextoffenders.com/post/50570557802/applausestorecom-tv-and-radio-show-tickets,2013-05-16T11:24:38Z
emooil.com,https://plaintextoffenders.com/post/50582622148/emooilcom-heating-oil-they-sent-me-this-pdf,2013-05-16T16:12:37Z
somee.com,https://plaintextoffenders.com/post/50620715309/someecom-web-hosts-horrific-infringement-of,2013-05-17T01:48:28Z
miles-and-more.com,https://plaintextoffenders.com/post/50637971039/miles-and-morecom-airline-membership-club,2013-05-17T06:36:30Z
goodwood.co.uk,https://plaintextoffenders.com/post/50645931960/goodwoodcom-goodwoodcouk-sporting-and-leisure,2013-05-17T11:24:29Z
goodwood.com,https://plaintextoffenders.com/post/50645931960/goodwoodcom-goodwoodcouk-sporting-and-leisure,2013-05-17T11:24:29Z
bestoncourt.com,https://plaintextoffenders.com/post/50658033513/bestoncourtcom-badminton-coaching-website,2013-05-17T16:12:24Z
restaurantowners.com,https://plaintextoffenders.com/post/50694541012/restaurantownerscom-resources-for-restaurant,2013-05-18T01:48:19Z
ustraveldocs.com,https://plaintextoffenders.com/post/50712069995/ustraveldocscom-travel-visa-application-site,2013-05-18T06:36:19Z
getchu.com,https://plaintextoffenders.com/post/50721176448/getchucom-online-shop,2013-05-18T11:24:18Z
thediceshoponline.com,https://plaintextoffenders.com/post/50736437400/thediceshoponlinecom-dice-shop-new-account,2013-05-18T16:12:26Z
colormerad.com,https://plaintextoffenders.com/post/50776440212/colormeradcom-public-run-organizers-this-was,2013-05-19T01:48:33Z
isc2.org,https://plaintextoffenders.com/post/50794790256/isc2org-it-certification,2013-05-19T06:36:17Z
privateinternetaccess.com,https://plaintextoffenders.com/post/50812422115/privateinternetaccesscom-vpn,2013-05-19T11:24:14Z
bestjobs.ph,https://plaintextoffenders.com/post/50827727380/bestjobsph-jobs-board-i-didnt-even-request-my,2013-05-19T16:12:19Z
proxy.sh,https://plaintextoffenders.com/post/50872411446/proxysh-vpn-one-would-have-thought-that-a,2013-05-20T01:48:30Z
bolehvpn.net,https://plaintextoffenders.com/post/50891088320/bolehvpnnet-vpn-yet-another-vpn-provider,2013-05-20T06:36:33Z
coinkeeper.me,https://plaintextoffenders.com/post/50900471212/coinkeeperme-personal-finance-app,2013-05-20T11:24:29Z
officedepot.com,https://plaintextoffenders.com/post/50913535520/officedepotcom-office-supplies,2013-05-20T16:12:35Z
inksoft.com,https://plaintextoffenders.com/post/50955288319/animalcustomscom-inksoftcom-custom-sports,2013-05-21T01:48:20Z
animalcustoms.com,https://plaintextoffenders.com/post/50955288319/animalcustomscom-inksoftcom-custom-sports,2013-05-21T01:48:20Z
loancare.net,https://plaintextoffenders.com/post/50974116035/myloancarecom-loancarenet-loans-thanks,2013-05-21T06:36:21Z
myloancare.com,https://plaintextoffenders.com/post/50974116035/myloancarecom-loancarenet-loans-thanks,2013-05-21T06:36:21Z
iop.org,https://plaintextoffenders.com/post/50982911841/ioporg-science-news,2013-05-21T11:24:30Z
ti.com,https://plaintextoffenders.com/post/50995350925/ticom-semiconductor-design-manufacturing,2013-05-21T16:12:22Z
halifaxfantasytrader.co.uk,https://plaintextoffenders.com/post/51036486785/halifaxfantasytradercouk-stock-trading-game,2013-05-22T01:48:33Z
berlinwhiskyandwine.com,https://plaintextoffenders.com/post/51054820737/berlinwhiskyandwinecom-online-whisky-wine-and,2013-05-22T06:36:34Z
stethoscope.com,https://plaintextoffenders.com/post/51063305176/stethoscopecom-medical-instruments-i-went-to,2013-05-22T11:24:31Z
topmaq.co.nz,https://plaintextoffenders.com/post/51075774386/topmaqconz-machinery-tools-and-equipment-for,2013-05-22T16:12:21Z
gaijinent.com,https://plaintextoffenders.com/post/51137852760/gaijinentcom-video-game-developers-they,2013-05-23T09:00:29Z
nybgshop.org,https://plaintextoffenders.com/post/51150495714/nybgorg-nybgshoporg-botanical-garden-they,2013-05-23T15:00:49Z
nybg.org,https://plaintextoffenders.com/post/51150495714/nybgorg-nybgshoporg-botanical-garden-they,2013-05-23T15:00:49Z
sterkinekor.com,https://plaintextoffenders.com/post/51198653504/sterkinekorcom-cinema-company-the-forgot,2013-05-24T03:00:24Z
wpmudev.org,https://plaintextoffenders.com/post/51214510120/wpmudevorg-technical-community,2013-05-24T09:00:27Z
monstersupplements.com,https://plaintextoffenders.com/post/51227310808/monstersupplementscom-bodybuilding-supplements,2013-05-24T15:00:49Z
hireskilled.com,https://plaintextoffenders.com/post/51273471874/hireskilledcom-job-posting-board-how-are,2013-05-25T03:00:24Z
kuder.com,https://plaintextoffenders.com/post/51290565196/kudernavigatorcom-kudercom-career-assessment,2013-05-25T09:00:19Z
kudernavigator.com,https://plaintextoffenders.com/post/51290565196/kudernavigatorcom-kudercom-career-assessment,2013-05-25T09:00:19Z
nrlnation.com,https://plaintextoffenders.com/post/51304950104/nrlnationcom-rugby-community,2013-05-25T15:00:41Z
goldtoken.com,https://plaintextoffenders.com/post/51353171700/goldtokencom-online-game-portal-months-ago-i,2013-05-26T03:00:47Z
mybfi.com,https://plaintextoffenders.com/post/51372022101/mybficom-gaming-community,2013-05-26T09:00:15Z
site5.com,https://plaintextoffenders.com/post/51393252671/site5com-web-hosting,2013-05-26T15:01:01Z
cyberlynk.net,https://plaintextoffenders.com/post/51443988032/umbrahostingcom-cyberlynknet-web-hosting,2013-05-27T03:00:25Z
umbrahosting.com,https://plaintextoffenders.com/post/51443988032/umbrahostingcom-cyberlynknet-web-hosting,2013-05-27T03:00:25Z
art.com,https://plaintextoffenders.com/post/51462500697/artcom-visual-art-obviously-not-my-email-or,2013-05-27T09:00:16Z
bootb.com,https://plaintextoffenders.com/post/51476320130/bootbcom-online-services-marketplace-this-email,2013-05-27T15:00:37Z
kentuckypower.com,https://plaintextoffenders.com/post/51530109302/kentuckypowercom-electric-company,2013-05-28T03:00:46Z
lemonde.fr,https://plaintextoffenders.com/post/51548148763/lemondefr-news-i-received-my-own-creds-in-plain,2013-05-28T09:00:41Z
gorjana-griffin.com,https://plaintextoffenders.com/post/51562043849/gorjana-griffincom-shoes-and-accessories,2013-05-28T15:00:43Z
celebritycruises.com,https://plaintextoffenders.com/post/51613779375/celebritycruisescom-cruises,2013-05-29T03:00:38Z
cooking-hacks.com,https://plaintextoffenders.com/post/51631380299/cooking-hackscom-diy-electronics,2013-05-29T09:00:38Z
roommates.com,https://plaintextoffenders.com/post/51645328002/roommatescom-room-mate-search-sent-after,2013-05-29T15:00:48Z
freehostia.com,https://plaintextoffenders.com/post/51695338361/freehostiacom-web-hosting,2013-05-30T03:00:33Z
bumblebflowers.com,https://plaintextoffenders.com/post/51712775527/bumblebflowerscom-flower-shop-ordering-mothers,2013-05-30T09:00:27Z
interflora.co.uk,https://plaintextoffenders.com/post/51726769638/interfloracouk-flower-shop,2013-05-30T15:01:05Z
blacksocks.com,https://plaintextoffenders.com/post/51775544718/blacksockscom-undergarments,2013-05-31T03:00:32Z
ip-projects.de,https://plaintextoffenders.com/post/51792656496/ip-projectsde-web-hosting-sent-me-back-my-own,2013-05-31T09:00:22Z
arte-tv.com,https://plaintextoffenders.com/post/51806241854/artetv-arte-tvcom-tv-station-i-just-wanted-to,2013-05-31T15:00:35Z
arte.tv,https://plaintextoffenders.com/post/51806241854/artetv-arte-tvcom-tv-station-i-just-wanted-to,2013-05-31T15:00:35Z
poetfreak.com,https://plaintextoffenders.com/post/51852827829/poetfreakcom-poetry-sharing,2013-06-01T03:00:29Z
hoyts.com.au,https://plaintextoffenders.com/post/51870586335/hoytscomau-movie-theaters,2013-06-01T09:00:21Z
alldebrid.com,https://plaintextoffenders.com/post/51935459694/alldebridcom-proxy-downloader-this-email-was,2013-06-02T03:00:27Z
nandos.co.uk,https://plaintextoffenders.com/post/51955563491/nandoscouk-restaurant-chain,2013-06-02T09:00:17Z
grammarly.com,https://plaintextoffenders.com/post/51971574913/grammarlycom-grammar-verification-and-plagiarism,2013-06-02T15:00:37Z
pvrcinemas.com,https://plaintextoffenders.com/post/52027143049/pvrcinemascom-movie-theaters,2013-06-03T03:00:33Z
myyoumint.com,https://plaintextoffenders.com/post/52045733552/youmintcom-myyoumintcom-sms-service,2013-06-03T09:00:26Z
youmint.com,https://plaintextoffenders.com/post/52045733552/youmintcom-myyoumintcom-sms-service,2013-06-03T09:00:26Z
keepandshare.com,https://plaintextoffenders.com/post/52059164047/keepandsharecom-collaboration-and-sharing,2013-06-03T15:00:46Z
anibase.com,https://plaintextoffenders.com/post/52110994279/anibasecom-microchipped-animal-database-just,2013-06-04T03:00:36Z
leftlanesports.com,https://plaintextoffenders.com/post/52128847736/leftlanesportscom-sports-products,2013-06-04T09:00:26Z
autotrader.com,https://plaintextoffenders.com/post/52141967390/autotradercom-automotive-marketplace,2013-06-04T15:00:40Z
geckoboard.com,https://plaintextoffenders.com/post/52191766109/geckoboardcom-business-dashboard,2013-06-05T03:00:31Z
arvixe.com,https://plaintextoffenders.com/post/52209491284/arvixecom-web-hosting-arvixes-billing-portal,2013-06-05T09:00:22Z
leedsmet.ac.uk,https://plaintextoffenders.com/post/52217217477/leedsmetacuk-university-their-online,2013-06-05T13:00:53Z
cpanel.net,https://plaintextoffenders.com/post/52280381627/cpanelnet-hosting-control-panel-software,2013-06-06T05:00:26Z
xap.com,https://plaintextoffenders.com/post/52297507309/calbarcagov-xapcom-california-state-bar-its,2013-06-06T13:00:43Z
calbar.ca.gov,https://plaintextoffenders.com/post/52297507309/calbarcagov-xapcom-california-state-bar-its,2013-06-06T13:00:43Z
ascap.com,https://plaintextoffenders.com/post/52359204280/ascapcom-licensing-body-nice-to-know-these,2013-06-07T05:00:19Z
cwjobs.co.uk,https://plaintextoffenders.com/post/52376432561/cwjobscouk-it-job-board-resetting-my-account,2013-06-07T13:00:33Z
tojeono.cz,https://plaintextoffenders.com/post/52438306552/tojeonocz-web-hosting-provider-and-domain,2013-06-08T05:00:21Z
maimai-net.com,https://plaintextoffenders.com/post/52457107040/maimai-netcom-arcade-game-companion-site-when,2013-06-08T13:00:43Z
stofa.dk,https://plaintextoffenders.com/post/52519668201/stofadk-isp-i-forgot-my-password-to-my-isp-so,2013-06-09T05:00:27Z
adhitz.com,https://plaintextoffenders.com/post/52541218592/adhitzcom-advertising-network-they-store-your,2013-06-09T13:00:43Z
zoohit.cz,https://plaintextoffenders.com/post/52606120721/zoohitcz-pet-supplies-link-to-remind-password,2013-06-10T05:00:18Z
coderedweb.com,https://plaintextoffenders.com/post/52623780424/coderedwebcom-communication-network-aside-from,2013-06-10T13:00:32Z
thestand.co.uk,https://plaintextoffenders.com/post/52687348896/thestandcouk-comedy-club-i-wrote-to-them-to,2013-06-11T05:00:22Z
asanet.org,https://plaintextoffenders.com/post/52704863091/asanetorg-sociology-association,2013-06-11T13:00:36Z
instantpresenter.com,https://plaintextoffenders.com/post/52769054496/instantpresentercom-web-seminars-and-conferences,2013-06-12T05:00:34Z
learnable.com,https://plaintextoffenders.com/post/52786499941/learnablecom-web-design-and-development,2013-06-12T13:00:57Z
jbhifionline.com.au,https://plaintextoffenders.com/post/52847463204/jbhifionlinecomau-entertainment-shop-love,2013-06-13T05:00:21Z
theweatherspace.com,https://plaintextoffenders.com/post/52864881745/theweatherspacecom-weather-forecast-apparently,2013-06-13T13:00:57Z
callwithus.com,https://plaintextoffenders.com/post/52926261347/callwithuscom-voip-service-their-plaintext,2013-06-14T05:00:19Z
kublacon.com,https://plaintextoffenders.com/post/52943724314/kublaconcom-convention-email-from-password,2013-06-14T13:00:46Z
uer.ca,https://plaintextoffenders.com/post/53002581000/uerca-urban-exploration-community,2013-06-15T05:00:22Z
vindale.com,https://plaintextoffenders.com/post/53020967613/vindalecom-online-surveys-and-product-marketing,2013-06-15T13:00:47Z
organickidz.ca,https://plaintextoffenders.com/post/53080091559/organickidzca-baby-bottles-good-for-your,2013-06-16T05:00:44Z
hulkfile.eu,https://plaintextoffenders.com/post/53108990972/hulkfileeu-cloud-storage-and-file-hosting-they,2013-06-16T13:00:41Z
joined.com,https://plaintextoffenders.com/post/53173579639/joinedcom-professional-profiles-welcome-email,2013-06-17T05:00:25Z
fresno.gov,https://plaintextoffenders.com/post/53192240348/fresnogov-city-of-fresno-california-sends-an,2013-06-17T13:00:37Z
gtisolutions.co.uk,https://plaintextoffenders.com/post/53255758517/gtioscom-gtisolutionscouk-recruiting,2013-06-18T05:00:21Z
gtios.com,https://plaintextoffenders.com/post/53255758517/gtioscom-gtisolutionscouk-recruiting,2013-06-18T05:00:21Z
amigoenergy.com,https://plaintextoffenders.com/post/53274151557/amigoenergycom-electric-company-getting-off-to,2013-06-18T13:00:43Z
talmerbank.com,https://plaintextoffenders.com/post/53337245732/talmerbankcom-bank-and-trust,2013-06-19T05:00:21Z
abceggs.com.cn,https://plaintextoffenders.com/post/53355622797/readingeggscom-readingeggsconz,2013-06-19T13:00:46Z
abceggs.in.th,https://plaintextoffenders.com/post/53355622797/readingeggscom-readingeggsconz,2013-06-19T13:00:46Z
abceggs.co.kr,https://plaintextoffenders.com/post/53355622797/readingeggscom-readingeggsconz,2013-06-19T13:00:46Z
readingeggs.com.au,https://plaintextoffenders.com/post/53355622797/readingeggscom-readingeggsconz,2013-06-19T13:00:46Z
readingeggs.co.uk,https://plaintextoffenders.com/post/53355622797/readingeggscom-readingeggsconz,2013-06-19T13:00:46Z
readingeggs.co.nz,https://plaintextoffenders.com/post/53355622797/readingeggscom-readingeggsconz,2013-06-19T13:00:46Z
readingeggs.com,https://plaintextoffenders.com/post/53355622797/readingeggscom-readingeggsconz,2013-06-19T13:00:46Z
nytimes.com,https://plaintextoffenders.com/post/53417081420/nytimescom-newspaper-after-you-place-a-real,2013-06-20T05:00:22Z
wantedwallets.com,https://plaintextoffenders.com/post/53435651726/wantedwalletscom-premium-wallets-and-bags-shop,2013-06-20T13:00:47Z
ctcaviation.com,https://plaintextoffenders.com/post/53495543108/ctcaviationcom-aviation-training-center,2013-06-21T05:00:42Z
myktag.com,https://plaintextoffenders.com/post/53513605411/ksturnpikecom-myktagcom-public-road-this-is,2013-06-21T13:00:42Z
ksturnpike.com,https://plaintextoffenders.com/post/53513605411/ksturnpikecom-myktagcom-public-road-this-is,2013-06-21T13:00:42Z
arin.net,https://plaintextoffenders.com/post/53573265613/arinnet-internet-registry-they-send-monthly,2013-06-22T05:00:34Z
3suisses.fr,https://plaintextoffenders.com/post/53591869272/3suissesfr-e-retail-website-this-is-what-i,2013-06-22T13:00:51Z
babiesrus.com,https://plaintextoffenders.com/post/53651045258/babiesruscom-baby-registry-resource-and,2013-06-23T05:00:42Z
xtremeguard.com,https://plaintextoffenders.com/post/53671024183/xtremeguardcom-phone-screen-guards-and-cases-i,2013-06-23T13:00:31Z
atproperties.com,https://plaintextoffenders.com/post/53735129334/atpropertiescom-real-estate-broker-their,2013-06-24T05:00:24Z
nkk.no,https://plaintextoffenders.com/post/53754374157/nkkno-dog-owners-association-ive-tweeted-and,2013-06-24T13:00:46Z
nyrorganic.com,https://plaintextoffenders.com/post/53819755261/nyrorganiccom-organic-natural-health-and-beauty,2013-06-25T05:00:25Z
voipo.com,https://plaintextoffenders.com/post/53839130588/voipocom-voip-services-they-are-storing-user,2013-06-25T13:00:55Z
fox4paintball.com,https://plaintextoffenders.com/post/53904545910/fox4paintballcom-paintball-in-order-to-reserve,2013-06-26T05:00:39Z
jaeger.co.uk,https://plaintextoffenders.com/post/53926357067/jaegercouk-designer-fashion-shop,2013-06-26T13:00:50Z
accu.org,https://plaintextoffenders.com/post/53992133688/accuorg-programming-user-group-editors-note,2013-06-27T05:00:30Z
defence.gov.au,https://plaintextoffenders.com/post/54011592856/defencegovau-government-office-this-was-from,2013-06-27T13:00:54Z
cff.org,https://plaintextoffenders.com/post/54076592220/cfforg-charity-not-only-did-they-send-me-my,2013-06-28T05:00:19Z
cinedom.de,https://plaintextoffenders.com/post/54095932097/cinedomde-cinema-sending-cleartext-passes-for,2013-06-28T13:00:38Z
nyrr.org,https://plaintextoffenders.com/post/54158171006/nyrrorg-running-organization-apparently-they,2013-06-29T05:00:27Z
virginmedia.co.uk,https://plaintextoffenders.com/post/54177238762/virginmediacom-virginmediacouk-fixed-and,2013-06-29T13:00:44Z
virginmedia.com,https://plaintextoffenders.com/post/54177238762/virginmediacom-virginmediacouk-fixed-and,2013-06-29T13:00:44Z
ufc.tv,https://plaintextoffenders.com/post/54236116381/ufccom-ufctv-sports-league-it-seems-that-ufc,2013-06-30T05:00:43Z
ufc.com,https://plaintextoffenders.com/post/54236116381/ufccom-ufctv-sports-league-it-seems-that-ufc,2013-06-30T05:00:43Z
safenet-inc.com,https://plaintextoffenders.com/post/54255948190/safenet-inccom-information-security-received,2013-06-30T13:00:57Z
girlguiding.org.uk,https://plaintextoffenders.com/post/54320080639/girlguidingorguk-uk-youth-organization-yes,2013-07-01T05:00:27Z
inspiredlms.com,https://plaintextoffenders.com/post/54339779570/inspiredelearningcom-inspiredlmscom-e-learning,2013-07-01T13:00:42Z
inspiredelearning.com,https://plaintextoffenders.com/post/54339779570/inspiredelearningcom-inspiredlmscom-e-learning,2013-07-01T13:00:42Z
polyvinylrecords.com,https://plaintextoffenders.com/post/54405728979/polyvinylrecordscom-record-label-registration,2013-07-02T05:00:15Z
go.com,https://plaintextoffenders.com/post/54425290592/gocom-the-walt-disney-company,2013-07-02T13:00:40Z
volt.com,https://plaintextoffenders.com/post/54489863256/voltcom-it-head-hunters-can-you-believe-that,2013-07-03T05:00:36Z
brotherswithglass.com,https://plaintextoffenders.com/post/54509067728/brotherswithglasscom-smoking-accessories-i-sent,2013-07-03T13:00:48Z
aquabid.com,https://plaintextoffenders.com/post/54572608139/aquabidcom-fish-and-aquarium-equipment,2013-07-04T05:00:42Z
musicnotes.com,https://plaintextoffenders.com/post/54592874428/musicnotescom-sheet-music-shop,2013-07-04T13:00:59Z
dfo-mpo.gc.ca,https://plaintextoffenders.com/post/54651248082/dfo-mpogcca-government-agency-fisheries-and,2013-07-05T05:00:17Z
theiet.org,https://plaintextoffenders.com/post/54669466017/theietorg-professional-society-this-is-a-small,2013-07-05T13:00:53Z
thecus.com,https://plaintextoffenders.com/post/54730118255/thecus-eucom-thecuscom-computer-storage,2013-07-06T05:00:38Z
thecus-eu.com,https://plaintextoffenders.com/post/54730118255/thecus-eucom-thecuscom-computer-storage,2013-07-06T05:00:38Z
artmarket.com,https://plaintextoffenders.com/post/54749468811/artmarketcom-art-market-information-wait-my,2013-07-06T13:00:55Z
pokemon.jp,https://plaintextoffenders.com/post/54807542795/pokemonjp-video-game-companion-site-if-you,2013-07-07T05:00:17Z
tieto.com,https://plaintextoffenders.com/post/54827340154/tietocom-it-product-development-and,2013-07-07T13:00:35Z
rsc.org.uk,https://plaintextoffenders.com/post/54891202875/rscorguk-theatre-company,2013-07-08T05:00:37Z
bikebandit.com,https://plaintextoffenders.com/post/54911434050/bikebanditcom-motorcycle-parts-and-accessories,2013-07-08T13:00:58Z
tochi.acm.org,https://plaintextoffenders.com/post/54977120856/tochiacmorg-journal,2013-07-09T05:00:29Z
belgium.be,https://plaintextoffenders.com/post/54997057446/belgiumbe-government-when-registering-on-the,2013-07-09T13:00:38Z
etoro.com,https://plaintextoffenders.com/post/55062775964/etorocom-social-investment-network-this-site,2013-07-10T05:00:21Z
discount-supplements.co.uk,https://plaintextoffenders.com/post/55082951256/discount-supplementscouk-sports-supplements,2013-07-10T13:00:38Z
homejoy.com,https://plaintextoffenders.com/post/55149124991/homejoycom-home-cleaning-service,2013-07-11T05:00:42Z
kidsbowlfree.com,https://plaintextoffenders.com/post/55169692193/kidsbowlfreecom-bowling-coupons-for-children,2013-07-11T13:00:54Z
freesfx.co.uk,https://plaintextoffenders.com/post/55235341420/freesfxcouk-sound-effects-and-music-catalog,2013-07-12T05:00:22Z
acatoday.org,https://plaintextoffenders.com/post/55255711783/acatodayorg-professional-association,2013-07-12T13:00:33Z
thedailybeast.com,https://plaintextoffenders.com/post/55318281926/thedailybeastcom-news-oh-old-media-so-paranoid,2013-07-13T05:00:22Z
enstarnaturalgas.com,https://plaintextoffenders.com/post/55338319452/enstarnaturalgascom-gas-company-received-when,2013-07-13T13:00:38Z
webafrica.co.za,https://plaintextoffenders.com/post/55398559537/webafricacoza-hosting-and-isp-opened-an,2013-07-14T05:00:29Z
canadiancomedy.ca,https://plaintextoffenders.com/post/55420317561/canadiancomedyca-awards-ceremony-not-only-do,2013-07-14T13:00:51Z
plus.net,https://plaintextoffenders.com/post/55487339919/plusnet-isp-storing-your-broadband-password-in,2013-07-15T05:00:20Z
microstrategy.com,https://plaintextoffenders.com/post/55508934747/microstrategycom-business-intelligence-products,2013-07-15T13:00:36Z
checkpoint.com,https://plaintextoffenders.com/post/55577712154/checkpointcom-network-security-products,2013-07-16T05:00:18Z
shutterstock.com,https://plaintextoffenders.com/post/55599114583/shutterstockcom-stock-photo,2013-07-16T13:00:26Z
appleone.com,https://plaintextoffenders.com/post/55667058414/appleonecom-employment-agency,2013-07-17T05:00:33Z
erecruit.who.int,https://plaintextoffenders.com/post/55688297499/whoint-erecruitwhoint-united-nations-health,2013-07-17T13:00:54Z
who.int,https://plaintextoffenders.com/post/55688297499/whoint-erecruitwhoint-united-nations-health,2013-07-17T13:00:54Z
oup.com,https://plaintextoffenders.com/post/55777094825/oupcom-university-publication-youd-think-they,2013-07-18T13:00:33Z
getmein.com,https://plaintextoffenders.com/post/55845933169/getmeincom-tickets-marketplace-i-was-surprised,2013-07-19T05:00:40Z
wtcr.ca,https://plaintextoffenders.com/post/55867965410/wtcrca-computer-shop-they-allow-persons-to-buy,2013-07-19T13:00:59Z
findmyorder.com,https://plaintextoffenders.com/post/55935402106/findmyordercom-order-tracking-system-used-by,2013-07-20T05:00:26Z
doublefine.net,https://plaintextoffenders.com/post/55956858742/doublefinecom-doublefinenet-game-studio-i,2013-07-20T13:00:36Z
doublefine.com,https://plaintextoffenders.com/post/55956858742/doublefinecom-doublefinenet-game-studio-i,2013-07-20T13:00:36Z
facturagorila.com,https://plaintextoffenders.com/post/56021632716/facturagorilacom-invoice-service,2013-07-21T05:00:28Z
stubbornrecords.com,https://plaintextoffenders.com/post/56050953124/stubbornrecordscom-record-labelmail-order,2013-07-21T13:00:52Z
rochester.edu,https://plaintextoffenders.com/post/56119364937/rochesteredu-university-they-sent-me-back-my,2013-07-22T05:00:21Z
cascadeclimbers.com,https://plaintextoffenders.com/post/56141819214/cascadeclimberscom-mountaineering-forums-shame,2013-07-22T13:00:50Z
nbastore.eu,https://plaintextoffenders.com/post/56214322612/nbastoreeu-sports-goods-besides-being,2013-07-23T05:00:17Z
ggc-stream.com,https://plaintextoffenders.com/post/56236624807/ggc-streamcom-anti-cheating-website-they-should,2013-07-23T13:00:34Z
profotshop.de,https://plaintextoffenders.com/post/56307522889/profotshopde-photography-products,2013-07-24T05:00:39Z
arcade-history.net,https://plaintextoffenders.com/post/56329800771/arcade-historynet-database-of-historical,2013-07-24T13:00:56Z
nstar.com,https://plaintextoffenders.com/post/56399868507/nstarcom-gas-and-electric-company,2013-07-25T05:00:24Z
truefire.com,https://plaintextoffenders.com/post/56422116155/truefirecom-online-guitar-lessons-i-thought-it,2013-07-25T13:00:41Z
arbetsformedlingen.se,https://plaintextoffenders.com/post/56491800520/arbetsformedlingense-government-agency,2013-07-26T05:00:00Z
editorialmanager.com,https://plaintextoffenders.com/post/56513890649/poneedmgrcom-edmgrcom-editorialmanagercom,2013-07-26T13:00:39Z
edmgr.com,https://plaintextoffenders.com/post/56513890649/poneedmgrcom-edmgrcom-editorialmanagercom,2013-07-26T13:00:39Z
pone.edmgr.com,https://plaintextoffenders.com/post/56513890649/poneedmgrcom-edmgrcom-editorialmanagercom,2013-07-26T13:00:39Z
cesweb.org,https://plaintextoffenders.com/post/56580641910/cesweborg-trade-show,2013-07-27T05:00:31Z
lifepics.com,https://plaintextoffenders.com/post/56601736536/lifepicscom-photo-printing-services,2013-07-27T13:00:40Z
knoxvilletickets.com,https://plaintextoffenders.com/post/56665735048/knoxvilleticketscom-the-login-and-forgot,2013-07-28T05:00:37Z
gosarpinos.com,https://plaintextoffenders.com/post/56687476004/gosarpinoscom-pizza-restaurant,2013-07-28T13:00:43Z
peugeotcentral.co.uk,https://plaintextoffenders.com/post/56757140983/peugeotcentralcouk-car-enthusiast-forums,2013-07-29T05:00:45Z
luckyvitamin.com,https://plaintextoffenders.com/post/56779555890/luckyvitamincom-merchant-of-vitamins-and,2013-07-29T13:01:02Z
swansonvitamins.com,https://plaintextoffenders.com/post/56851197626/swansonvitaminscom-merchant-of-vitamins,2013-07-30T05:00:47Z
dxmaps.com,https://plaintextoffenders.com/post/56873475385/dxmapscom-mapping-communications-for-amateur,2013-07-30T13:00:58Z
airvoicewireless.com,https://plaintextoffenders.com/post/56944904322/airvoicewirelesscom-discount-phone-service,2013-07-31T05:00:40Z
clickdesk.com,https://plaintextoffenders.com/post/56967682734/clickdeskcom-helpdesk-and-support-software-when,2013-07-31T13:01:00Z
architecture.org,https://plaintextoffenders.com/post/57038701064/architectureorg-foundation,2013-08-01T05:00:49Z
icetv.com.au,https://plaintextoffenders.com/post/57061076192/icetvcomau-television-guide-this-website-send,2013-08-01T13:00:45Z
gbia.com,https://plaintextoffenders.com/post/57131155345/gbiacom-nationaltrustorguk-wi-fi-service,2013-08-02T05:00:00Z
hallensteins.com,https://plaintextoffenders.com/post/57153503387/hallensteinscom-mens-clothing-store,2013-08-02T13:01:06Z
alumniresearch.com,https://plaintextoffenders.com/post/57221458899/alumniresearchcom-alumni-lists-for-various,2013-08-03T05:00:34Z
geradovana.lt,https://plaintextoffenders.com/post/57242820570/geradovanalt-entertainment-products-e-shop,2013-08-03T13:00:52Z
parcelmonkey.co.uk,https://plaintextoffenders.com/post/57307940146/parcelmonkeycouk-package-delivery-service-i,2013-08-04T05:00:42Z
naturalbalancefoods.co.uk,https://plaintextoffenders.com/post/57329786476/naturalbalancefoodscouk-natural-food-bars,2013-08-04T13:00:59Z
ods.od.nih.gov,https://plaintextoffenders.com/post/57400900827/odsodnihgov-government-agency-government,2013-08-05T05:00:25Z
pof-usa.com,https://plaintextoffenders.com/post/57423361455/pof-usacom-guns-gear-and-clothing-shop-they,2013-08-05T13:01:02Z
web123.com.au,https://plaintextoffenders.com/post/57494303019/web123comau-web-design-save-this-email,2013-08-06T05:00:26Z
impark.myparkingworld.com,https://plaintextoffenders.com/post/57516408380/imparkmyparkingworldcom-parking-if-you-park,2013-08-06T13:00:43Z
aaawa.com,https://plaintextoffenders.com/post/57586760119/aaacom-aaawincom-aaawacom-automobile,2013-08-07T05:00:00Z
aaawin.com,https://plaintextoffenders.com/post/57586760119/aaacom-aaawincom-aaawacom-automobile,2013-08-07T05:00:00Z
aaa.com,https://plaintextoffenders.com/post/57586760119/aaacom-aaawincom-aaawacom-automobile,2013-08-07T05:00:00Z
telfort.nl,https://plaintextoffenders.com/post/57608746193/telfortnl-mobile-telecom-provider-they-ends-me,2013-08-07T13:01:01Z
workingadvantage.com,https://plaintextoffenders.com/post/57678205376/workingadvantagecom-employee-discount-benefit,2013-08-08T05:00:26Z
bam.org,https://plaintextoffenders.com/post/57699649996/bamorg-performing-arts-venue,2013-08-08T13:00:56Z
mastersofhardcore.com,https://plaintextoffenders.com/post/57768154631/mastersofhardcorecom-record-label-festival,2013-08-09T05:00:42Z
mysms.com,https://plaintextoffenders.com/post/57789406113/mysmscom-messaging-app-after-installing-it-on-a,2013-08-09T13:00:54Z
duwo.nl,https://plaintextoffenders.com/post/57856321112/vasketiddk-kesolutionsdk-duwonl-dutch,2013-08-10T05:00:48Z
kesolutions.dk,https://plaintextoffenders.com/post/57856321112/vasketiddk-kesolutionsdk-duwonl-dutch,2013-08-10T05:00:48Z
vasketid.dk,https://plaintextoffenders.com/post/57856321112/vasketiddk-kesolutionsdk-duwonl-dutch,2013-08-10T05:00:48Z
itickets.com,https://plaintextoffenders.com/post/57877271199/iticketscom-event-tickets-and-they-limit,2013-08-10T13:00:54Z
waterloocyclingclub.ca,https://plaintextoffenders.com/post/57941223295/waterloocyclingclubca-cycling-club,2013-08-11T05:00:44Z
thepremiergroup.com,https://plaintextoffenders.com/post/57962964612/thepremiergroupcom-job-site-this-is-after,2013-08-11T13:00:46Z
flightmemory.com,https://plaintextoffenders.com/post/58033011651/flugstatistikde-flightmemorycom-personal,2013-08-12T05:00:26Z
flugstatistik.de,https://plaintextoffenders.com/post/58033011651/flugstatistikde-flightmemorycom-personal,2013-08-12T05:00:26Z
dacast.com,https://plaintextoffenders.com/post/58055348379/dacastcom-video-streaming-and-hosting-they-have,2013-08-12T13:01:17Z
php.brickhost.com,https://plaintextoffenders.com/post/58125458582/phpscheduleitorg-phpbrickhostcom-scheduling,2013-08-13T05:00:37Z
phpscheduleit.org,https://plaintextoffenders.com/post/58125458582/phpscheduleitorg-phpbrickhostcom-scheduling,2013-08-13T05:00:37Z
app47.com,https://plaintextoffenders.com/post/58147128508/app47com-enterprise-app-platform-here-is-your,2013-08-13T13:00:37Z
elementalled.com,https://plaintextoffenders.com/post/58217228282/elementalledcom-led-lighting-not-only-do-they,2013-08-14T05:00:25Z
steelonsteel.com,https://plaintextoffenders.com/post/58238682979/steelonsteelcom-web-radio,2013-08-14T13:00:36Z
lyricstranslate.com,https://plaintextoffenders.com/post/58307461599/lyricstranslatecom-translation-community-i,2013-08-15T05:00:43Z
ucbi.com,https://plaintextoffenders.com/post/58328350872/ucbicom-bank-they-are-rated-1-in-customer,2013-08-15T13:01:01Z
spinnakerresorts.com,https://plaintextoffenders.com/post/58396268764/spinnakerresortscom-vacations,2013-08-16T05:00:32Z
serversaustralia.com.au,https://plaintextoffenders.com/post/58417384277/serversaustraliacomau-hosting-vps-etc-these,2013-08-16T13:00:47Z
invitationhomesforrent.securecafe.com,https://plaintextoffenders.com/post/58483998111/invitationhomesforrentsecurecafecom-resident,2013-08-17T05:00:32Z
dek.com,https://plaintextoffenders.com/post/58505016318/dekcom-manufacturer-of-solder-paste-printing,2013-08-17T13:01:02Z
uni.me,https://plaintextoffenders.com/post/58571885909/unime-subdomains,2013-08-18T05:00:22Z
greenboxday.co.uk,https://plaintextoffenders.com/post/58600209858/greenboxdaycouk-recycling-collection-reminders,2013-08-18T13:00:38Z
redwolfairsoft.com,https://plaintextoffenders.com/post/58672509083/redwolfairsoftcom-airsoft-gun-supplies,2013-08-19T05:00:27Z
enrich.malaysiaairlines.com,https://plaintextoffenders.com/post/58694000111/enrichmalaysiaairlinescom-frequent-flyer,2013-08-19T13:00:55Z
ezsniper.com,https://plaintextoffenders.com/post/58764037135/ezsnipercom-auction-sniping-service-provides,2013-08-20T05:00:48Z
westjet.com,https://plaintextoffenders.com/post/58785029718/westjetcom-airline-the-account-was-created-at,2013-08-20T13:00:38Z
ciboespresso.redcat.com.au,https://plaintextoffenders.com/post/58911827516/ciboespressoredcatcomau-coffee-shop-loyalty,2013-08-21T13:00:40Z
goozex.com,https://plaintextoffenders.com/post/58984627705/goozexcom-online-video-game-exchangetrades,2013-08-22T05:00:43Z
qualitywindowscreen.com,https://plaintextoffenders.com/post/59006490278/qualitywindowscreencom-window-screens,2013-08-22T13:00:48Z
ajarproductions.com,https://plaintextoffenders.com/post/59078834956/ajarproductionscom-animation-studios,2013-08-23T05:00:38Z
petsvetshop.com.au,https://plaintextoffenders.com/post/59100537515/petsvetshopcomau-pet-supplies-i-signed-up-for,2013-08-23T13:00:43Z
msreadathon.org.au,https://plaintextoffenders.com/post/59171496874/msreadathonorgau-fundraising-website,2013-08-24T05:00:45Z
datingdirect.com,https://plaintextoffenders.com/post/59193306707/datingdirectcom-online-dating,2013-08-24T13:01:00Z
jejamescycles.co.uk,https://plaintextoffenders.com/post/59266009217/jejamescyclescouk-bikes-and-bike-components,2013-08-25T05:00:40Z
battleon.com,https://plaintextoffenders.com/post/59294779868/battleoncom-web-based-rpg-millions-of-accounts,2013-08-25T13:00:40Z
tbaytel.net,https://plaintextoffenders.com/post/59369670234/tbaytelnet-phone-cable-and-isp-services-i,2013-08-26T05:00:36Z
saffordproductions.net,https://plaintextoffenders.com/post/59391728271/saffordproductionsnet-casting-and-production,2013-08-26T13:00:52Z
couponcactus.com,https://plaintextoffenders.com/post/59465131580/couponcactuscom-coupon-information-and-affiliate,2013-08-27T05:00:32Z
plos.org,https://plaintextoffenders.com/post/59486463422/plosorg-open-access-journal-publishers-this,2013-08-27T13:00:52Z
anu.edu.au,https://plaintextoffenders.com/post/59562162970/elseviercom-anueduau-scientific-journal,2013-08-28T05:00:44Z
elsevier.com,https://plaintextoffenders.com/post/59562162970/elseviercom-anueduau-scientific-journal,2013-08-28T05:00:44Z
wantickets.com,https://plaintextoffenders.com/post/59583141593/wanticketscom-tickets-for-nightlife-events,2013-08-28T13:01:03Z
zymic.com,https://plaintextoffenders.com/post/59655637230/zymiccom-free-php-mysql-hosting-and-you-get,2013-08-29T05:00:21Z
bounty.com,https://plaintextoffenders.com/post/59676628499/bountycom-mothers-club-bounty-password-reset,2013-08-29T13:00:44Z
batchgeo.com,https://plaintextoffenders.com/post/59748734054/batchgeocom-interactive-maps-sends-passwords-in,2013-08-30T05:00:23Z
truethemes.net,https://plaintextoffenders.com/post/59769598522/truethemesnet-wordpress-themes-and-website,2013-08-30T13:00:38Z
ako.nl,https://plaintextoffenders.com/post/59840492875/akonl-online-book-store-they-give-you-a-false,2013-08-31T05:00:45Z
ltkalmar.se,https://plaintextoffenders.com/post/59951896561/ltkalmarse-county-council-applying-for-job,2013-09-01T09:00:36Z
cgnsecurity.com,https://plaintextoffenders.com/post/60062105375/complyguardnetworkscom-pcitestingcom-cgnsecurit,2013-09-02T09:00:41Z
pcitesting.com,https://plaintextoffenders.com/post/60062105375/complyguardnetworkscom-pcitestingcom-cgnsecurit,2013-09-02T09:00:41Z
complyguardnetworks.com,https://plaintextoffenders.com/post/60062105375/complyguardnetworkscom-pcitestingcom-cgnsecurit,2013-09-02T09:00:41Z
myheritage.com,https://plaintextoffenders.com/post/60164221238/myheritagecom-genealogy-service-i-got-this,2013-09-03T09:00:29Z
go2arena.com,https://plaintextoffenders.com/post/60256111443/go2arenacom-game-licenses-after-signing-up-not,2013-09-04T09:00:32Z
musicmagpie.co.uk,https://plaintextoffenders.com/post/60347011615/musicmagpiecouk-resellingrecycling-tech,2013-09-05T09:00:45Z
ticketscene.com,https://plaintextoffenders.com/post/60437480812/ticketsceneca-ticketscenecom-online,2013-09-06T09:00:22Z
ticketscene.ca,https://plaintextoffenders.com/post/60437480812/ticketsceneca-ticketscenecom-online,2013-09-06T09:00:22Z
wcn.co.uk,https://plaintextoffenders.com/post/60527774131/wcncouk-online-recruitment-of-graduates,2013-09-07T09:00:23Z
itestate.com.au,https://plaintextoffenders.com/post/60629305971/itestatecomau-computer-resellers,2013-09-08T09:00:33Z
freedompop.com,https://plaintextoffenders.com/post/60741864488/freedompopcom-wireless-data-provider-obviously,2013-09-09T10:00:41Z
boatsmartexam.com,https://plaintextoffenders.com/post/60833031285/boatsmartexamcom-boating-licenses-in-canada,2013-09-10T10:00:38Z
firsttutors.co.uk,https://plaintextoffenders.com/post/60922171457/firsttutorscom-firsttutorscouk-private,2013-09-11T10:00:46Z
firsttutors.com,https://plaintextoffenders.com/post/60922171457/firsttutorscom-firsttutorscouk-private,2013-09-11T10:00:46Z
novafile.com,https://plaintextoffenders.com/post/61012443113/novafilecom-cloud-storage-service-password,2013-09-12T10:04:24Z
motorcycleroads.com,https://plaintextoffenders.com/post/61101183538/motorcycleroadscom-motorcycle-road-and-route,2013-09-13T10:00:47Z
useyourlocal.com,https://plaintextoffenders.com/post/61190725593/useyourlocalcom-pub-and-bar-reviews-sending,2013-09-14T10:00:39Z
pictage.com,https://plaintextoffenders.com/post/61291323576/pictagecom-services-for-professional,2013-09-15T10:00:44Z
innovationchallenge.com,https://plaintextoffenders.com/post/61396001249/innovationchallengecom-competition,2013-09-16T10:00:52Z
hy-vee.com,https://plaintextoffenders.com/post/61488229037/hy-veecom-supermarket-chain-just-trying-to-find,2013-09-17T10:00:47Z
lunarpages.com,https://plaintextoffenders.com/post/61577390312/lunarpagescom-web-hosting-they-were-shocked,2013-09-18T10:01:10Z
konaworld.com,https://plaintextoffenders.com/post/61661442899/konaworldcom-bicycles-and-accessories,2013-09-19T10:01:03Z
bicycle.co.nz,https://plaintextoffenders.com/post/61747796862/bicycleconz-bicycles-and-accessories,2013-09-20T10:00:49Z
pinkgecko.com.au,https://plaintextoffenders.com/post/61837465169/pinkgeckocomau-web-and-print-design-after,2013-09-21T10:01:15Z
learndell.com,https://plaintextoffenders.com/post/61941460622/learndellcom-training-and-certification,2013-09-22T10:00:46Z
schnitzelhaus.com,https://plaintextoffenders.com/post/62050400120/schnitzelhauscom-restaurant-chain,2013-09-23T10:00:57Z
alibris.com,https://plaintextoffenders.com/post/62142350951/alibriscom-online-bookstore-they-send-clear,2013-09-24T10:01:02Z
nethawk.fi,https://plaintextoffenders.com/post/62231528513/nethawkfi-computer-network-assessment-if-you,2013-09-25T10:00:41Z
4launch.nl,https://plaintextoffenders.com/post/62320777935/4launchnl-computer-and-computer-components,2013-09-26T10:01:16Z
bfwpub.com,https://plaintextoffenders.com/post/62407816764/bfwpubcom-online-textbook-and-homework-software,2013-09-27T10:01:09Z
stagecoachbus.com,https://plaintextoffenders.com/post/62496467752/stagecoachbuscom-bus-and-coach-services,2013-09-28T10:01:12Z
gotprint.co.uk,https://plaintextoffenders.com/post/62598836485/gotprintcom-gotprintnet-gotprintcouk,2013-09-29T10:00:40Z
gotprint.net,https://plaintextoffenders.com/post/62598836485/gotprintcom-gotprintnet-gotprintcouk,2013-09-29T10:00:40Z
gotprint.com,https://plaintextoffenders.com/post/62598836485/gotprintcom-gotprintnet-gotprintcouk,2013-09-29T10:00:40Z
eventgenius.co.uk,https://plaintextoffenders.com/post/62716517092/eventgeniuscouk-event-management,2013-09-30T14:00:44Z
premiermarine.com,https://plaintextoffenders.com/post/62790993858/marineinsurancecom-premiermarinecom-managing,2013-10-01T06:00:33Z
marineinsurance.com,https://plaintextoffenders.com/post/62790993858/marineinsurancecom-premiermarinecom-managing,2013-10-01T06:00:33Z
derks-wielersport.nl,https://plaintextoffenders.com/post/62808798800/derks-wielersportnl-cycling-goods-password,2013-10-01T14:00:51Z
sterlinginfosystems.com,https://plaintextoffenders.com/post/62882624542/sterlinginfosystemscom-hr-firm-they-handle-the,2013-10-02T06:00:48Z
irchighway.net,https://plaintextoffenders.com/post/62900244830/irchighwaynet-public-irc-network,2013-10-02T14:00:37Z
greatactivity.net,https://plaintextoffenders.com/post/62973333515/greatactivitynet-physical-education-activities,2013-10-03T06:00:39Z
colegi.md,https://plaintextoffenders.com/post/62994048084/colegimd-social-network,2013-10-03T14:00:35Z
houseofsound.ch,https://plaintextoffenders.com/post/63064698753/houseofsoundch-musical-instruments-and-studio,2013-10-04T06:00:27Z
mouseprice.com,https://plaintextoffenders.com/post/63082088010/mousepricecom-house-prices-and-property,2013-10-04T14:00:50Z
123-reg.co.uk,https://plaintextoffenders.com/post/63150756331/123-regcouk-domains-and-web-hosting-this-is,2013-10-05T06:00:35Z
petpoint.co.il,https://plaintextoffenders.com/post/63171673832/petpointcoil-pet-shop-kind-enough-to-send-your,2013-10-05T14:00:53Z
geocaching.com,https://plaintextoffenders.com/post/63246888739/geocachingcom-gps-based-game-signed-up-with,2013-10-06T06:00:30Z
lernu.net,https://plaintextoffenders.com/post/63269770759/lernunet-language-instruction-site,2013-10-06T14:01:05Z
educator.com,https://plaintextoffenders.com/post/63354153385/educatorcom-online-teaching-service,2013-10-07T06:00:36Z
cashstore.fr,https://plaintextoffenders.com/post/63372279056/cashstorefr-promo-codes-this-is-a-forgot,2013-10-07T14:00:49Z
hostexcellence.com,https://plaintextoffenders.com/post/63448118344/hostexcellencecom-domain-registrar-and-web,2013-10-08T06:00:32Z
marriott.com,https://plaintextoffenders.com/post/63465755259/marriottcom-hotel-chain-i-was-very-surprised-to,2013-10-08T14:01:00Z
lacie.com,https://plaintextoffenders.com/post/63538183187/laciecom-computer-hardware-this-is-what-i-got,2013-10-09T06:00:36Z
amd4u.com,https://plaintextoffenders.com/post/63555555300/amdcom-amd4ucom-coupon-redemption-i-use,2013-10-09T14:00:46Z
amd.com,https://plaintextoffenders.com/post/63555555300/amdcom-amd4ucom-coupon-redemption-i-use,2013-10-09T14:00:46Z
ticketsatwork.com,https://plaintextoffenders.com/post/63626832656/ticketsatworkcom-corporate-benefits-programs,2013-10-10T06:00:41Z
depositfiles.com,https://plaintextoffenders.com/post/63643871428/depositfilescom-file-hosting,2013-10-10T14:00:35Z
pulsedmedia.com,https://plaintextoffenders.com/post/63713358257/pulsedmediacom-bittorrent-servers,2013-10-11T06:00:24Z
talentlms.com,https://plaintextoffenders.com/post/63730864840/talentlmscom-e-learning-platform,2013-10-11T14:00:50Z
thegnomonworkshop.com,https://plaintextoffenders.com/post/63800297587/thegnomonworkshopcom-professional-training-for,2013-10-12T06:00:22Z
digitalpacific.com.au,https://plaintextoffenders.com/post/63809778632/digitalpacificcomau-email-web-vps-hosting,2013-10-12T10:00:49Z
points2shop.com,https://plaintextoffenders.com/post/63906252759/points2shopcom-rewards-for-tasks-they-seemed,2013-10-13T10:00:34Z
uvi.net,https://plaintextoffenders.com/post/64007406063/uvinet-soft-synth-manufacturer-thanks-for-their,2013-10-14T10:00:48Z
jaital.com,https://plaintextoffenders.com/post/64104451531/jaitalcom-tours-and-excursions,2013-10-15T10:00:44Z
federalsoup.com,https://plaintextoffenders.com/post/64195998928/federalsoupcom-employee-forums,2013-10-16T10:00:54Z
samsungusa.com,https://plaintextoffenders.com/post/64286933853/samsungusacom-electronics-manufacturer-in-a,2013-10-17T10:01:04Z
mtsd.k12.nj.us,https://plaintextoffenders.com/post/64376564582/mtsdus-mtsdk12njus-school-district-parents,2013-10-18T10:00:46Z
mtsd.us,https://plaintextoffenders.com/post/64376564582/mtsdus-mtsdk12njus-school-district-parents,2013-10-18T10:00:46Z
newshosting.com,https://plaintextoffenders.com/post/64563076713/newshostingcom-usenet-provider-when-you-type-in,2013-10-20T10:00:53Z
wwhardware.com,https://plaintextoffenders.com/post/64668916738/wwhardwarecom-woodworking-hardware-shop,2013-10-21T10:00:50Z
nationsphotolab.com,https://plaintextoffenders.com/post/64763250091/nationsphotolabcom-photo-lab-when-submitting-a,2013-10-22T10:01:07Z
collarme.com,https://plaintextoffenders.com/post/64854787203/collarmecom-bdsm-personals-and-community,2013-10-23T10:00:57Z
privateislandsonline.com,https://plaintextoffenders.com/post/64945233322/privateislandsonlinecom-private-islands-realtor,2013-10-24T10:01:14Z
photonvps.com,https://plaintextoffenders.com/post/65033575900/photonvpscom-vps-provider-i-got-this-as-i,2013-10-25T10:00:57Z
findagrave.com,https://plaintextoffenders.com/post/65122352369/findagravecom-gravesite-database,2013-10-26T10:00:53Z
hitched.co.uk,https://plaintextoffenders.com/post/65219023227/hitchedcouk-wedding-planning-my-fiancee-just,2013-10-27T10:00:52Z
all-inkl.com,https://plaintextoffenders.com/post/65324785926/all-inklcom-web-hosting-servers-and-domains,2013-10-28T10:00:59Z
moneywizapp.com,https://plaintextoffenders.com/post/65421399950/moneywizappcom-personal-financing-app-they-will,2013-10-29T10:00:55Z
howtofascinate.com,https://plaintextoffenders.com/post/65512635585/howtofascinatecom-personality-training,2013-10-30T10:01:03Z
shentel.com,https://plaintextoffenders.com/post/65602144115/shentelcom-cable-tv-internet-provider-they,2013-10-31T10:00:47Z
uscyberpatriot.org,https://plaintextoffenders.com/post/65681621665/uscyberpatriotorg-competition-this-is,2013-11-01T10:00:44Z
zappateers.com,https://plaintextoffenders.com/post/65773708855/zappateerscom-fan-club-the-picture-regards-the,2013-11-02T10:00:59Z
firststateauctions.com.au,https://plaintextoffenders.com/post/65876431624/firststateauctionscomau-actions-they-are-the,2013-11-03T10:00:40Z
codegolf.com,https://plaintextoffenders.com/post/65985362363/codegolfcom-coding-contests,2013-11-04T10:00:19Z
textbookexchange.com.au,https://plaintextoffenders.com/post/66081240882/studentservicescomau,2013-11-05T10:00:48Z
studentvip.com.au,https://plaintextoffenders.com/post/66081240882/studentservicescomau,2013-11-05T10:00:48Z
studentservices.com.au,https://plaintextoffenders.com/post/66081240882/studentservicescomau,2013-11-05T10:00:48Z
rookwarenshop.nl,https://plaintextoffenders.com/post/66175464904/rookwarenshopnl-electric-cigarettes,2013-11-06T10:00:36Z
humedica.acquiretm.com,https://plaintextoffenders.com/post/66268071303/acquiretmcom-humedicaacquiretmcom-recruiting,2013-11-07T10:00:39Z
acquiretm.com,https://plaintextoffenders.com/post/66268071303/acquiretmcom-humedicaacquiretmcom-recruiting,2013-11-07T10:00:39Z
housershoes.com,https://plaintextoffenders.com/post/66359971964/housershoescom-shoe-shop-they-sent-me-my-chosen,2013-11-08T10:00:31Z
seevogh.com,https://plaintextoffenders.com/post/66452155264/seevoghcom-teleconferencing-software-suite,2013-11-09T10:00:36Z
orbea.com,https://plaintextoffenders.com/post/66555885432/orbeacom-bicycle-manufacturer-i-recently-bought,2013-11-10T10:00:40Z
club-individual.co.uk,https://plaintextoffenders.com/post/66665478714/club-individualcouk-restaurant-loyalty-card,2013-11-11T10:00:26Z
oliverslabels.com,https://plaintextoffenders.com/post/66767991854/oliverslabelscom-labels-for-children-their,2013-11-12T10:00:43Z
stepstone.com,https://plaintextoffenders.com/post/66862970886/stepstonecom-job-board-ses-career-center-dont,2013-11-13T10:00:49Z
hodderplus.co.uk,https://plaintextoffenders.com/post/66955701716/hodderpluscom-hodderpluscouk-textbook,2013-11-14T10:00:32Z
hodderplus.com,https://plaintextoffenders.com/post/66955701716/hodderpluscom-hodderpluscouk-textbook,2013-11-14T10:00:32Z
crossfit.com,https://plaintextoffenders.com/post/67047283365/crossfitcom-fitness-displaying-rigor-in-exactly,2013-11-15T10:00:33Z
cvsphoto.com,https://plaintextoffenders.com/post/67139243829/cvsphotocom-photo-printing-forgot-my-password,2013-11-16T10:00:21Z
fashionfriends.ch,https://plaintextoffenders.com/post/67243546874/fashionfriendsch-personal-shopping-portal-they,2013-11-17T10:00:27Z
pubservice.com,https://plaintextoffenders.com/post/67356038885/pubservicecom-online-publication-fulfillment,2013-11-18T10:00:38Z
clear.com,https://plaintextoffenders.com/post/67455348699/clearcom-wireless-isp-wanted-to-reset-password,2013-11-19T10:00:47Z
digitalrowing.com,https://plaintextoffenders.com/post/67551413904/digitalrowingcom-rowing-software-i-told-them,2013-11-20T10:00:23Z
greateducation.co.uk,https://plaintextoffenders.com/post/67648074922/greateducationcouk-employment-agency-with-the,2013-11-21T10:00:34Z
pressmo.com,https://plaintextoffenders.com/post/67741894738/pressmocom-web-publishing-the-email-is-sent,2013-11-22T10:00:37Z
iaff2970.org,https://plaintextoffenders.com/post/67834843303/unioncentricscom-iafflocal975org-iaff2007org,2013-11-23T10:00:33Z
upperarlingtonfirefighters.org,https://plaintextoffenders.com/post/67834843303/unioncentricscom-iafflocal975org-iaff2007org,2013-11-23T10:00:33Z
iaff26.org,https://plaintextoffenders.com/post/67834843303/unioncentricscom-iafflocal975org-iaff2007org,2013-11-23T10:00:33Z
iafflocal2818.org,https://plaintextoffenders.com/post/67834843303/unioncentricscom-iafflocal975org-iaff2007org,2013-11-23T10:00:33Z
mfdlocal2568.org,https://plaintextoffenders.com/post/67834843303/unioncentricscom-iafflocal975org-iaff2007org,2013-11-23T10:00:33Z
iaff3279.com,https://plaintextoffenders.com/post/67834843303/unioncentricscom-iafflocal975org-iaff2007org,2013-11-23T10:00:33Z
lemongrovefirefighters.com,https://plaintextoffenders.com/post/67834843303/unioncentricscom-iafflocal975org-iaff2007org,2013-11-23T10:00:33Z
iaff3808.org,https://plaintextoffenders.com/post/67834843303/unioncentricscom-iafflocal975org-iaff2007org,2013-11-23T10:00:33Z
iaff2665district2.org,https://plaintextoffenders.com/post/67834843303/unioncentricscom-iafflocal975org-iaff2007org,2013-11-23T10:00:33Z
iaff1588.org,https://plaintextoffenders.com/post/67834843303/unioncentricscom-iafflocal975org-iaff2007org,2013-11-23T10:00:33Z
local365.net,https://plaintextoffenders.com/post/67834843303/unioncentricscom-iafflocal975org-iaff2007org,2013-11-23T10:00:33Z
iaff1492.org,https://plaintextoffenders.com/post/67834843303/unioncentricscom-iafflocal975org-iaff2007org,2013-11-23T10:00:33Z
iafflocal1363.com,https://plaintextoffenders.com/post/67834843303/unioncentricscom-iafflocal975org-iaff2007org,2013-11-23T10:00:33Z
clayfire1630.com,https://plaintextoffenders.com/post/67834843303/unioncentricscom-iafflocal975org-iaff2007org,2013-11-23T10:00:33Z
capefirefighters.com,https://plaintextoffenders.com/post/67834843303/unioncentricscom-iafflocal975org-iaff2007org,2013-11-23T10:00:33Z
breafirefighters.org,https://plaintextoffenders.com/post/67834843303/unioncentricscom-iafflocal975org-iaff2007org,2013-11-23T10:00:33Z
iafflocal3051.org,https://plaintextoffenders.com/post/67834843303/unioncentricscom-iafflocal975org-iaff2007org,2013-11-23T10:00:33Z
ashlandohiofire.org,https://plaintextoffenders.com/post/67834843303/unioncentricscom-iafflocal975org-iaff2007org,2013-11-23T10:00:33Z
asburyparkfirefighters.net,https://plaintextoffenders.com/post/67834843303/unioncentricscom-iafflocal975org-iaff2007org,2013-11-23T10:00:33Z
iaff2007.org,https://plaintextoffenders.com/post/67834843303/unioncentricscom-iafflocal975org-iaff2007org,2013-11-23T10:00:33Z
iafflocal975.org,https://plaintextoffenders.com/post/67834843303/unioncentricscom-iafflocal975org-iaff2007org,2013-11-23T10:00:33Z
unioncentrics.com,https://plaintextoffenders.com/post/67834843303/unioncentricscom-iafflocal975org-iaff2007org,2013-11-23T10:00:33Z
diveassure.com,https://plaintextoffenders.com/post/67940517264/diveassurecom-diver-insurance,2013-11-24T10:00:22Z
ledhut.co.uk,https://plaintextoffenders.com/post/68051957589/ledhutcouk-led-lighting,2013-11-25T10:00:21Z
sos.state.tx.us,https://plaintextoffenders.com/post/68152196480/sosstatetxus-government-website-businesses,2013-11-26T10:00:31Z
webselfstorage.com,https://plaintextoffenders.com/post/68251844765/uhaulstoragecom-webselfstoragecom-storage,2013-11-27T10:00:34Z
uhaulstorage.com,https://plaintextoffenders.com/post/68251844765/uhaulstoragecom-webselfstoragecom-storage,2013-11-27T10:00:34Z
llnw.com,https://plaintextoffenders.com/post/68353523957/llnwcom-web-infrastructure-services-after-an,2013-11-28T10:00:24Z
storskrald.dk,https://plaintextoffenders.com/post/68450052368/storskralddk-community-recycling,2013-11-29T10:00:49Z
girlfriend.dk,https://plaintextoffenders.com/post/68550411525/boyfrienddk-girlfrienddk-lgbt-dating-site,2013-11-30T10:00:42Z
boyfriend.dk,https://plaintextoffenders.com/post/68550411525/boyfrienddk-girlfrienddk-lgbt-dating-site,2013-11-30T10:00:42Z
pleygo.com,https://plaintextoffenders.com/post/68656597107/pleygocom-game-rentals-they-sent-me-my-password,2013-12-01T10:00:23Z
arbico.co.uk,https://plaintextoffenders.com/post/68769156751/arbicocouk-custom-desktop-computers-ecommerce,2013-12-02T10:00:35Z
pharmaca.com,https://plaintextoffenders.com/post/68868644259/pharmacacom-pharmacy-its-been-a-long-time,2013-12-03T10:00:48Z
datasport.com,https://plaintextoffenders.com/post/68966724596/datasportcom-service-provider-for-sporting,2013-12-04T10:00:44Z
vieraconnect.com,https://plaintextoffenders.com/post/69064412816/vieraconnectcom-app-and-accessories-store,2013-12-05T10:00:29Z
theater-am-kaefigturm.ch,https://plaintextoffenders.com/post/69159476615/theater-am-kaefigturmch-theater-when-i-reset-my,2013-12-06T10:00:39Z
werknemerloket.nl,https://plaintextoffenders.com/post/69256144309/werknemerloketnl-salary-administration-system,2013-12-07T10:00:33Z
talongrips.com,https://plaintextoffenders.com/post/69361718136/talongungripscom-talongripscom-gun-grips,2013-12-08T10:00:42Z
talongungrips.com,https://plaintextoffenders.com/post/69361718136/talongungripscom-talongripscom-gun-grips,2013-12-08T10:00:42Z
logicaloperations.com,https://plaintextoffenders.com/post/69474268864/logicaloperationscom-courseware,2013-12-09T10:00:23Z
marathon-photos.com,https://plaintextoffenders.com/post/69577344167/global-pixcom-marathon-photoscom-professional,2013-12-10T10:00:35Z
global-pix.com,https://plaintextoffenders.com/post/69577344167/global-pixcom-marathon-photoscom-professional,2013-12-10T10:00:35Z
conv.com,https://plaintextoffenders.com/post/69679338507/convcom-staffing-company,2013-12-11T10:00:39Z
interparcel.com,https://plaintextoffenders.com/post/69776362037/interparcelcom-delivery-broker-encouraging,2013-12-12T10:00:52Z
totohost.hr,https://plaintextoffenders.com/post/69870208004/totohosthr-web-hosting-the-text-is-in-croatian,2013-12-13T10:00:43Z
steria.co.uk,https://plaintextoffenders.com/post/69963156449/steriacom-steriacouk-it-services-after,2013-12-14T10:00:47Z
steria.com,https://plaintextoffenders.com/post/69963156449/steriacom-steriacouk-it-services-after,2013-12-14T10:00:47Z
borsen.dk,https://plaintextoffenders.com/post/70068124172/borsendk-news-magazine-they-send-the-password,2013-12-15T10:00:24Z
indiacircus.com,https://plaintextoffenders.com/post/70179405326/indiacircuscom-designer-home-wares,2013-12-16T10:00:29Z
accela.com,https://plaintextoffenders.com/post/70279926203/accelacom-government-services-platform,2013-12-17T10:00:42Z
ptcb.org,https://plaintextoffenders.com/post/70379260206/ptcborg-government-certification-the-new,2013-12-18T10:00:53Z
ventrachicago.com,https://plaintextoffenders.com/post/70477391462/ventrachicagocom-public-transportation-payment,2013-12-19T10:00:34Z
biochemdistribution.net,https://plaintextoffenders.com/post/70574520497/biochemdistributionco-biochemdistributionnet,2013-12-20T10:00:22Z
biochemdistribution.co,https://plaintextoffenders.com/post/70574520497/biochemdistributionco-biochemdistributionnet,2013-12-20T10:00:22Z
pressmart.com,https://plaintextoffenders.com/post/70671911855/pressmartcom-online-self-publishing-i-want-to,2013-12-21T10:00:36Z
avalonaccess.com,https://plaintextoffenders.com/post/70773574322/avalonaccesscom-resident-services-this-is-a,2013-12-22T10:00:35Z
riadarecruitment.com,https://plaintextoffenders.com/post/70995249477/riadarecruitmentcom-recruitment-company,2013-12-24T10:00:37Z
wideo.co,https://plaintextoffenders.com/post/71094513992/wideoco-animated-online-video-creation-on,2013-12-25T10:00:39Z
cheapbedsale.co.uk,https://plaintextoffenders.com/post/71190939102/cheapbedsalecouk-beds-and-mattresses-they,2013-12-26T10:00:21Z
bitshare.com,https://plaintextoffenders.com/post/71295758911/bitsharecom-file-hosting-complete-log-in,2013-12-27T10:00:43Z
digitalocean.com,https://plaintextoffenders.com/post/71401728898/digitaloceancom-vps-webhost-theyll-send-you,2013-12-28T10:00:37Z
du.edu,https://plaintextoffenders.com/post/71507843036/duedu-university-adding-insult-to-injury,2013-12-29T10:00:33Z
dmachoice.org,https://plaintextoffenders.com/post/71623154753/dmachoiceorg-mail-helper-the-site-is-so-bad,2013-12-30T10:00:29Z
appliancesconnection.com,https://plaintextoffenders.com/post/71738153004/appliancesconnectioncom-appliances-sends-plain,2013-12-31T10:00:52Z
capgemini.com,https://plaintextoffenders.com/post/71834992466/careersukcapgeminicom-capgeminicom-it,2014-01-01T10:00:33Z
careers.uk.capgemini.com,https://plaintextoffenders.com/post/71834992466/careersukcapgeminicom-capgeminicom-it,2014-01-01T10:00:33Z
39dollarsglasses.com,https://plaintextoffenders.com/post/71951965178/39dollarsglassescom-eyewear-shop-after,2014-01-02T10:00:38Z
installatron.com,https://plaintextoffenders.com/post/72072472048/installatroncom-web-software-installation,2014-01-03T10:00:28Z
xbitlabs.com,https://plaintextoffenders.com/post/72191158841/xbitlabscom-hardwaretech-news-site-after,2014-01-04T10:00:32Z
pheonixpubliclibrary.org,https://plaintextoffenders.com/post/72307695241/pheonixpubliclibraryorg-public-library-i,2014-01-05T10:00:23Z
flynumber.com,https://plaintextoffenders.com/post/72428800664/flynumbercom-virtual-phones-and-voip-i-just,2014-01-06T10:00:22Z
sendmycall.com,https://plaintextoffenders.com/post/72541543689/sendmycallcom-enterprise-phone-systems-pbx,2014-01-07T10:00:18Z
cdkeys.com,https://plaintextoffenders.com/post/72650998224/cdkeyscom-computer-and-console-games-e-mailed,2014-01-08T10:00:24Z
netcetera.co.uk,https://plaintextoffenders.com/post/72755700990/netceteracouk-web-hosting-in-addition-to-being,2014-01-09T10:00:43Z
ashasalonspa.com,https://plaintextoffenders.com/post/72858322717/ashasalonspacom-spa-ill-be-super-relaxed-at-my,2014-01-10T10:00:27Z
cvpcorp.com,https://plaintextoffenders.com/post/72962212944/cvpcorpcom-it-solutions-for-the-commercial-and,2014-01-11T10:00:30Z
streamline.net,https://plaintextoffenders.com/post/73076079577/streamlinenet-web-hosting-forgot-your-login-for,2014-01-12T10:00:26Z
mgid.com,https://plaintextoffenders.com/post/73194322582/mgidcom-web-traffic-exchange,2014-01-13T10:00:37Z
sharedtalk.com,https://plaintextoffenders.com/post/73295468378/sharedtalkcom-language-exchange-community,2014-01-14T10:00:40Z
gourmetads.com,https://plaintextoffenders.com/post/73398465687/gourmetadscom-ad-exchange-the-worst-part-is-i,2014-01-15T10:00:40Z
creation.co.uk,https://plaintextoffenders.com/post/73501104987/creationcouk-personal-finance-and-insurance,2014-01-16T10:00:27Z
politicopro.com,https://plaintextoffenders.com/post/73602683468/politicoprocom-news-service-fail,2014-01-17T10:00:40Z
rivosafeguard.co.uk,https://plaintextoffenders.com/post/73704593951/rivosafeguardcom-rivosafeguardcouk-health-and,2014-01-18T10:00:31Z
rivosafeguard.com,https://plaintextoffenders.com/post/73704593951/rivosafeguardcom-rivosafeguardcouk-health-and,2014-01-18T10:00:31Z
vodafone.nz,https://plaintextoffenders.com/post/73816028324/vodafonenz-telecommunications-provider-reply-to,2014-01-19T10:00:24Z
world66.com,https://plaintextoffenders.com/post/73935648443/world66com-travel,2014-01-20T10:00:22Z
isfg.de,https://plaintextoffenders.com/post/74049542962/telfadornet-isfgde-it-services,2014-01-21T10:00:38Z
telfador.net,https://plaintextoffenders.com/post/74049542962/telfadornet-isfgde-it-services,2014-01-21T10:00:38Z
androbit.net,https://plaintextoffenders.com/post/74158911095/androbitnet-tech-magazine-i-just-made-a,2014-01-22T10:00:23Z
myportsmouthjobs.co.uk,https://plaintextoffenders.com/post/74266523864/myportsmouthjobscouk-jobs-board,2014-01-23T10:00:42Z
mapmyfitness.com,https://plaintextoffenders.com/post/74372054054/mapmyfitnesscom-various-fitness-walking,2014-01-24T10:00:18Z
pango.co.il,https://plaintextoffenders.com/post/74477481089/pangocoil-parking-services-sent-me-a-random,2014-01-25T10:00:00Z
silkbody.co.uk,https://plaintextoffenders.com/post/74591965955/silkbodycouk-silk-clothing,2014-01-26T10:00:34Z
torguard.net,https://plaintextoffenders.com/post/74712004147/torguardnet-vpnencrypted-email-provider,2014-01-27T10:00:42Z
webtickets.co.za,https://plaintextoffenders.com/post/74820809127/webticketscoza-entertainment-event-tickets,2014-01-28T10:00:33Z
maryland.gov,https://plaintextoffenders.com/post/74929828122/v3mdlandrecnet-marylandgov-land-records,2014-01-29T10:00:29Z
v3.mdlandrec.net,https://plaintextoffenders.com/post/74929828122/v3mdlandrecnet-marylandgov-land-records,2014-01-29T10:00:29Z
redboxinstant.com,https://plaintextoffenders.com/post/75036273683/redboxinstantcom-video-on-demand-ok-they-dont,2014-01-30T10:00:28Z
illutia.com,https://plaintextoffenders.com/post/75139202659/illutiacom-online-game-sent-me-this-back-when-i,2014-01-31T10:00:39Z
consciousbox.com,https://plaintextoffenders.com/post/75241015917/consciousboxcom-natural-products-shop-ive,2014-02-01T10:00:41Z
korwater.com,https://plaintextoffenders.com/post/75352551884/korwatercom-water-bottles-i-notified-them-and,2014-02-02T10:00:16Z
jobs.rbs.com,https://plaintextoffenders.com/post/75469425570/rbsjobs-jobsrbscom-bank-careers,2014-02-03T10:00:40Z
rbs.jobs,https://plaintextoffenders.com/post/75469425570/rbsjobs-jobsrbscom-bank-careers,2014-02-03T10:00:40Z
eoddata.com,https://plaintextoffenders.com/post/75576710437/eoddatacom-stock-prices-forgotten-password,2014-02-04T10:00:42Z
compass.net.nz,https://plaintextoffenders.com/post/75679240552/compassnetnz-broadband-internet-guilty-of,2014-02-05T10:00:43Z
4pcb.com,https://plaintextoffenders.com/post/75785598529/4pcbcom-printed-circuit-board-fabrication-this,2014-02-06T10:00:33Z
newsbank.com,https://plaintextoffenders.com/post/75886214832/newsbankcom-news-and-information-provider,2014-02-07T10:00:15Z
stampworld.com,https://plaintextoffenders.com/post/75985781605/stampworldcom-stamp-catalogue,2014-02-08T10:00:25Z
adp.com,https://plaintextoffenders.com/post/76095973636/adpcom-business-outsourcing-i-was-applying-for,2014-02-09T10:00:33Z
cnpq.br,https://plaintextoffenders.com/post/76210692363/cnpqbr-government-organization-this-is-the,2014-02-10T10:00:36Z
studentstaden.se,https://plaintextoffenders.com/post/76313634722/studentstadense-student-apartments-for-rent,2014-02-11T10:00:40Z
metallica.com,https://plaintextoffenders.com/post/76414594052/metclubcom-metallicacom-fan-club-after,2014-02-12T10:00:41Z
metclub.com,https://plaintextoffenders.com/post/76414594052/metclubcom-metallicacom-fan-club-after,2014-02-12T10:00:41Z
news.com.au,https://plaintextoffenders.com/post/76515576049/newscomau-news-agency,2014-02-13T10:00:52Z
sdc.com,https://plaintextoffenders.com/post/76619208387/sdccom-personals-swingers-date-club-claiming-3,2014-02-14T10:00:43Z
lincolncenter.org,https://plaintextoffenders.com/post/76717902507/lincolncenterorg-performing-arts-venue-complex,2014-02-15T10:00:37Z
britishjobs.co.uk,https://plaintextoffenders.com/post/76828252585/britishjobscouk-job-board,2014-02-16T10:00:23Z
3dissue.com,https://plaintextoffenders.com/post/76943803900/3dissuecom-online-magazines-i-contacted-them,2014-02-17T10:00:38Z
demoscene.tv,https://plaintextoffenders.com/post/77056159003/demoscenetv-demoscene-community-i-received-this,2014-02-18T10:00:30Z
qatarairways.com,https://plaintextoffenders.com/post/77162364238/qmilescom-qatarairwayscom-airline-members-club,2014-02-19T10:00:35Z
qmiles.com,https://plaintextoffenders.com/post/77162364238/qmilescom-qatarairwayscom-airline-members-club,2014-02-19T10:00:35Z
alldata.com,https://plaintextoffenders.com/post/77265497622/alldatacom-automotive-oem-information,2014-02-20T10:00:14Z
cineplex.com,https://plaintextoffenders.com/post/77367568939/cineplexcom-cinema-complex-chain,2014-02-21T10:00:17Z
nuke8live.com,https://plaintextoffenders.com/post/77467950742/nuke8livecom-digital-event,2014-02-22T10:00:18Z
amadeus.net,https://plaintextoffenders.com/post/77574040057/amadeusnet-trip-planning-site-amongst-other,2014-02-23T10:00:25Z
tele2.se,https://plaintextoffenders.com/post/77690715473/comviqse-tele2se-telecom-internet-tv,2014-02-24T10:00:41Z
comviq.se,https://plaintextoffenders.com/post/77690715473/comviqse-tele2se-telecom-internet-tv,2014-02-24T10:00:41Z
tranzilla.co.il,https://plaintextoffenders.com/post/77794520266/tranzilacom-tranzillacoil-payment-gateway,2014-02-25T10:00:30Z
tranzila.com,https://plaintextoffenders.com/post/77794520266/tranzilacom-tranzillacoil-payment-gateway,2014-02-25T10:00:30Z
trekland.sk,https://plaintextoffenders.com/post/77895880607/treklandsk-outdoor-equipment-online-store-email,2014-02-26T10:00:41Z
cooperativeenergy.coop,https://plaintextoffenders.com/post/77996601997/cooperativeenergycoop-energy-provider-what,2014-02-27T10:00:27Z
tcs.com,https://plaintextoffenders.com/post/78096391987/tcscom-it-company-in-order-to-apply-for-a-job,2014-02-28T10:00:25Z
taxiforsure.com,https://plaintextoffenders.com/post/78196578716/taxiforsurecom-cab-service,2014-03-01T10:00:20Z
wetherspoonjobs.co.uk,https://plaintextoffenders.com/post/78306188711/wetherspoonjobscouk-pub-chains-job-board,2014-03-02T10:00:23Z
vibramfivefingers.com,https://plaintextoffenders.com/post/78427575764/vibramfivefingerscom-shoe-brand-they-evidently,2014-03-03T10:00:20Z
icgrouplp.com,https://plaintextoffenders.com/post/78534842615/icmoduscom-icgrouplpcom-interactive,2014-03-04T10:00:25Z
icmodus.com,https://plaintextoffenders.com/post/78534842615/icmoduscom-icgrouplpcom-interactive,2014-03-04T10:00:25Z
goshow.co.il,https://plaintextoffenders.com/post/78637190277/goshowcoil-show-tickets-i-never-opened-an,2014-03-05T10:00:24Z
stievie.be,https://plaintextoffenders.com/post/78836457358/stieviebe-streaming-tv-service,2014-03-07T10:00:24Z
nfl.com,https://plaintextoffenders.com/post/78935286968/nflcom-sports-league-wanted-to-bid-on-an-nfl,2014-03-08T10:00:14Z
livetecs.com,https://plaintextoffenders.com/post/79042334267/livetecscom-online-time-tracking-immediately,2014-03-09T10:00:44Z
vaxjo.dexter-ist.com,https://plaintextoffenders.com/post/79153746794/vaxjodexter-istcom-government-system-admission,2014-03-10T10:00:45Z
autonomy.corporatecounsel.law.com,https://plaintextoffenders.com/post/79242643420/autonomycorporatecounsellawcom-corporate,2014-03-11T06:00:27Z
vps.me,https://plaintextoffenders.com/post/79262096122/vpsme-vps-offers-free-and-low-cost-vps-plans,2014-03-11T14:00:53Z
nscs.org,https://plaintextoffenders.com/post/79339695795/nscsorg-academic-society-i-received-this,2014-03-12T06:00:15Z
scoopnyc.com,https://plaintextoffenders.com/post/79438744894/scoopnyccom-clothing-after-signing-up-with-a,2014-03-13T06:00:34Z
scholarone.com,https://plaintextoffenders.com/post/79458020018/gastroorg-scholaronecom-professional,2014-03-13T14:00:24Z
gastro.org,https://plaintextoffenders.com/post/79458020018/gastroorg-scholaronecom-professional,2014-03-13T14:00:24Z
selectscience.net,https://plaintextoffenders.com/post/79534745238/selectsciencenet-science-equipment-and,2014-03-14T06:00:34Z
mih-jeans.com,https://plaintextoffenders.com/post/79553970590/mih-jeanscom-clothing-brand,2014-03-14T14:00:44Z
labsupport.co.uk,https://plaintextoffenders.com/post/79629828993/labsupportcom-labsupportcouk-employment,2014-03-15T06:00:16Z
labsupport.com,https://plaintextoffenders.com/post/79629828993/labsupportcom-labsupportcouk-employment,2014-03-15T06:00:16Z
bluevm.com,https://plaintextoffenders.com/post/79652299802/bluevmcom-vps-this-is-the-my-services-page,2014-03-15T14:00:37Z
1stcentral.co.uk,https://plaintextoffenders.com/post/79734050363/1stcentralcouk-insurance,2014-03-16T06:00:19Z
zenbedrooms.com,https://plaintextoffenders.com/post/79758742209/zenbedroomscom-bedroom-apparel-i-sent-their,2014-03-16T14:00:26Z
evertondirect.com,https://plaintextoffenders.com/post/79847452150/evertondirectcom-football-club-store,2014-03-17T06:00:18Z
gtservicing.com,https://plaintextoffenders.com/post/79867739387/gtservicingcom-mortgages,2014-03-17T14:00:46Z
generousgenealogists.com,https://plaintextoffenders.com/post/79949052030/generousgenealogistscom-genealogy-resource,2014-03-18T06:00:22Z
rolanddg.com.au,https://plaintextoffenders.com/post/79968274337/rolanddgcomau-professional-printers,2014-03-18T14:00:47Z
bectu.org.uk,https://plaintextoffenders.com/post/80046758880/bectuorguk-trade-union-they-also-limit,2014-03-19T06:00:21Z
originlab.com,https://plaintextoffenders.com/post/80066120813/originlabcom-data-analysis-software,2014-03-19T14:00:44Z
housing-technology.com,https://plaintextoffenders.com/post/80144764028/housing-technologycom-it-news-service-welcome,2014-03-20T06:00:14Z
angryyoungandpoor.com,https://plaintextoffenders.com/post/80164067670/angryyoungandpoorcom-clothing-and-accessories,2014-03-20T14:00:40Z
byu.edu,https://plaintextoffenders.com/post/80240455260/byuedu-university-i-was-sent-both-my-password,2014-03-21T06:00:29Z
freelancersoutpost.com,https://plaintextoffenders.com/post/80259954967/freelancersoutpostcom-freelancer-marketplace,2014-03-21T14:00:30Z
healingwell.com,https://plaintextoffenders.com/post/80335361816/healingwellcom-health-forum,2014-03-22T06:00:14Z
enneagraminstitute.com,https://plaintextoffenders.com/post/80357896674/enneagraminstitutecom-new-age-institute-not,2014-03-22T14:00:23Z
coop.dk,https://plaintextoffenders.com/post/80439710740/coopdk-retail-store-chain-also-running-a,2014-03-23T06:00:12Z
instantseats.com,https://plaintextoffenders.com/post/80451541506/instantseatscom-ticket-fulfillment-they-claim,2014-03-23T10:00:36Z
skircr.com,https://plaintextoffenders.com/post/80564020951/skircrcom-ski-resorts-ski-card-registration,2014-03-24T10:00:39Z
minecraftskins.com,https://plaintextoffenders.com/post/80665946731/minecraftskinscom-game-addons-here-they-are,2014-03-25T10:00:44Z
visit.com,https://plaintextoffenders.com/post/80766382188/svifse-citybreakcom-visitcom-hostel-booking,2014-03-26T10:00:34Z
citybreak.com,https://plaintextoffenders.com/post/80766382188/svifse-citybreakcom-visitcom-hostel-booking,2014-03-26T10:00:34Z
svif.se,https://plaintextoffenders.com/post/80766382188/svifse-citybreakcom-visitcom-hostel-booking,2014-03-26T10:00:34Z
cryptsy.com,https://plaintextoffenders.com/post/80866735323/cryptsycom-crypto-currency-exchange-you-would,2014-03-27T10:00:38Z
scint.co.uk,https://plaintextoffenders.com/post/80963824418/scintcouk-science-sector-recruitment-after,2014-03-28T10:00:39Z
timetrade.com,https://plaintextoffenders.com/post/81058605634/timetradecom-appointment-scheduling-artona-does,2014-03-29T09:00:24Z
ticketmaster.com,https://plaintextoffenders.com/post/81164666863/ticketmastercom-event-tickets-did-you-just,2014-03-30T09:00:19Z
va.gov,https://plaintextoffenders.com/post/81276439051/vagov-veteran-services-this-would-be-the,2014-03-31T09:00:24Z
commerce.wa.gov.au,https://plaintextoffenders.com/post/81376342494/commercewagovau-government-with-only-a-6-8,2014-04-01T09:00:23Z
active-domain.com,https://plaintextoffenders.com/post/81473833758/active-domaincom-domain-registrar-i-received,2014-04-02T09:00:31Z
reunica.com,https://plaintextoffenders.com/post/81571602886/reunicacom-personal-pension-scheme-provider,2014-04-03T09:00:32Z
cafepress.com,https://plaintextoffenders.com/post/81665887119/ilovesciencestorecom-cafepresscom-geek-culture,2014-04-04T09:00:24Z
ilovesciencestore.com,https://plaintextoffenders.com/post/81665887119/ilovesciencestorecom-cafepresscom-geek-culture,2014-04-04T09:00:24Z
freezone.co.uk,https://plaintextoffenders.com/post/81761703144/freezonecouk-web-hosting-and-domain-registrar,2014-04-05T09:00:26Z
sharksurveys.com,https://plaintextoffenders.com/post/81865815311/sharksurveyscom-market-research-surveys-this,2014-04-06T09:00:17Z
gouletpens.com,https://plaintextoffenders.com/post/81977120597/gouletpenscom-fountain-pens-and-accessories,2014-04-07T09:00:20Z
loccitane.com,https://plaintextoffenders.com/post/82178785125/loccitanecom-perfume-brand-received-upon,2014-04-09T09:00:29Z
twccentral.com,https://plaintextoffenders.com/post/82276939368/rrcom-twccentralcom-cable-based-media,2014-04-10T09:00:28Z
rr.com,https://plaintextoffenders.com/post/82276939368/rrcom-twccentralcom-cable-based-media,2014-04-10T09:00:28Z
drivermax.com,https://plaintextoffenders.com/post/82370565745/drivermaxcom-computer-maintenance-tool,2014-04-11T09:00:20Z
classicgameroom.com,https://plaintextoffenders.com/post/82463738105/classicgameroomcom-video-games,2014-04-12T09:00:16Z
mp3va.com,https://plaintextoffenders.com/post/82564126458/mp3vacom-music-store-they-accept-credit-cards,2014-04-13T09:00:17Z
foxrentacar.com,https://plaintextoffenders.com/post/82673350342/foxrentacarcom-car-rentals-sign-up-for-their,2014-04-14T09:00:20Z
brewersassociation.org,https://plaintextoffenders.com/post/82775623876/brewersassociationorg-trade-group-they-have,2014-04-15T09:00:33Z
textbookrush.com,https://plaintextoffenders.com/post/82878376488/textbookrushcom-textbooks-on-the-forgot,2014-04-16T09:00:33Z
mono-software.com,https://plaintextoffenders.com/post/82889050726/mono-softwarecom-software-company-their-monox,2014-04-16T13:00:30Z
thaipod101.com,https://plaintextoffenders.com/post/82967734050/thaipod101com-language-learning-they-keep,2014-04-17T05:00:29Z
i-doxs.net,https://plaintextoffenders.com/post/82990233138/cityofsacramentoorg-i-doxsnet-city-government,2014-04-17T13:00:32Z
cityofsacramento.org,https://plaintextoffenders.com/post/82990233138/cityofsacramentoorg-i-doxsnet-city-government,2014-04-17T13:00:32Z
thomas-sports.com,https://plaintextoffenders.com/post/83068815023/thomas-sportscom-parachute-equipment-they-send,2014-04-18T05:00:17Z
oneshare.com,https://plaintextoffenders.com/post/83092198782/onesharecom-stocks-oneshare-sends-the-password,2014-04-18T13:00:46Z
zap2it.com,https://plaintextoffenders.com/post/83171765129/zap2itcom-tv-listings-sends-your-password-in,2014-04-19T05:00:22Z
exileservers.com,https://plaintextoffenders.com/post/83195320551/exileserverscom-game-server-hosting-this-is-the,2014-04-19T13:00:37Z
lindy.co.uk,https://plaintextoffenders.com/post/83274068340/lindycouk-computer-and-audiovisual,2014-04-20T05:00:14Z
postertext.com,https://plaintextoffenders.com/post/83298234120/postertextcom-poster-printing,2014-04-20T13:00:48Z
netgear.com,https://plaintextoffenders.com/post/83383025718/netgearcom-computer-equipment-editors-note,2014-04-21T05:00:13Z
linuxcounter.net,https://plaintextoffenders.com/post/83406866001/linuxcounternet-community-software-project-of,2014-04-21T13:00:32Z
spokesman.com,https://plaintextoffenders.com/post/83489272179/spokesmancom-news,2014-04-22T05:00:22Z
easternairways.com,https://plaintextoffenders.com/post/83513252154/easternairwayscom-airline-they-sent-me-this,2014-04-22T13:00:49Z
travelup.co.uk,https://plaintextoffenders.com/post/83592878209/travelupcouk-travel-site,2014-04-23T05:00:24Z
tv4play.se,https://plaintextoffenders.com/post/83614605019/tv4playse-tv-network-the-second-largest-tv,2014-04-23T13:00:34Z
peoplecube.com,https://plaintextoffenders.com/post/83692929330/peoplecubecom-scheduling-software-the,2014-04-24T05:00:23Z
wahbexchange.org,https://plaintextoffenders.com/post/83713997291/wahbexchangeorg-government-health-insurance,2014-04-24T13:00:29Z
teleticketservice.com,https://plaintextoffenders.com/post/83790693064/teleticketservicecom-tickets-i-forgot-my,2014-04-25T05:00:27Z
mediaconnect.no,https://plaintextoffenders.com/post/83812095115/mediaconnectno-media-business-solutions,2014-04-25T13:00:35Z
buysub.com,https://plaintextoffenders.com/post/83886202681/buysubcom-magazine-subscriptions,2014-04-26T05:00:13Z
asus.com,https://plaintextoffenders.com/post/83909263832/asuscom-computer-hardware-sends-you-your,2014-04-26T13:00:30Z
nyas.org,https://plaintextoffenders.com/post/83988392241/nyasorg-scientific-society-password-reminder,2014-04-27T05:00:28Z
powerpak.com,https://plaintextoffenders.com/post/84013844627/powerpakcom-pharmaceutical-education-perhaps,2014-04-27T13:00:33Z
skiline.cc,https://plaintextoffenders.com/post/84100344495/skilinecc-ski-related-activities,2014-04-28T05:00:18Z
readyflowers.co.at,https://plaintextoffenders.com/post/84121319899/readyflowerscom-readyflowerscomau-readyflowers,2014-04-28T13:00:47Z
readyflowers.com.au,https://plaintextoffenders.com/post/84121319899/readyflowerscom-readyflowerscomau-readyflowers,2014-04-28T13:00:47Z
readyflowers.com.sg,https://plaintextoffenders.com/post/84121319899/readyflowerscom-readyflowerscomau-readyflowers,2014-04-28T13:00:47Z
readyflowers.com.hk,https://plaintextoffenders.com/post/84121319899/readyflowerscom-readyflowerscomau-readyflowers,2014-04-28T13:00:47Z
readyflowers.co.nz,https://plaintextoffenders.com/post/84121319899/readyflowerscom-readyflowerscomau-readyflowers,2014-04-28T13:00:47Z
readyflowers.com,https://plaintextoffenders.com/post/84121319899/readyflowerscom-readyflowerscomau-readyflowers,2014-04-28T13:00:47Z
batterioutlet.no,https://plaintextoffenders.com/post/84199757138/batterioutletse-batterioutletno-electronics,2014-04-29T05:00:19Z
batterioutlet.se,https://plaintextoffenders.com/post/84199757138/batterioutletse-batterioutletno-electronics,2014-04-29T05:00:19Z
freetobook.com,https://plaintextoffenders.com/post/84220411136/freetobookcom-online-accommodation-booking,2014-04-29T13:00:33Z
royalcaribbean.com,https://plaintextoffenders.com/post/84298002137/royalcaribbeancom-cruise-line-operator,2014-04-30T05:00:16Z
goggles4u.co.uk,https://plaintextoffenders.com/post/84318734361/goggles4ucom-goggles4ucouk-discount-eyewear,2014-04-30T13:00:00Z
goggles4u.com,https://plaintextoffenders.com/post/84318734361/goggles4ucom-goggles4ucouk-discount-eyewear,2014-04-30T13:00:00Z
gooddames.com.au,https://plaintextoffenders.com/post/84396219900/gooddamescomau-game-store-they-just-sent-me-my,2014-05-01T05:00:25Z
jobcentreonline.com,https://plaintextoffenders.com/post/84419004524/jobcentreonlinecom-government-job-board,2014-05-01T13:00:36Z
scuba-logbook.com,https://plaintextoffenders.com/post/84494602521/scuba-logbookcom-scuba-diving-has-even-no,2014-05-02T05:00:18Z
chicagoreader.com,https://plaintextoffenders.com/post/84516085842/chicagoreadercom-news,2014-05-02T13:00:40Z
prestocard.ca,https://plaintextoffenders.com/post/84588669867/prestocardca-fare-payment-card,2014-05-03T05:00:12Z
murpay.com,https://plaintextoffenders.com/post/84611450892/murphyusacom-murpaycom-gas-stations-they,2014-05-03T13:00:58Z
murphyusa.com,https://plaintextoffenders.com/post/84611450892/murphyusacom-murpaycom-gas-stations-they,2014-05-03T13:00:58Z
mockup.io,https://plaintextoffenders.com/post/84688682913/mockupio-app-mockups-of-designs,2014-05-04T05:00:13Z
dollartree.com,https://plaintextoffenders.com/post/84713583347/dollartreecom-variety-stores-i-guess-i-should,2014-05-04T13:00:53Z
spokanecity.org,https://plaintextoffenders.com/post/84798978312/spokanecityorg-city-government-an-unsolicited,2014-05-05T05:00:14Z
intercall.com,https://plaintextoffenders.com/post/84821504455/veventcom-unisfaircom-intercallcom-event,2014-05-05T13:00:35Z
unisfair.com,https://plaintextoffenders.com/post/84821504455/veventcom-unisfaircom-intercallcom-event,2014-05-05T13:00:35Z
vevent.com,https://plaintextoffenders.com/post/84821504455/veventcom-unisfaircom-intercallcom-event,2014-05-05T13:00:35Z
echinacities.net,https://plaintextoffenders.com/post/84898794094/echinacitiesnet-services-for-expats-in-china,2014-05-06T05:00:13Z
avolites.com,https://plaintextoffenders.com/post/84919488737/avolitescom-lighting-here-they-are-confirming,2014-05-06T13:00:30Z
ultimatedesignertoolkit.com,https://plaintextoffenders.com/post/84996948599/ultimatedesignertoolkitcom-premade-design,2014-05-07T05:00:17Z
advancedcustomfields.com,https://plaintextoffenders.com/post/85018090426/advancedcustomfieldscom-wordpress-plugin-its,2014-05-07T13:00:30Z
eyeslipsface.com,https://plaintextoffenders.com/post/85096231590/eyeslipsfacecom-makeup-and-cosmetics-actually,2014-05-08T05:00:23Z
postcodeloterij.nl,https://plaintextoffenders.com/post/85117056992/postcodeloterijnl-lottery-this-is-after,2014-05-08T13:00:41Z
ofsted.gov.uk,https://plaintextoffenders.com/post/85193131901/ofstedgovuk-government-body,2014-05-09T05:00:31Z
exabytes.sg,https://plaintextoffenders.com/post/85213923963/exabytessg-web-hosting-and-domain-names,2014-05-09T13:00:34Z
eprintview.com,https://plaintextoffenders.com/post/85287134945/eprintviewcom-tax-forms-oh-yeah-thats-my,2014-05-10T05:00:25Z
vauxhallownersnetwork.co.uk,https://plaintextoffenders.com/post/85310345097/vauxhallownersnetworkcouk-car-owners-forum,2014-05-10T13:00:38Z
seaworld.com,https://plaintextoffenders.com/post/85389764185/seaworldcom-amusement-park,2014-05-11T05:00:12Z
alljobs.co.il,https://plaintextoffenders.com/post/85415337662/alljobscoil-job-board-sent-me-a-random,2014-05-11T13:00:39Z
mhhe.com,https://plaintextoffenders.com/post/85499772203/simnetonlinecom-successinhigheredcom-mhhecom,2014-05-12T05:00:11Z
successinhighered.com,https://plaintextoffenders.com/post/85499772203/simnetonlinecom-successinhigheredcom-mhhecom,2014-05-12T05:00:11Z
simnetonline.com,https://plaintextoffenders.com/post/85499772203/simnetonlinecom-successinhigheredcom-mhhecom,2014-05-12T05:00:11Z
gameranger.com,https://plaintextoffenders.com/post/85521479746/gamerangercom-multiplayer-online-gaming-service,2014-05-12T13:00:28Z
jofsr.com,https://plaintextoffenders.com/post/85598720538/jofsrcom-scientific-journal,2014-05-13T05:00:28Z
lsbo.co.uk,https://plaintextoffenders.com/post/85619833169/lsbocouk-tickets,2014-05-13T13:00:28Z
artscow.com,https://plaintextoffenders.com/post/85626932067/artscowcom-personalized-photo-products-they,2014-05-13T15:00:35Z
shellfire.net,https://plaintextoffenders.com/post/85687192572/shellfirede-shellfirenet-vpn,2014-05-14T03:00:22Z
shellfire.de,https://plaintextoffenders.com/post/85687192572/shellfirede-shellfirenet-vpn,2014-05-14T03:00:22Z
matoyota.fr,https://plaintextoffenders.com/post/85707724270/toyotafr-matoyotafr-car-manufacturer,2014-05-14T09:00:25Z
toyota.fr,https://plaintextoffenders.com/post/85707724270/toyotafr-matoyotafr-car-manufacturer,2014-05-14T09:00:25Z
somersetcountygazette.co.uk,https://plaintextoffenders.com/post/85724772158/somersetcountygazettecouk-news-i-got-this-one,2014-05-14T15:00:30Z
meetic.com,https://plaintextoffenders.com/post/85783973340/meeticcom-dating,2014-05-15T03:00:16Z
kemperdirect.com,https://plaintextoffenders.com/post/85804528596/kempercom-kemperdirectcom-insurance,2014-05-15T09:00:26Z
kemper.com,https://plaintextoffenders.com/post/85804528596/kempercom-kemperdirectcom-insurance,2014-05-15T09:00:26Z
partstat.com,https://plaintextoffenders.com/post/85821606342/partstatcom-electronic-components,2014-05-15T15:00:30Z
etxcapital.co.uk,https://plaintextoffenders.com/post/85880417303/etxcapitalcouk-derivatives-trading-this-was,2014-05-16T03:00:23Z
anaheim.net,https://plaintextoffenders.com/post/85900493507/anaheimnet-city-government,2014-05-16T09:00:14Z
ktmb.com.my,https://plaintextoffenders.com/post/85917110053/ktmbcommy-railway-company-booking-a-train-in,2014-05-16T15:00:29Z
pctop.ch,https://plaintextoffenders.com/post/85971691000/pctopch-computer-shop-they-send-the-password,2014-05-17T03:00:18Z
ustvnow.com,https://plaintextoffenders.com/post/85992732021/ustvnowcom-proxy-sends-passwords-in-clear-text,2014-05-17T09:00:16Z
freenom.com,https://plaintextoffenders.com/post/86011300732/freenomcom-domain-registrar-in-addition-to,2014-05-17T15:00:47Z
travbuddy.com,https://plaintextoffenders.com/post/86068747978/travbuddycom-travel-social-network,2014-05-18T03:00:37Z
netim.com,https://plaintextoffenders.com/post/86091412165/netimcom-domain-registrar,2014-05-18T09:00:17Z
free1040taxreturn.com,https://plaintextoffenders.com/post/86111174137/free1040taxreturncom-tax-returns-are-you,2014-05-18T15:00:32Z
groundrent.co.uk,https://plaintextoffenders.com/post/86175488124/groundrentcouk-rent-payment-a-site-where-i-can,2014-05-19T03:00:24Z
strategies.co.uk,https://plaintextoffenders.com/post/86197379946/creativepersonnelcouk-strategiescouk-job,2014-05-19T09:00:36Z
creativepersonnel.co.uk,https://plaintextoffenders.com/post/86197379946/creativepersonnelcouk-strategiescouk-job,2014-05-19T09:00:36Z
appliancepartspros.com,https://plaintextoffenders.com/post/86214273432/appliancepartsproscom-parts-for-appliances-im,2014-05-19T15:00:37Z
adeslassegurcaixa.es,https://plaintextoffenders.com/post/86274311413/adeslases-adeslassegurcaixaes-insurance-its,2014-05-20T03:00:18Z
adeslas.es,https://plaintextoffenders.com/post/86274311413/adeslases-adeslassegurcaixaes-insurance-its,2014-05-20T03:00:18Z
homefindersoftexas.com,https://plaintextoffenders.com/post/86295247522/homefindersoftexascom-realty-search-service,2014-05-20T09:00:35Z
ultralightoutdoorgear.co.uk,https://plaintextoffenders.com/post/86311863563/ultralightoutdoorgearcouk-outdoor-gear-i,2014-05-20T15:00:47Z
perotmuseum.org,https://plaintextoffenders.com/post/86371323387/perotmuseumorg-museum,2014-05-21T03:00:21Z
alaska.gov,https://plaintextoffenders.com/post/86392318047/alaskagov-state-government-they-shared-someone,2014-05-21T09:00:15Z
lumoenergy.com.au,https://plaintextoffenders.com/post/86409254788/lumoenergycomau-electricity-provider-image-is,2014-05-21T15:00:31Z
acne.org,https://plaintextoffenders.com/post/86468332569/acneorg-community-and-shop-site-echoes-back-the,2014-05-22T03:00:27Z
he.net,https://plaintextoffenders.com/post/86489022742/henet-internet-backbone-and-colocation-provider,2014-05-22T09:00:15Z
signalisten.se,https://plaintextoffenders.com/post/86505618768/signalistense-public-housing-sending-the,2014-05-22T15:00:53Z
tyresobostader.se,https://plaintextoffenders.com/post/86562675676/tyresobostaderse-apartment-renting,2014-05-23T03:00:27Z
mobilephonesdirect.co.uk,https://plaintextoffenders.com/post/86582992094/mobilephonesdirectcouk-mobile-phones,2014-05-23T09:00:16Z
comm100.com,https://plaintextoffenders.com/post/86599898587/comm100com-customer-service-software-apparently,2014-05-23T15:00:32Z
startfitness.co.uk,https://plaintextoffenders.com/post/86654604613/startfitnesscouk-sports-goods-they-will-send,2014-05-24T03:00:20Z
coingeneration.com,https://plaintextoffenders.com/post/86676220979/coingenerationcom-grid-computing-the-forgot,2014-05-24T09:00:16Z
mayabrenner.com,https://plaintextoffenders.com/post/86695068623/mayabrennercom-jewelry-site,2014-05-24T15:00:37Z
unitetheunion.org,https://plaintextoffenders.com/post/86752838877/unitetheunionorg-trade-union-not-only-did-my,2014-05-25T03:00:41Z
prospect.org.uk,https://plaintextoffenders.com/post/86776403138/prospectorguk-trade-union,2014-05-25T09:00:14Z
annfryrealestate.com,https://plaintextoffenders.com/post/86796356031/annfryrealestatecom-real-estate-gg,2014-05-25T15:00:29Z
agi.org.uk,https://plaintextoffenders.com/post/86857876774/agiorguk-geographic-information-organization,2014-05-26T03:00:24Z
bbsihq.com,https://plaintextoffenders.com/post/86881277903/barrettbusinesscom-bbsihqcom-employee-payroll,2014-05-26T09:00:39Z
barrettbusiness.com,https://plaintextoffenders.com/post/86881277903/barrettbusinesscom-bbsihqcom-employee-payroll,2014-05-26T09:00:39Z
zoo-hannover.de,https://plaintextoffenders.com/post/86899487631/zoo-hannoverde-zoo-online-tickets-forced,2014-05-26T15:00:32Z
smc.edu,https://plaintextoffenders.com/post/86963652588/smcedu-college-real-secure,2014-05-27T03:00:21Z
honda305.com,https://plaintextoffenders.com/post/86986323683/honda305com-motorcycle-enthusiasts-please-do,2014-05-27T09:00:17Z
ista-na.com,https://plaintextoffenders.com/post/87004506680/yesenergymgmtcom-ista-nacom-utilities,2014-05-27T15:00:49Z
yesenergymgmt.com,https://plaintextoffenders.com/post/87004506680/yesenergymgmtcom-ista-nacom-utilities,2014-05-27T15:00:49Z
princess.com,https://plaintextoffenders.com/post/87065602580/princesscom-cruise-lines-plain-text-passwords,2014-05-28T03:00:19Z
wholesaleledlights.co.uk,https://plaintextoffenders.com/post/87087269410/wholesaleledlightscouk-lighting-just-bought-a,2014-05-28T09:00:46Z
govonline.us.com,https://plaintextoffenders.com/post/87104928492/govonlinesaasbiz-govonlinesaascom,2014-05-28T15:00:42Z
govonlinesaas.com,https://plaintextoffenders.com/post/87104928492/govonlinesaasbiz-govonlinesaascom,2014-05-28T15:00:42Z
govonlinesaas.biz,https://plaintextoffenders.com/post/87104928492/govonlinesaasbiz-govonlinesaascom,2014-05-28T15:00:42Z
logomyway.com,https://plaintextoffenders.com/post/87164980340/logomywaycom-custom-logo-design-contests-this,2014-05-29T03:00:40Z
parcelforce.co.uk,https://plaintextoffenders.com/post/87186549377/parcelforcecom-parcelforcenet,2014-05-29T09:00:13Z
parcelforce.net,https://plaintextoffenders.com/post/87186549377/parcelforcecom-parcelforcenet,2014-05-29T09:00:13Z
parcelforce.com,https://plaintextoffenders.com/post/87186549377/parcelforcecom-parcelforcenet,2014-05-29T09:00:13Z
host2170.net,https://plaintextoffenders.com/post/87204880068/teleticketservicecom-host2170net-tickets,2014-05-29T15:01:04Z
ebankhost.net,https://plaintextoffenders.com/post/87263251355/friendbanknet-ebankhostnet-bank-after-having,2014-05-30T03:00:19Z
friendbank.net,https://plaintextoffenders.com/post/87263251355/friendbanknet-ebankhostnet-bank-after-having,2014-05-30T03:00:19Z
realestateview.com.au,https://plaintextoffenders.com/post/87302058698/propertydatacomau-realestateviewcomau,2014-05-30T15:00:28Z
propertydata.com.au,https://plaintextoffenders.com/post/87302058698/propertydatacomau-realestateviewcomau,2014-05-30T15:00:28Z
starbucks-thailand.com,https://plaintextoffenders.com/post/87356887966/starbucks-thailandcom-coffee-shop-chain-their,2014-05-31T03:00:23Z
alloresto.fr,https://plaintextoffenders.com/post/87378512771/allorestofr-food-delivery,2014-05-31T09:00:18Z
openrightsgroup.org,https://plaintextoffenders.com/post/87396638219/openrightsgrouporg-online-rights-organization,2014-05-31T15:00:50Z
vinylengine.com,https://plaintextoffenders.com/post/87453448221/vinylenginecom-forums-a-place-for-discussing,2014-06-01T03:00:28Z
ideabounty.com,https://plaintextoffenders.com/post/87476534127/ideabountycom-crowdsourcing-no-real-personal,2014-06-01T09:00:14Z
kurufootwear.com,https://plaintextoffenders.com/post/87495928951/kurufootwearcom-shoes-sends-newly-register,2014-06-01T15:01:00Z
freightquote.com,https://plaintextoffenders.com/post/87552530245/freightquotecom-freight-shipping-plain-text-pw,2014-06-02T01:48:34Z
toontrack.com,https://plaintextoffenders.com/post/87575623156/toontrackcom-music-software-have-not-used-this,2014-06-02T06:36:19Z
lastprice.co.il,https://plaintextoffenders.com/post/87587390095/lastpricecoil-electronics-store-i-received-the,2014-06-02T11:24:33Z
scores.ca,https://plaintextoffenders.com/post/87603866647/scoresca-restaurant-chain,2014-06-02T16:12:26Z
igroups.dk,https://plaintextoffenders.com/post/87652826189/igroupsdk-community-site-it-isnt-actually,2014-06-03T01:48:24Z
republicwireless.com,https://plaintextoffenders.com/post/87675883012/republicwirelesscom-voip-luckily-they-do-not,2014-06-03T06:36:14Z
wehkamp.nl,https://plaintextoffenders.com/post/87687289676/wehkampnl-online-retailer-when-i-registered-on,2014-06-03T11:24:42Z
score.org,https://plaintextoffenders.com/post/87704029670/scoreorg-small-business-resources,2014-06-03T16:12:29Z
sdl.com,https://plaintextoffenders.com/post/87752617717/sdlcom-software-services-website-requires-ssl,2014-06-04T01:48:33Z
vectren.com,https://plaintextoffenders.com/post/87775292485/vectrencom-energy-not-only-do-they-give-the,2014-06-04T06:36:29Z
ahayatemeklilik.com.tr,https://plaintextoffenders.com/post/87786777434/anadoluhayatcomtr-ahayatemeklilikcomtr,2014-06-04T11:24:22Z
anadoluhayat.com.tr,https://plaintextoffenders.com/post/87786777434/anadoluhayatcomtr-ahayatemeklilikcomtr,2014-06-04T11:24:22Z
petsmart.com,https://plaintextoffenders.com/post/87803630181/petsmartcom-pet-supplies-i-changed-my-password,2014-06-04T16:12:26Z
pushchairsandcarseats.co.uk,https://plaintextoffenders.com/post/87851781030/pushchairsandcarseatscouk-childrens-car-seats,2014-06-05T01:48:17Z
rancourtandcompany.com,https://plaintextoffenders.com/post/87873869851/rancourtandcompanycom-shoes-after-signing-up,2014-06-05T06:36:20Z
ritzpix.com,https://plaintextoffenders.com/post/87885210327/ritzpixcom-photo-printing-had-to-register-with,2014-06-05T11:24:43Z
lingq.com,https://plaintextoffenders.com/post/87901832274/lingqcom-language-learning-site,2014-06-05T16:12:34Z
littlegolem.net,https://plaintextoffenders.com/post/87946355699/littlegolemnet-online-board-games,2014-06-06T01:48:22Z
wikiloops.com,https://plaintextoffenders.com/post/87967611399/wikiloopscom-backing-tracks-wiki-firstly,2014-06-06T06:36:17Z
fulwellgolfclub.co.uk,https://plaintextoffenders.com/post/87978686844/clubviewcouk-fulwellgolfclubcouk-golf-club,2014-06-06T11:24:42Z
clubview.co.uk,https://plaintextoffenders.com/post/87978686844/clubviewcouk-fulwellgolfclubcouk-golf-club,2014-06-06T11:24:42Z
summitsofmylife.com,https://plaintextoffenders.com/post/87994875186/summitsofmylifecom-mountaineering,2014-06-06T16:12:22Z
jaconline.com.au,https://plaintextoffenders.com/post/88037972598/jacpluscomau-jaconlinecomau-book-selling,2014-06-07T01:48:25Z
jacplus.com.au,https://plaintextoffenders.com/post/88037972598/jacpluscomau-jaconlinecomau-book-selling,2014-06-07T01:48:25Z
joomlaworks.net,https://plaintextoffenders.com/post/88058102802/joomlaworksnet-software-extension-community,2014-06-07T06:36:28Z
ocbc.com,https://plaintextoffenders.com/post/88070129772/jobstreetcom-jobstreetcommy-jobstreetcomph,2014-06-07T11:24:27Z
jobstreet.com.hk,https://plaintextoffenders.com/post/88070129772/jobstreetcom-jobstreetcommy-jobstreetcomph,2014-06-07T11:24:27Z
jobstreet.vn,https://plaintextoffenders.com/post/88070129772/jobstreetcom-jobstreetcommy-jobstreetcomph,2014-06-07T11:24:27Z
jobstreet.co.id,https://plaintextoffenders.com/post/88070129772/jobstreetcom-jobstreetcommy-jobstreetcomph,2014-06-07T11:24:27Z
jobstreet.com.sg,https://plaintextoffenders.com/post/88070129772/jobstreetcom-jobstreetcommy-jobstreetcomph,2014-06-07T11:24:27Z
jobstreet.com.ph,https://plaintextoffenders.com/post/88070129772/jobstreetcom-jobstreetcommy-jobstreetcomph,2014-06-07T11:24:27Z
jobstreet.com.my,https://plaintextoffenders.com/post/88070129772/jobstreetcom-jobstreetcommy-jobstreetcomph,2014-06-07T11:24:27Z
jobstreet.com,https://plaintextoffenders.com/post/88070129772/jobstreetcom-jobstreetcommy-jobstreetcomph,2014-06-07T11:24:27Z
starfishetl.com,https://plaintextoffenders.com/post/88087305479/starfishetlcom-data-importexport-tool,2014-06-07T16:12:35Z
photobucket.com,https://plaintextoffenders.com/post/88130757268/photobucketcom-photo-sharing-shows-you-your,2014-06-08T01:48:21Z
suzukicycles.com,https://plaintextoffenders.com/post/88151409123/suzukicyclescom-motorcycle-maker-after-using,2014-06-08T06:36:18Z
loveaholics.com,https://plaintextoffenders.com/post/88164361194/loveaholicscom-dating-someones-been-using-my,2014-06-08T11:24:32Z
animefreak.tv,https://plaintextoffenders.com/post/88182122007/animefreaktv-video-streaming,2014-06-08T16:12:22Z
penguin.com.au,https://plaintextoffenders.com/post/88230828322/penguincomau-book-publishers,2014-06-09T01:48:18Z
oliviasamuel.co.uk,https://plaintextoffenders.com/post/88253726802/oliviasamuelcouk-wedding-invitations-nice-to,2014-06-09T06:36:20Z
rerware.com,https://plaintextoffenders.com/post/88266127754/rerwarecom-on-line-backup-system-for-mobile,2014-06-09T11:24:26Z
hagorsales.co.il,https://plaintextoffenders.com/post/88282858517/hagorsalescoil-camping-equipment-they-sent-me,2014-06-09T16:12:33Z
sharelatex.com,https://plaintextoffenders.com/post/88331084508/sharelatexcom-online-latex-editor-pretty-cool,2014-06-10T01:48:23Z
braun-clocks.com,https://plaintextoffenders.com/post/88353818044/braun-clockscom-clocks-and-watches-password,2014-06-10T06:36:26Z
clicksrecruit.com.au,https://plaintextoffenders.com/post/88365951624/clicksrecruitcomau-it-recruitment-they-emailed,2014-06-10T11:24:31Z
merojob.com,https://plaintextoffenders.com/post/88382625621/merojobcom-job-board,2014-06-10T16:12:29Z
fruition.net,https://plaintextoffenders.com/post/88430607242/fruitionnet-seo-fail,2014-06-11T01:48:21Z
tinyhousedating.com,https://plaintextoffenders.com/post/88453220281/tinyhousedatingcom-dating,2014-06-11T06:36:27Z
pharmacyfirst.co.uk,https://plaintextoffenders.com/post/88465122363/pharmacyfirstcouk-pharmacy-bought-a-years,2014-06-11T11:24:37Z
iawardsportal.com.au,https://plaintextoffenders.com/post/88481467766/iawardsportalcomau-awards-they-refer-to,2014-06-11T16:12:28Z
macskins.nl,https://plaintextoffenders.com/post/88528917981/macskinsnl-laptop-decals-upon-registration-they,2014-06-12T01:48:32Z
essent.nl,https://plaintextoffenders.com/post/88551413291/essentnl-energy-they-send-your-password-in,2014-06-12T06:36:34Z
nufc.co.uk,https://plaintextoffenders.com/post/88563192028/nufccouk-football-club-they-sell-tickets-to,2014-06-12T11:24:42Z
gfistore.com,https://plaintextoffenders.com/post/88579452818/gfistorecom-software,2014-06-12T16:12:37Z
mackabler.dk,https://plaintextoffenders.com/post/88625430523/mackablerdk-electronics-shop-when-creating-a,2014-06-13T01:48:33Z
seclists.org,https://plaintextoffenders.com/post/88647516969/seclistsorg-security-mailing-lists,2014-06-13T06:36:13Z
jobbidag.se,https://plaintextoffenders.com/post/88659065339/jobbidagse-employment-site-got-this-when-i,2014-06-13T11:24:18Z
corsocomoshoes.com,https://plaintextoffenders.com/post/88675308644/corsocomoshoescom-shoe-maker-password-emailed,2014-06-13T16:12:37Z
teksavvy.com,https://plaintextoffenders.com/post/88719500760/teksavvycom-isp-they-sent-me-my-password-back,2014-06-14T01:48:28Z
mydailycoin.com,https://plaintextoffenders.com/post/88740317349/mydailycoincom-bitcoin-investments-they-dont,2014-06-14T06:36:21Z
thundernews.com,https://plaintextoffenders.com/post/88752939044/thundernewscom-usenet-service-they-have-insane,2014-06-14T11:25:04Z
subscribeonline.co.uk,https://plaintextoffenders.com/post/88769909562/dovetailservicescom-subscribeonlinecouk,2014-06-14T16:12:28Z
dovetailservices.com,https://plaintextoffenders.com/post/88769909562/dovetailservicescom-subscribeonlinecouk,2014-06-14T16:12:28Z
ishoutbox.com,https://plaintextoffenders.com/post/88813354589/ishoutboxcom-website-shoutbox-hosting-service,2014-06-15T01:48:30Z
lambeth.gov.uk,https://plaintextoffenders.com/post/88834537545/lambethgovuk-local-government,2014-06-15T06:36:35Z
harrogatebus.co.uk,https://plaintextoffenders.com/post/88847728244/harrogatebuscouk-bus-passes-and-tickets-having,2014-06-15T11:24:40Z
jobsinkent.com,https://plaintextoffenders.com/post/88865109434/jobsinkentcom-job-board-was-appropriately,2014-06-15T16:12:37Z
barclayswine.com,https://plaintextoffenders.com/post/88913341454/barclayswinecom-wine,2014-06-16T01:48:26Z
publicstorage.com,https://plaintextoffenders.com/post/88936773715/publicstoragecom-storage-units-username,2014-06-16T06:36:27Z
columbus.gov,https://plaintextoffenders.com/post/88949358657/columbusgov-city-government,2014-06-16T11:24:34Z
aep.com,https://plaintextoffenders.com/post/88965948951/aepcom-aepohiocom-electricity-sending-out,2014-06-16T16:12:25Z
bluehill.lib.me.us,https://plaintextoffenders.com/post/89014159510/bluehilllibmeus-public-library,2014-06-17T01:48:24Z
openadr.org,https://plaintextoffenders.com/post/89037348625/openadrorg-standards-body-storing-your-details,2014-06-17T06:36:23Z
zones.com,https://plaintextoffenders.com/post/89049870656/zonescom-it-solutions-high-technology-from-a,2014-06-17T11:24:37Z
theclassicalshop.net,https://plaintextoffenders.com/post/89066816658/theclassicalshopnet-music-downloads,2014-06-17T16:12:20Z
nodedeploy.com,https://plaintextoffenders.com/post/89114831541/nodedeploycom-web-hosting,2014-06-18T01:48:29Z
wahealthplanfinder.org,https://plaintextoffenders.com/post/89137561575/wahealthplanfinderorg-health-insurance,2014-06-18T06:36:37Z
thewebcomiclist.com,https://plaintextoffenders.com/post/89150096726/thewebcomiclistcom-webcomic-directory,2014-06-18T11:24:41Z
animecalendar.net,https://plaintextoffenders.com/post/89166792344/animecalendarnet-tv-guide,2014-06-18T16:12:27Z
eprs.co.il,https://plaintextoffenders.com/post/89215236285/eprscoil-prepaid-cards-provider-used-by-a,2014-06-19T01:48:22Z
howardhanna.com,https://plaintextoffenders.com/post/89238405969/howardhannacom-real-estate,2014-06-19T06:36:15Z
fabriclondon.com,https://plaintextoffenders.com/post/89251645400/fabriclondoncom-record-label-and-club,2014-06-19T11:24:46Z
texttrust.com,https://plaintextoffenders.com/post/89268847423/texttrustcom-website-spell-checker-they-email,2014-06-19T16:12:37Z
heartlandecsi.com,https://plaintextoffenders.com/post/89316523033/ecsinet-heartlandecsicom-government-loan,2014-06-20T01:48:26Z
ecsi.net,https://plaintextoffenders.com/post/89316523033/ecsinet-heartlandecsicom-government-loan,2014-06-20T01:48:26Z
scot.gov.uk,https://plaintextoffenders.com/post/89339293121/saasgovuk-scotgovuk-scholarships-plenty-of,2014-06-20T06:36:27Z
saas.gov.uk,https://plaintextoffenders.com/post/89339293121/saasgovuk-scotgovuk-scholarships-plenty-of,2014-06-20T06:36:27Z
sunsuper.com.au,https://plaintextoffenders.com/post/89352030145/sunsupercomau-financial-institution-this-is,2014-06-20T11:24:00Z
macif.fr,https://plaintextoffenders.com/post/89368709390/maciffr-insurance-company-ive-received-already,2014-06-20T16:12:21Z
oclc.org,https://plaintextoffenders.com/post/89413166508/oclcorg-library-cooperative-this-was-sent-as-a,2014-06-21T01:48:15Z
browshot.com,https://plaintextoffenders.com/post/89434383754/thumbalizrcom-browshotcom-webpage-screenshot,2014-06-21T06:36:29Z
thumbalizr.com,https://plaintextoffenders.com/post/89434383754/thumbalizrcom-browshotcom-webpage-screenshot,2014-06-21T06:36:29Z
mylist.ae,https://plaintextoffenders.com/post/89447018545/mylistae-gift-registry,2014-06-21T11:24:42Z
usenetbucket.com,https://plaintextoffenders.com/post/89463394135/usenetbucketcom-usenet-provider-forgot-password,2014-06-21T16:12:28Z
pricesmart.com,https://plaintextoffenders.com/post/89510396368/pricesmartcom-membership-warehouse-clubs,2014-06-22T02:09:56Z
lin-mark.com,https://plaintextoffenders.com/post/89530963754/lin-markcom-race-entry-and-results-site-they,2014-06-22T06:36:36Z
swissiconic.com,https://plaintextoffenders.com/post/89544379416/swissiconiccom-cycling-clothes-caught-with,2014-06-22T11:24:43Z
vcu.com,https://plaintextoffenders.com/post/89561488595/vcucom-credit-union,2014-06-22T16:12:29Z
xssoftgames.com,https://plaintextoffenders.com/post/89610227973/andromeda5com-xs-softwarecom-xssoftgamescom,2014-06-23T01:48:26Z
xs-software.com,https://plaintextoffenders.com/post/89610227973/andromeda5com-xs-softwarecom-xssoftgamescom,2014-06-23T01:48:26Z
andromeda5.com,https://plaintextoffenders.com/post/89610227973/andromeda5com-xs-softwarecom-xssoftgamescom,2014-06-23T01:48:26Z
cdp.pl,https://plaintextoffenders.com/post/89634284205/cdppl-video-game-publisher-simply-ridiculous,2014-06-23T06:36:42Z
icn.bg,https://plaintextoffenders.com/post/89647231008/icnbg-web-hosting,2014-06-23T11:24:25Z
studyportals.eu,https://plaintextoffenders.com/post/89664259709/studyportalseu-educational-information,2014-06-23T16:12:31Z
gizmox1.com,https://plaintextoffenders.com/post/89713075370/gizmoxcom-visualwebguicom-gizmox1com,2014-06-24T01:48:35Z
visualwebgui.com,https://plaintextoffenders.com/post/89713075370/gizmoxcom-visualwebguicom-gizmox1com,2014-06-24T01:48:35Z
gizmox.com,https://plaintextoffenders.com/post/89713075370/gizmoxcom-visualwebguicom-gizmox1com,2014-06-24T01:48:35Z
sportbiketrackgear.com,https://plaintextoffenders.com/post/89736844016/sportbiketrackgearcom-motorcycle-gear-this-is,2014-06-24T06:37:01Z
repeaterbook.com,https://plaintextoffenders.com/post/89749758133/repeaterbookcom-directory-of-amateur-radio,2014-06-24T11:24:27Z
spectralogic.com,https://plaintextoffenders.com/post/89766907856/spectralogiccom-tape-backup-libraries-this-is,2014-06-24T16:12:58Z
shirtsmyway.com,https://plaintextoffenders.com/post/89815567476/shirtsmywaycom-dress-shirts-forgotten-password,2014-06-25T01:48:32Z
everycall.us,https://plaintextoffenders.com/post/89839188093/everycallus-call-blocking-software,2014-06-25T06:36:40Z
beaverhomesandcottages.ca,https://plaintextoffenders.com/post/89851824532/beaverhomesandcottagesca-home-hardware,2014-06-25T11:24:26Z
secova.com,https://plaintextoffenders.com/post/89868921090/secovacom-human-resources-dependent-eligibility,2014-06-25T16:12:34Z
marylandhealthconnection.gov,https://plaintextoffenders.com/post/89917061552/marylandhealthconnectiongov-health-insurance,2014-06-26T01:48:29Z
hcplc.org,https://plaintextoffenders.com/post/89940393278/hcplcorg-library-cooperative-forgot-password,2014-06-26T06:36:22Z
casting360.com,https://plaintextoffenders.com/post/89953354961/casting360com-casting-agency,2014-06-26T11:24:31Z
abc-clio.com,https://plaintextoffenders.com/post/89970248074/abc-cliocom-academic-publisher-this-is-not-only,2014-06-26T16:13:03Z
foscam.us,https://plaintextoffenders.com/post/90017040004/foscamus-wireless-network-ip-cameras-foscam-is,2014-06-27T01:48:24Z
ptv.vic.gov.au,https://plaintextoffenders.com/post/90040139235/mykicomau-ptvvicgovau-contactless-transit,2014-06-27T06:36:20Z
myki.com.au,https://plaintextoffenders.com/post/90040139235/mykicomau-ptvvicgovau-contactless-transit,2014-06-27T06:36:20Z
paradigmasoft.com,https://plaintextoffenders.com/post/90052657963/valentina-dbcom-paradigmasoftcom-embedded,2014-06-27T11:24:36Z
valentina-db.com,https://plaintextoffenders.com/post/90052657963/valentina-dbcom-paradigmasoftcom-embedded,2014-06-27T11:24:36Z
saigns.de,https://plaintextoffenders.com/post/90069175605/saignsde-fps-gaming-servers-theyre,2014-06-27T16:12:28Z
mayisbikemonth.com,https://plaintextoffenders.com/post/90113625518/mayisbikemonthcom-government-initiative-they,2014-06-28T01:48:18Z
abim.org,https://plaintextoffenders.com/post/90135419126/abimorg-professional-organization-its-required,2014-06-28T06:36:18Z
shoesofprey.com,https://plaintextoffenders.com/post/90148304080/shoesofpreycom-shoes-so-my-girlfriend-had-to,2014-06-28T11:24:30Z
strattonfinance.com.au,https://plaintextoffenders.com/post/90164655539/strattoncom-strattonfinancecomau-financial,2014-06-28T16:12:35Z
stratton.com,https://plaintextoffenders.com/post/90164655539/strattoncom-strattonfinancecomau-financial,2014-06-28T16:12:35Z
cheapdomains.com.au,https://plaintextoffenders.com/post/90207988667/cheapdomainscomau-domain-names-apparently,2014-06-29T01:48:14Z
cplonline.com.au,https://plaintextoffenders.com/post/90229694413/cplonlinecomau-computers-and-accessories,2014-06-29T06:36:14Z
theage.com.au,https://plaintextoffenders.com/post/90243179570/tertiaryeditioncomau-educationeditioncomau-th,2014-06-29T11:24:41Z
educationedition.com.au,https://plaintextoffenders.com/post/90243179570/tertiaryeditioncomau-educationeditioncomau-th,2014-06-29T11:24:41Z
tertiaryedition.com.au,https://plaintextoffenders.com/post/90243179570/tertiaryeditioncomau-educationeditioncomau-th,2014-06-29T11:24:41Z
easyspace.com,https://plaintextoffenders.com/post/90260075030/easyspacecom-domain-name-registrar-and-hosting,2014-06-29T16:12:24Z
absorblms.com,https://plaintextoffenders.com/post/90307923212/absorbtrainingcom-absorblmscom-e-learning,2014-06-30T01:48:14Z
absorbtraining.com,https://plaintextoffenders.com/post/90307923212/absorbtrainingcom-absorblmscom-e-learning,2014-06-30T01:48:14Z
gorpw.com,https://plaintextoffenders.com/post/90331941553/goredpocketcom-gorpwcom-cellular-service,2014-06-30T06:36:16Z
goredpocket.com,https://plaintextoffenders.com/post/90331941553/goredpocketcom-gorpwcom-cellular-service,2014-06-30T06:36:16Z
canyongorge.org,https://plaintextoffenders.com/post/90344841745/canyongorgeorg-nature-reserve-you-need-to,2014-06-30T11:24:26Z
watchswiss.com,https://plaintextoffenders.com/post/90361776981/watchswisscom-watch-importers-swiss-watches,2014-06-30T16:12:19Z
gaynors.co.uk,https://plaintextoffenders.com/post/90410327942/gaynorscouk-outdoor-clothing-i-tried-to,2014-07-01T01:48:32Z
neurolang.org,https://plaintextoffenders.com/post/90434394588/neurolangorg-research-society-your-password-is,2014-07-01T06:36:13Z
morehandles.co.uk,https://plaintextoffenders.com/post/90447414581/morehandlescouk-door-handles-a-not-so-secure,2014-07-01T11:24:32Z
jeuxvideo.com,https://plaintextoffenders.com/post/90464278714/jeuxvideocom-video-game-community-constantly,2014-07-01T16:12:33Z
ok-plus.com,https://plaintextoffenders.com/post/90512045593/csacz-ok-pluscom-airline-loyalty-program-it,2014-07-02T01:48:24Z
csa.cz,https://plaintextoffenders.com/post/90512045593/csacz-ok-pluscom-airline-loyalty-program-it,2014-07-02T01:48:24Z
uk2.net,https://plaintextoffenders.com/post/90535630621/uk2net-web-hosting-domains-etc-emailed-me-my,2014-07-02T06:36:28Z
cstrecords.com,https://plaintextoffenders.com/post/90548417128/cstrecordscom-record-lable,2014-07-02T11:24:39Z
utopia.com.au,https://plaintextoffenders.com/post/90565003282/utopiacomau-record-store-after-registration-i,2014-07-02T16:12:22Z
blendr.com,https://plaintextoffenders.com/post/90612978363/blendrcom-social-network-sent-registration,2014-07-03T01:48:22Z
payrollbs.co.uk,https://plaintextoffenders.com/post/90636985934/payrollbscouk-payroll-software-and-services,2014-07-03T06:36:25Z
sinstarclothing.com,https://plaintextoffenders.com/post/90649819713/sinstarclothingcom-clothing,2014-07-03T11:24:48Z
mobilecaller.com,https://plaintextoffenders.com/post/90666522298/mobilecallercom-prepaid-calling-cards-this-is-a,2014-07-03T16:12:32Z
best.eu.org,https://plaintextoffenders.com/post/90712932892/besteuorg-student-organization-i-entered-my,2014-07-04T01:48:22Z
lexikeet.com,https://plaintextoffenders.com/post/90736411521/lexikeetcom-language-learning-service-they-send,2014-07-04T06:36:19Z
rozee.pk,https://plaintextoffenders.com/post/90749541308/rozeepk-jobs-board-they-did-what-i-just-wasnt,2014-07-04T11:24:38Z
kffinancial.ca,https://plaintextoffenders.com/post/90766251260/knowledgefirstfinancialca-kffinancialca,2014-07-04T16:12:23Z
knowledgefirstfinancial.ca,https://plaintextoffenders.com/post/90766251260/knowledgefirstfinancialca-kffinancialca,2014-07-04T16:12:23Z
salomon.com,https://plaintextoffenders.com/post/90809724178/salomoncom-sports-equipment,2014-07-05T01:48:32Z
karnival-house.co.uk,https://plaintextoffenders.com/post/90829184174/karnival-housecouk-fancy-dress-costumes,2014-07-05T06:36:34Z
ee.co.uk,https://plaintextoffenders.com/post/90841565066/eecouk-isp,2014-07-05T11:24:28Z
publicweatherservice.com,https://plaintextoffenders.com/post/90857225320/publicweatherservicecom-weather-service-used-to,2014-07-05T16:12:58Z
denon.com,https://plaintextoffenders.com/post/90900568826/denoncom-electronic-thanks-for-compromising-my,2014-07-06T01:48:20Z
byggmax.se,https://plaintextoffenders.com/post/90922774098/byggmaxse-construction-wares,2014-07-06T06:36:21Z
proquest.com,https://plaintextoffenders.com/post/90936260205/proquestcom-solutions-for-libraries-proquest,2014-07-06T11:24:28Z
freightcenter.com,https://plaintextoffenders.com/post/90952835694/freightcentercom-freight-shipping-services,2014-07-06T16:12:36Z
pbskids.org,https://plaintextoffenders.com/post/91001025140/pbskidsorg-tv-broadcaster,2014-07-07T01:48:19Z
patronbase.com,https://plaintextoffenders.com/post/91025533061/colstonhallorg-patronbasecom-live-music-venue,2014-07-07T06:36:19Z
colstonhall.org,https://plaintextoffenders.com/post/91025533061/colstonhallorg-patronbasecom-live-music-venue,2014-07-07T06:36:19Z
expediamail.com,https://plaintextoffenders.com/post/91038788004/expediacom-expediamailcom-travel-comparison,2014-07-07T11:24:00Z
expedia.com,https://plaintextoffenders.com/post/91038788004/expediacom-expediamailcom-travel-comparison,2014-07-07T11:24:00Z
schneider-electric.com,https://plaintextoffenders.com/post/91055492978/schneider-electriccom-power-provider-using-the,2014-07-07T16:12:57Z
pizzahut.co.nz,https://plaintextoffenders.com/post/91104223091/pizzahutconz-pizza-forgot-password-link-on,2014-07-08T01:48:33Z
siff.net,https://plaintextoffenders.com/post/91128673814/siffnet-film-festival,2014-07-08T06:36:12Z
microworks.com,https://plaintextoffenders.com/post/91207060969/fourstarpizzacouk-fourstarpizzaie-microworksc,2014-07-09T01:48:19Z
fourstarpizza.ie,https://plaintextoffenders.com/post/91207060969/fourstarpizzacouk-fourstarpizzaie-microworksc,2014-07-09T01:48:19Z
fourstarpizza.co.uk,https://plaintextoffenders.com/post/91207060969/fourstarpizzacouk-fourstarpizzaie-microworksc,2014-07-09T01:48:19Z
hillsdale.edu,https://plaintextoffenders.com/post/91231227540/hillsdaleedu-college-i-mean-really-they-didnt,2014-07-09T06:36:14Z
calsubmeter.com,https://plaintextoffenders.com/post/91244244277/calsubmetercom-water-and-sewer-management,2014-07-09T11:24:24Z
raritan.com,https://plaintextoffenders.com/post/91260910222/raritancom-datacenter-management-technology,2014-07-09T16:12:40Z
paninigroup.com,https://plaintextoffenders.com/post/91308751695/mypaninicom-paninigroupcom-kidsfootball,2014-07-10T01:48:35Z
mypanini.com,https://plaintextoffenders.com/post/91308751695/mypaninicom-paninigroupcom-kidsfootball,2014-07-10T01:48:35Z
debusy.dk,https://plaintextoffenders.com/post/91332817760/debusydk-electronics-sends-plaintext-password,2014-07-10T06:36:19Z
baltsoft.com,https://plaintextoffenders.com/post/91345892216/convertapicom-baltsoftcom-online-conversion,2014-07-10T11:24:27Z
convertapi.com,https://plaintextoffenders.com/post/91345892216/convertapicom-baltsoftcom-online-conversion,2014-07-10T11:24:27Z
iteadstudio.com,https://plaintextoffenders.com/post/91362460988/iteadstudiocom-electronics-enthusiast-shop,2014-07-10T16:12:39Z
youth4work.com,https://plaintextoffenders.com/post/91409053753/youth4workcom-job-board-for-youths,2014-07-11T01:48:23Z
proisp.no,https://plaintextoffenders.com/post/91432934821/proispno-domain-name-provider,2014-07-11T06:36:33Z
crestock.com,https://plaintextoffenders.com/post/91445851939/crestockcom-stock-photography-and-images-they,2014-07-11T11:24:32Z
internationalservicecheck.com,https://plaintextoffenders.com/post/91462178132/internationalservicecheckcom-customer-service,2014-07-11T16:12:22Z
vivinter.fr,https://plaintextoffenders.com/post/91506182094/vivinterfr-health-insurance-when-you-log-in-the,2014-07-12T01:48:28Z
americansafetycouncil.com,https://plaintextoffenders.com/post/91528217101/uceusacom-americansafetycouncilcom-online,2014-07-12T06:36:30Z
uceusa.com,https://plaintextoffenders.com/post/91528217101/uceusacom-americansafetycouncilcom-online,2014-07-12T06:36:30Z
28degreescard.com.au,https://plaintextoffenders.com/post/91541116445/28degreescardcomau-credit-card-plaintext-fail,2014-07-12T11:24:37Z
tenso.com,https://plaintextoffenders.com/post/91556859369/tensocom-international-package-forwarding-lost,2014-07-12T16:13:00Z
lauraashley.com,https://plaintextoffenders.com/post/91599995038/lauraashleycom-retail-brand,2014-07-13T01:48:23Z
awardspace.com,https://plaintextoffenders.com/post/91622108436/awardspacecom-web-hosting-spreading-their-it,2014-07-13T06:36:29Z
camino.uk.com,https://plaintextoffenders.com/post/91635564099/caminoukcom-restaurant,2014-07-13T11:24:38Z
telmate.com,https://plaintextoffenders.com/post/91651809165/telmatecom-prison-services-displays-password-in,2014-07-13T16:12:54Z
takeawaysonline.biz,https://plaintextoffenders.com/post/91699055672/sicilianopizzacouk-etakeoutcouk,2014-07-14T01:48:21Z
etakeout.co.uk,https://plaintextoffenders.com/post/91699055672/sicilianopizzacouk-etakeoutcouk,2014-07-14T01:48:21Z
sicilianopizza.co.uk,https://plaintextoffenders.com/post/91699055672/sicilianopizzacouk-etakeoutcouk,2014-07-14T01:48:21Z
gameknot.com,https://plaintextoffenders.com/post/91723619802/gameknotcom-online-chess-when-i-requested-a,2014-07-14T06:36:20Z
ikea.co.uk,https://plaintextoffenders.com/post/91736999349/ikeacouk-furniture-ikea-uk-wifi,2014-07-14T11:24:37Z
gettington.com,https://plaintextoffenders.com/post/91753724916/gettingtoncom-online-store-password-recovery,2014-07-14T16:12:54Z
ibexpert.net,https://plaintextoffenders.com/post/91802536038/ibexpertnet-software-they-email-you-your,2014-07-15T01:48:27Z
mycusthelp.net,https://plaintextoffenders.com/post/91827138468/mygovhelpinfo-mycusthelpnet-government-issue,2014-07-15T06:36:19Z
mygovhelp.info,https://plaintextoffenders.com/post/91827138468/mygovhelpinfo-mycusthelpnet-government-issue,2014-07-15T06:36:19Z
psf-services.com,https://plaintextoffenders.com/post/91840305570/psf-servicescom-health-insurance-they-handle-my,2014-07-15T11:24:37Z
nba.com,https://plaintextoffenders.com/post/91856608508/nbacom-sports-league-use-the-forgot-password,2014-07-15T16:12:23Z
pocketgamer.biz,https://plaintextoffenders.com/post/91904026919/pocketgamerbiz-gaming-news,2014-07-16T01:48:25Z
synergyloyalty.net,https://plaintextoffenders.com/post/91928247416/menchiescom-synergyworldcom,2014-07-16T06:36:35Z
synergyworld.com,https://plaintextoffenders.com/post/91928247416/menchiescom-synergyworldcom,2014-07-16T06:36:35Z
menchies.com,https://plaintextoffenders.com/post/91928247416/menchiescom-synergyworldcom,2014-07-16T06:36:35Z
expressowatonna.com,https://plaintextoffenders.com/post/91957504354/expressowatonnacom-job-finding-assistance-they,2014-07-16T16:12:22Z
gameshark.net,https://plaintextoffenders.com/post/92004490963/madcatzcom-gamesharknet-video-game-publisher,2014-07-17T01:48:29Z
madcatz.com,https://plaintextoffenders.com/post/92004490963/madcatzcom-gamesharknet-video-game-publisher,2014-07-17T01:48:29Z
espncricinfo.com,https://plaintextoffenders.com/post/92028258316/espncricinfocom-sports-after-i-finished-the,2014-07-17T06:36:13Z
fc2.com,https://plaintextoffenders.com/post/92041162084/fc2com-blogging-platform-after-i-forget-my,2014-07-17T11:24:42Z
runyourpool.com,https://plaintextoffenders.com/post/92056928354/runyourpoolcom-sports-betting,2014-07-17T16:12:37Z
li.ru,https://plaintextoffenders.com/post/92102330184/liveinternetru-liru-internet-statistics-after,2014-07-18T01:48:24Z
liveinternet.ru,https://plaintextoffenders.com/post/92102330184/liveinternetru-liru-internet-statistics-after,2014-07-18T01:48:24Z
fabfurnish.com,https://plaintextoffenders.com/post/92125296419/fabfurnishcom-home-wares,2014-07-18T06:36:21Z
wurmonline.com,https://plaintextoffenders.com/post/92138003261/wurmonlinecom-mmorpg-pretty-popular-game-yet,2014-07-18T11:24:35Z
foodler.com,https://plaintextoffenders.com/post/92153792017/foodlercom-food-delivery,2014-07-18T16:12:36Z
cabelas.com,https://plaintextoffenders.com/post/92196815333/cabelascom-outdoor-recreation-merchandise-their,2014-07-19T01:48:25Z
extratorrent.cc,https://plaintextoffenders.com/post/92218702602/extratorrentcc-bittorrent-search,2014-07-19T06:36:32Z
corriere.it,https://plaintextoffenders.com/post/92231284921/corriereit-news,2014-07-19T11:24:36Z
globaltuners.com,https://plaintextoffenders.com/post/92246446804/globaltunerscom-online-software-defined-radio,2014-07-19T16:12:28Z
unicef.org.au,https://plaintextoffenders.com/post/92288474743/uniceforgau-global-organization-they-do-send-a,2014-07-20T01:48:31Z
avsim.net,https://plaintextoffenders.com/post/92310276995/avsimcom-avsimnet-flight-simulator,2014-07-20T06:36:30Z
avsim.com,https://plaintextoffenders.com/post/92310276995/avsimcom-avsimnet-flight-simulator,2014-07-20T06:36:30Z
redboxgifts.com.sg,https://plaintextoffenders.com/post/92323517524/redboxgiftscomsg-gift-giving-after-signing-up,2014-07-20T11:24:37Z
lakewoodmedical.ca,https://plaintextoffenders.com/post/92339426743/lakewoodmedicalca-medical-center-i-was-emailed,2014-07-20T16:12:29Z
cellarmasters.com.au,https://plaintextoffenders.com/post/92410109785/cellarmasterscomau-wine-retailer-after,2014-07-21T06:36:23Z
damn.com,https://plaintextoffenders.com/post/92423499601/damncom-video-sharing-after-registering,2014-07-21T11:24:32Z
designcrowd.com,https://plaintextoffenders.com/post/92439788266/worth1000com-designcrowdcom-graphics-design,2014-07-21T16:12:28Z
worth1000.com,https://plaintextoffenders.com/post/92439788266/worth1000com-designcrowdcom-graphics-design,2014-07-21T16:12:28Z
online.nl,https://plaintextoffenders.com/post/92487400763/onlinenl-dutch-isp-a-customer-has-an-account,2014-07-22T01:48:24Z
voetbalzone.nl,https://plaintextoffenders.com/post/92511559203/voetbalzonenl-football-news-stores-password-in,2014-07-22T06:36:27Z
gadgetsonline.co.nz,https://plaintextoffenders.com/post/92525002450/gadgetsonlineconz-gadgets,2014-07-22T11:24:37Z
gaschecker.co.uk,https://plaintextoffenders.com/post/92541121354/gascheckercouk-certification,2014-07-22T16:12:23Z
sog.org.uk,https://plaintextoffenders.com/post/92587635903/sogorguk-genealogy-family-history-association,2014-07-23T01:48:33Z
eon.nk,https://plaintextoffenders.com/post/92611420497/eonnk-energy-sends-you-your-user-name-and,2014-07-23T06:36:21Z
gentoo.org,https://plaintextoffenders.com/post/92624646578/gentooorg-linux-distribution-it-is-supposed-to,2014-07-23T11:24:30Z
ubiq.co,https://plaintextoffenders.com/post/92640618455/ubiqco-bi-dashboarding-tool,2014-07-23T16:12:28Z
utcourts.gov,https://plaintextoffenders.com/post/92686461226/utcourtsgov-court-of-law-passwords-sent-after,2014-07-24T01:48:25Z
scanmyserver.com,https://plaintextoffenders.com/post/92722852738/scanmyservercom-website-security-analyzer,2014-07-24T11:24:43Z
mazdausa.com,https://plaintextoffenders.com/post/92738638449/mazdausacom-car-manufacturer-sending-out,2014-07-24T16:12:36Z
ringwayofcyclones.com,https://plaintextoffenders.com/post/92784001035/ringwayofcyclonescom-mmorpg-your-plaintext,2014-07-25T01:48:31Z
esteri.it,https://plaintextoffenders.com/post/92807105235/esteriit-government-this-is-from-the-online,2014-07-25T06:36:34Z
themanaworld.org,https://plaintextoffenders.com/post/92820084384/themanaworldorg-mmorpg-what-editors,2014-07-25T11:24:43Z
usebitcoins.info,https://plaintextoffenders.com/post/92835911316/usebitcoinsinfo-bitcoin-accepting-stores-list,2014-07-25T16:12:27Z
soundonsound.com,https://plaintextoffenders.com/post/92878876241/soundonsoundcom-magazine,2014-07-26T01:48:28Z
spacenk.com,https://plaintextoffenders.com/post/92900675121/spacenkcom-cosmetics-sends-new-password-as,2014-07-26T06:36:35Z
eurosportplayer.com,https://plaintextoffenders.com/post/92913138239/eurosportplayercom-sports-broadcasts-returned,2014-07-26T11:24:30Z
hif.com.au,https://plaintextoffenders.com/post/92928111227/hifcomau-health-insurance-i-was-first-aware-of,2014-07-26T16:12:27Z
rconfig.com,https://plaintextoffenders.com/post/92969865824/rconfigcom-computer-network-configuration,2014-07-27T01:48:26Z
paidproducttesting.co.uk,https://plaintextoffenders.com/post/92991747295/paidproducttestingcouk-product-tests-once-id,2014-07-27T06:36:27Z
palmagent.com,https://plaintextoffenders.com/post/93004801064/palmagentcom-real-estate-app-they-produce-a-ton,2014-07-27T11:24:40Z
apolloecigs.com,https://plaintextoffenders.com/post/93020349290/apolloecigscom-electronic-cigarettes,2014-07-27T16:12:19Z
centralengland.coop,https://plaintextoffenders.com/post/93066819843/co-operativecoop-centralenglandcoop,2014-07-28T01:48:29Z
co-operative.coop,https://plaintextoffenders.com/post/93066819843/co-operativecoop-centralenglandcoop,2014-07-28T01:48:29Z
kontrabandstores.com,https://plaintextoffenders.com/post/93090620836/kontrabandstorescom-band-merchandise-good-job,2014-07-28T06:36:21Z
providerservice.com,https://plaintextoffenders.com/post/93103882402/providerdienstede-providerservicecom-web,2014-07-28T11:24:37Z
providerdienste.de,https://plaintextoffenders.com/post/93103882402/providerdienstede-providerservicecom-web,2014-07-28T11:24:37Z
daytrotter.com,https://plaintextoffenders.com/post/93119692276/daytrottercom-music-discovery,2014-07-28T16:12:23Z
hpceurope.com,https://plaintextoffenders.com/post/93166389316/hpceuropecom-mechanical-components,2014-07-29T01:48:17Z
pley.com,https://plaintextoffenders.com/post/93190081878/pleycom-lego-rental-customer-support-response,2014-07-29T06:36:19Z
rhapsody.com,https://plaintextoffenders.com/post/93203157222/rhapsodycom-music-store-subscription-services,2014-07-29T11:24:32Z
godfreys.com.au,https://plaintextoffenders.com/post/93218808431/godfreysconz-godfreyscomau-vacuum-cleaners,2014-07-29T16:12:21Z
godfreys.co.nz,https://plaintextoffenders.com/post/93218808431/godfreysconz-godfreyscomau-vacuum-cleaners,2014-07-29T16:12:21Z
e-services.com.bh,https://plaintextoffenders.com/post/93264609983/batelcocom-e-servicescombh-telecommunications,2014-07-30T01:48:30Z
batelco.com,https://plaintextoffenders.com/post/93264609983/batelcocom-e-servicescombh-telecommunications,2014-07-30T01:48:30Z
birthrightisrael.com,https://plaintextoffenders.com/post/93287755464/birthrightisraelcom-educational-non-profit-this,2014-07-30T06:36:34Z
tigsource.com,https://plaintextoffenders.com/post/93300771562/tigsourcecom-independent-game-developer,2014-07-30T11:24:42Z
wasteheadquarters.com,https://plaintextoffenders.com/post/93316344164/wasteukcom-wasteheadquarterscom-band,2014-07-30T16:12:31Z
waste.uk.com,https://plaintextoffenders.com/post/93316344164/wasteukcom-wasteheadquarterscom-band,2014-07-30T16:12:31Z
psccu.org,https://plaintextoffenders.com/post/93361345736/psccuorg-credit-union-serving-one-of-the,2014-07-31T01:48:34Z
questradeaffiliates.com,https://plaintextoffenders.com/post/93384090873/questradeaffiliatescom-stock-trading-broker,2014-07-31T06:36:35Z
gostanford.com,https://plaintextoffenders.com/post/93396915397/gostanfordcom-university-athletics-dept,2014-07-31T11:24:26Z
formaremedicala.ro,https://plaintextoffenders.com/post/93412374727/formaremedicalaro-medical-education-pretty-high,2014-07-31T16:12:28Z
hoxtonrubber.com,https://plaintextoffenders.com/post/93456414123/hoxtonrubbercom-fetish-exhibitions-rubber,2014-08-01T01:48:23Z
orriant.com,https://plaintextoffenders.com/post/93478423067/orriantcom-corporate-wellness-programs-they,2014-08-01T06:36:35Z
khsmide.se,https://plaintextoffenders.com/post/93491217066/khsmidese-metalworks-they-sent-out-my-password,2014-08-01T11:24:32Z
vetstreet.com,https://plaintextoffenders.com/post/93506817408/vetstreetcom-pet-portal,2014-08-01T16:12:27Z
onehourtranslation.com,https://plaintextoffenders.com/post/93549256802/onehourtranslationcom-translation-service,2014-08-02T01:48:33Z
marketbook.co.nz,https://plaintextoffenders.com/post/93570507054/sandhillscom-sandhillseastcouk,2014-08-02T06:36:22Z
marketbook.web.id,https://plaintextoffenders.com/post/93570507054/sandhillscom-sandhillseastcouk,2014-08-02T06:36:22Z
marketbook.com.cn,https://plaintextoffenders.com/post/93570507054/sandhillscom-sandhillseastcouk,2014-08-02T06:36:22Z
marketbook.pk,https://plaintextoffenders.com/post/93570507054/sandhillscom-sandhillseastcouk,2014-08-02T06:36:22Z
marketbook.jp,https://plaintextoffenders.com/post/93570507054/sandhillscom-sandhillseastcouk,2014-08-02T06:36:22Z
marketbook.in,https://plaintextoffenders.com/post/93570507054/sandhillscom-sandhillseastcouk,2014-08-02T06:36:22Z
marketbook.com.au,https://plaintextoffenders.com/post/93570507054/sandhillscom-sandhillseastcouk,2014-08-02T06:36:22Z
marketbook.ae,https://plaintextoffenders.com/post/93570507054/sandhillscom-sandhillseastcouk,2014-08-02T06:36:22Z
marketbook.qa,https://plaintextoffenders.com/post/93570507054/sandhillscom-sandhillseastcouk,2014-08-02T06:36:22Z
marketbook.co.il,https://plaintextoffenders.com/post/93570507054/sandhillscom-sandhillseastcouk,2014-08-02T06:36:22Z
marketbook.tn,https://plaintextoffenders.com/post/93570507054/sandhillscom-sandhillseastcouk,2014-08-02T06:36:22Z
marketbook.co.za,https://plaintextoffenders.com/post/93570507054/sandhillscom-sandhillseastcouk,2014-08-02T06:36:22Z
marketbook.co.mz,https://plaintextoffenders.com/post/93570507054/sandhillscom-sandhillseastcouk,2014-08-02T06:36:22Z
marketbook.eg,https://plaintextoffenders.com/post/93570507054/sandhillscom-sandhillseastcouk,2014-08-02T06:36:22Z
marketbook.ug,https://plaintextoffenders.com/post/93570507054/sandhillscom-sandhillseastcouk,2014-08-02T06:36:22Z
marketbook.co.tg,https://plaintextoffenders.com/post/93570507054/sandhillscom-sandhillseastcouk,2014-08-02T06:36:22Z
marketbook.com.nz,https://plaintextoffenders.com/post/93570507054/sandhillscom-sandhillseastcouk,2014-08-02T06:36:22Z
marketbook.ma,https://plaintextoffenders.com/post/93570507054/sandhillscom-sandhillseastcouk,2014-08-02T06:36:22Z
marketbook.co.ao,https://plaintextoffenders.com/post/93570507054/sandhillscom-sandhillseastcouk,2014-08-02T06:36:22Z
marketbook.es,https://plaintextoffenders.com/post/93570507054/sandhillscom-sandhillseastcouk,2014-08-02T06:36:22Z
marketbook.pl,https://plaintextoffenders.com/post/93570507054/sandhillscom-sandhillseastcouk,2014-08-02T06:36:22Z
marketbook.it,https://plaintextoffenders.com/post/93570507054/sandhillscom-sandhillseastcouk,2014-08-02T06:36:22Z
marketbook.co.ee,https://plaintextoffenders.com/post/93570507054/sandhillscom-sandhillseastcouk,2014-08-02T06:36:22Z
marketbook.co.uk,https://plaintextoffenders.com/post/93570507054/sandhillscom-sandhillseastcouk,2014-08-02T06:36:22Z
marketbook.si,https://plaintextoffenders.com/post/93570507054/sandhillscom-sandhillseastcouk,2014-08-02T06:36:22Z
marketbook.no,https://plaintextoffenders.com/post/93570507054/sandhillscom-sandhillseastcouk,2014-08-02T06:36:22Z
marketbook.ie,https://plaintextoffenders.com/post/93570507054/sandhillscom-sandhillseastcouk,2014-08-02T06:36:22Z
marketbook.dk,https://plaintextoffenders.com/post/93570507054/sandhillscom-sandhillseastcouk,2014-08-02T06:36:22Z
marketbook.com.tr,https://plaintextoffenders.com/post/93570507054/sandhillscom-sandhillseastcouk,2014-08-02T06:36:22Z
marketbook.sk,https://plaintextoffenders.com/post/93570507054/sandhillscom-sandhillseastcouk,2014-08-02T06:36:22Z
marketbook.hu,https://plaintextoffenders.com/post/93570507054/sandhillscom-sandhillseastcouk,2014-08-02T06:36:22Z
marketbook.cz,https://plaintextoffenders.com/post/93570507054/sandhillscom-sandhillseastcouk,2014-08-02T06:36:22Z
marketbook.nl,https://plaintextoffenders.com/post/93570507054/sandhillscom-sandhillseastcouk,2014-08-02T06:36:22Z
marketbook.ru,https://plaintextoffenders.com/post/93570507054/sandhillscom-sandhillseastcouk,2014-08-02T06:36:22Z
marketbook.lt,https://plaintextoffenders.com/post/93570507054/sandhillscom-sandhillseastcouk,2014-08-02T06:36:22Z
marketbook.de,https://plaintextoffenders.com/post/93570507054/sandhillscom-sandhillseastcouk,2014-08-02T06:36:22Z
marketbook.biz,https://plaintextoffenders.com/post/93570507054/sandhillscom-sandhillseastcouk,2014-08-02T06:36:22Z
marketbook.ch,https://plaintextoffenders.com/post/93570507054/sandhillscom-sandhillseastcouk,2014-08-02T06:36:22Z
marketbook.ro,https://plaintextoffenders.com/post/93570507054/sandhillscom-sandhillseastcouk,2014-08-02T06:36:22Z
marketbook.li,https://plaintextoffenders.com/post/93570507054/sandhillscom-sandhillseastcouk,2014-08-02T06:36:22Z
marketbook.fr,https://plaintextoffenders.com/post/93570507054/sandhillscom-sandhillseastcouk,2014-08-02T06:36:22Z
marketbook.bg,https://plaintextoffenders.com/post/93570507054/sandhillscom-sandhillseastcouk,2014-08-02T06:36:22Z
marketbook.se,https://plaintextoffenders.com/post/93570507054/sandhillscom-sandhillseastcouk,2014-08-02T06:36:22Z
marketbook.pt,https://plaintextoffenders.com/post/93570507054/sandhillscom-sandhillseastcouk,2014-08-02T06:36:22Z
marketbook.lv,https://plaintextoffenders.com/post/93570507054/sandhillscom-sandhillseastcouk,2014-08-02T06:36:22Z
marketbook.fi,https://plaintextoffenders.com/post/93570507054/sandhillscom-sandhillseastcouk,2014-08-02T06:36:22Z
marketbook.at,https://plaintextoffenders.com/post/93570507054/sandhillscom-sandhillseastcouk,2014-08-02T06:36:22Z
marketbook.co.ve,https://plaintextoffenders.com/post/93570507054/sandhillscom-sandhillseastcouk,2014-08-02T06:36:22Z
marketbook.pe,https://plaintextoffenders.com/post/93570507054/sandhillscom-sandhillseastcouk,2014-08-02T06:36:22Z
marketbook.ec,https://plaintextoffenders.com/post/93570507054/sandhillscom-sandhillseastcouk,2014-08-02T06:36:22Z
marketbook.cl,https://plaintextoffenders.com/post/93570507054/sandhillscom-sandhillseastcouk,2014-08-02T06:36:22Z
marketbook.bo,https://plaintextoffenders.com/post/93570507054/sandhillscom-sandhillseastcouk,2014-08-02T06:36:22Z
marketbook.uy,https://plaintextoffenders.com/post/93570507054/sandhillscom-sandhillseastcouk,2014-08-02T06:36:22Z
marketbook.com.py,https://plaintextoffenders.com/post/93570507054/sandhillscom-sandhillseastcouk,2014-08-02T06:36:22Z
marketbook.co,https://plaintextoffenders.com/post/93570507054/sandhillscom-sandhillseastcouk,2014-08-02T06:36:22Z
marketbook.com.br,https://plaintextoffenders.com/post/93570507054/sandhillscom-sandhillseastcouk,2014-08-02T06:36:22Z
marketbook.com.ar,https://plaintextoffenders.com/post/93570507054/sandhillscom-sandhillseastcouk,2014-08-02T06:36:22Z
marketbook.com.pa,https://plaintextoffenders.com/post/93570507054/sandhillscom-sandhillseastcouk,2014-08-02T06:36:22Z
marketbook.mx,https://plaintextoffenders.com/post/93570507054/sandhillscom-sandhillseastcouk,2014-08-02T06:36:22Z
marketbook.gt,https://plaintextoffenders.com/post/93570507054/sandhillscom-sandhillseastcouk,2014-08-02T06:36:22Z
marketbook.cr,https://plaintextoffenders.com/post/93570507054/sandhillscom-sandhillseastcouk,2014-08-02T06:36:22Z
marketbook.co.ni,https://plaintextoffenders.com/post/93570507054/sandhillscom-sandhillseastcouk,2014-08-02T06:36:22Z
marketbook.hn,https://plaintextoffenders.com/post/93570507054/sandhillscom-sandhillseastcouk,2014-08-02T06:36:22Z
marketbook.com.sv,https://plaintextoffenders.com/post/93570507054/sandhillscom-sandhillseastcouk,2014-08-02T06:36:22Z
marketbook.bz,https://plaintextoffenders.com/post/93570507054/sandhillscom-sandhillseastcouk,2014-08-02T06:36:22Z
marketbook.ca,https://plaintextoffenders.com/post/93570507054/sandhillscom-sandhillseastcouk,2014-08-02T06:36:22Z
marketbook.qc.ca,https://plaintextoffenders.com/post/93570507054/sandhillscom-sandhillseastcouk,2014-08-02T06:36:22Z
marketbook.com,https://plaintextoffenders.com/post/93570507054/sandhillscom-sandhillseastcouk,2014-08-02T06:36:22Z
upcomingauctions.com,https://plaintextoffenders.com/post/93570507054/sandhillscom-sandhillseastcouk,2014-08-02T06:36:22Z
tractorhouse.co.nz,https://plaintextoffenders.com/post/93570507054/sandhillscom-sandhillseastcouk,2014-08-02T06:36:22Z
tractorhouse.web.id,https://plaintextoffenders.com/post/93570507054/sandhillscom-sandhillseastcouk,2014-08-02T06:36:22Z
tractorhouse.com.cn,https://plaintextoffenders.com/post/93570507054/sandhillscom-sandhillseastcouk,2014-08-02T06:36:22Z
tractorhouse.pk,https://plaintextoffenders.com/post/93570507054/sandhillscom-sandhillseastcouk,2014-08-02T06:36:22Z
tractorhouse.jp,https://plaintextoffenders.com/post/93570507054/sandhillscom-sandhillseastcouk,2014-08-02T06:36:22Z
tractorhouse.in,https://plaintextoffenders.com/post/93570507054/sandhillscom-sandhillseastcouk,2014-08-02T06:36:22Z
tractorhouse.com.au,https://plaintextoffenders.com/post/93570507054/sandhillscom-sandhillseastcouk,2014-08-02T06:36:22Z
tractorhouse.ae,https://plaintextoffenders.com/post/93570507054/sandhillscom-sandhillseastcouk,2014-08-02T06:36:22Z
tractorhouse.qa,https://plaintextoffenders.com/post/93570507054/sandhillscom-sandhillseastcouk,2014-08-02T06:36:22Z
tractorhouse.co.il,https://plaintextoffenders.com/post/93570507054/sandhillscom-sandhillseastcouk,2014-08-02T06:36:22Z
tractorhouse.tn,https://plaintextoffenders.com/post/93570507054/sandhillscom-sandhillseastcouk,2014-08-02T06:36:22Z
tractorhouse.co.za,https://plaintextoffenders.com/post/93570507054/sandhillscom-sandhillseastcouk,2014-08-02T06:36:22Z
tractorhouse.co.mz,https://plaintextoffenders.com/post/93570507054/sandhillscom-sandhillseastcouk,2014-08-02T06:36:22Z
tractorhouse.eg,https://plaintextoffenders.com/post/93570507054/sandhillscom-sandhillseastcouk,2014-08-02T06:36:22Z
tractorhouse.ug,https://plaintextoffenders.com/post/93570507054/sandhillscom-sandhillseastcouk,2014-08-02T06:36:22Z
tractorhouse.co.tg,https://plaintextoffenders.com/post/93570507054/sandhillscom-sandhillseastcouk,2014-08-02T06:36:22Z
tractorhouse.com.nz,https://plaintextoffenders.com/post/93570507054/sandhillscom-sandhillseastcouk,2014-08-02T06:36:22Z
tractorhouse.ma,https://plaintextoffenders.com/post/93570507054/sandhillscom-sandhillseastcouk,2014-08-02T06:36:22Z
tractorhouse.co.ao,https://plaintextoffenders.com/post/93570507054/sandhillscom-sandhillseastcouk,2014-08-02T06:36:22Z
tractorhouse.es,https://plaintextoffenders.com/post/93570507054/sandhillscom-sandhillseastcouk,2014-08-02T06:36:22Z
tractorhouse.pl,https://plaintextoffenders.com/post/93570507054/sandhillscom-sandhillseastcouk,2014-08-02T06:36:22Z
tractorhouse.it,https://plaintextoffenders.com/post/93570507054/sandhillscom-sandhillseastcouk,2014-08-02T06:36:22Z
tractorhouse.co.ee,https://plaintextoffenders.com/post/93570507054/sandhillscom-sandhillseastcouk,2014-08-02T06:36:22Z
tractorhouse.co.uk,https://plaintextoffenders.com/post/93570507054/sandhillscom-sandhillseastcouk,2014-08-02T06:36:22Z
tractorhouse.si,https://plaintextoffenders.com/post/93570507054/sandhillscom-sandhillseastcouk,2014-08-02T06:36:22Z
tractorhouse.no,https://plaintextoffenders.com/post/93570507054/sandhillscom-sandhillseastcouk,2014-08-02T06:36:22Z
tractorhouse.ie,https://plaintextoffenders.com/post/93570507054/sandhillscom-sandhillseastcouk,2014-08-02T06:36:22Z
tractorhouse.dk,https://plaintextoffenders.com/post/93570507054/sandhillscom-sandhillseastcouk,2014-08-02T06:36:22Z
tractorhouse.com.tr,https://plaintextoffenders.com/post/93570507054/sandhillscom-sandhillseastcouk,2014-08-02T06:36:22Z
tractorhouse.sk,https://plaintextoffenders.com/post/93570507054/sandhillscom-sandhillseastcouk,2014-08-02T06:36:22Z
tractorhouse.hu,https://plaintextoffenders.com/post/93570507054/sandhillscom-sandhillseastcouk,2014-08-02T06:36:22Z
tractorhouse.cz,https://plaintextoffenders.com/post/93570507054/sandhillscom-sandhillseastcouk,2014-08-02T06:36:22Z
tractorhouse.nl,https://plaintextoffenders.com/post/93570507054/sandhillscom-sandhillseastcouk,2014-08-02T06:36:22Z
tractorhouse.ru,https://plaintextoffenders.com/post/93570507054/sandhillscom-sandhillseastcouk,2014-08-02T06:36:22Z
tractorhouse.lt,https://plaintextoffenders.com/post/93570507054/sandhillscom-sandhillseastcouk,2014-08-02T06:36:22Z
tractorhouse.de,https://plaintextoffenders.com/post/93570507054/sandhillscom-sandhillseastcouk,2014-08-02T06:36:22Z
tractorhouse.biz,https://plaintextoffenders.com/post/93570507054/sandhillscom-sandhillseastcouk,2014-08-02T06:36:22Z
tractorhouse.ch,https://plaintextoffenders.com/post/93570507054/sandhillscom-sandhillseastcouk,2014-08-02T06:36:22Z
tractorhouse.ro,https://plaintextoffenders.com/post/93570507054/sandhillscom-sandhillseastcouk,2014-08-02T06:36:22Z
tractorhouse.li,https://plaintextoffenders.com/post/93570507054/sandhillscom-sandhillseastcouk,2014-08-02T06:36:22Z
tractorhouse.fr,https://plaintextoffenders.com/post/93570507054/sandhillscom-sandhillseastcouk,2014-08-02T06:36:22Z
tractorhouse.bg,https://plaintextoffenders.com/post/93570507054/sandhillscom-sandhillseastcouk,2014-08-02T06:36:22Z
tractorhouse.se,https://plaintextoffenders.com/post/93570507054/sandhillscom-sandhillseastcouk,2014-08-02T06:36:22Z
tractorhouse.pt,https://plaintextoffenders.com/post/93570507054/sandhillscom-sandhillseastcouk,2014-08-02T06:36:22Z
tractorhouse.lv,https://plaintextoffenders.com/post/93570507054/sandhillscom-sandhillseastcouk,2014-08-02T06:36:22Z
tractorhouse.fi,https://plaintextoffenders.com/post/93570507054/sandhillscom-sandhillseastcouk,2014-08-02T06:36:22Z
tractorhouse.at,https://plaintextoffenders.com/post/93570507054/sandhillscom-sandhillseastcouk,2014-08-02T06:36:22Z
tractorhouse.co.ve,https://plaintextoffenders.com/post/93570507054/sandhillscom-sandhillseastcouk,2014-08-02T06:36:22Z
tractorhouse.pe,https://plaintextoffenders.com/post/93570507054/sandhillscom-sandhillseastcouk,2014-08-02T06:36:22Z
tractorhouse.ec,https://plaintextoffenders.com/post/93570507054/sandhillscom-sandhillseastcouk,2014-08-02T06:36:22Z
tractorhouse.cl,https://plaintextoffenders.com/post/93570507054/sandhillscom-sandhillseastcouk,2014-08-02T06:36:22Z
tractorhouse.bo,https://plaintextoffenders.com/post/93570507054/sandhillscom-sandhillseastcouk,2014-08-02T06:36:22Z
tractorhouse.uy,https://plaintextoffenders.com/post/93570507054/sandhillscom-sandhillseastcouk,2014-08-02T06:36:22Z
tractorhouse.com.py,https://plaintextoffenders.com/post/93570507054/sandhillscom-sandhillseastcouk,2014-08-02T06:36:22Z
tractorhouse.co,https://plaintextoffenders.com/post/93570507054/sandhillscom-sandhillseastcouk,2014-08-02T06:36:22Z
tractorhouse.com.br,https://plaintextoffenders.com/post/93570507054/sandhillscom-sandhillseastcouk,2014-08-02T06:36:22Z
tractorhouse.com.ar,https://plaintextoffenders.com/post/93570507054/sandhillscom-sandhillseastcouk,2014-08-02T06:36:22Z
tractorhouse.com.pa,https://plaintextoffenders.com/post/93570507054/sandhillscom-sandhillseastcouk,2014-08-02T06:36:22Z
tractorhouse.mx,https://plaintextoffenders.com/post/93570507054/sandhillscom-sandhillseastcouk,2014-08-02T06:36:22Z
tractorhouse.gt,https://plaintextoffenders.com/post/93570507054/sandhillscom-sandhillseastcouk,2014-08-02T06:36:22Z
tractorhouse.cr,https://plaintextoffenders.com/post/93570507054/sandhillscom-sandhillseastcouk,2014-08-02T06:36:22Z
tractorhouse.co.ni,https://plaintextoffenders.com/post/93570507054/sandhillscom-sandhillseastcouk,2014-08-02T06:36:22Z
tractorhouse.hn,https://plaintextoffenders.com/post/93570507054/sandhillscom-sandhillseastcouk,2014-08-02T06:36:22Z
tractorhouse.com.sv,https://plaintextoffenders.com/post/93570507054/sandhillscom-sandhillseastcouk,2014-08-02T06:36:22Z
tractorhouse.bz,https://plaintextoffenders.com/post/93570507054/sandhillscom-sandhillseastcouk,2014-08-02T06:36:22Z
tractorhouse.ca,https://plaintextoffenders.com/post/93570507054/sandhillscom-sandhillseastcouk,2014-08-02T06:36:22Z
tractorhouse.qc.ca,https://plaintextoffenders.com/post/93570507054/sandhillscom-sandhillseastcouk,2014-08-02T06:36:22Z
tractorhouse.com,https://plaintextoffenders.com/post/93570507054/sandhillscom-sandhillseastcouk,2014-08-02T06:36:22Z
processor.com,https://plaintextoffenders.com/post/93570507054/sandhillscom-sandhillseastcouk,2014-08-02T06:36:22Z
pctoday.com,https://plaintextoffenders.com/post/93570507054/sandhillscom-sandhillseastcouk,2014-08-02T06:36:22Z
needahauler.com,https://plaintextoffenders.com/post/93570507054/sandhillscom-sandhillseastcouk,2014-08-02T06:36:22Z
machinerytrader.co.nz,https://plaintextoffenders.com/post/93570507054/sandhillscom-sandhillseastcouk,2014-08-02T06:36:22Z
machinerytrader.web.id,https://plaintextoffenders.com/post/93570507054/sandhillscom-sandhillseastcouk,2014-08-02T06:36:22Z
machinerytrader.com.cn,https://plaintextoffenders.com/post/93570507054/sandhillscom-sandhillseastcouk,2014-08-02T06:36:22Z
machinerytrader.pk,https://plaintextoffenders.com/post/93570507054/sandhillscom-sandhillseastcouk,2014-08-02T06:36:22Z
machinerytrader.jp,https://plaintextoffenders.com/post/93570507054/sandhillscom-sandhillseastcouk,2014-08-02T06:36:22Z
machinerytrader.in,https://plaintextoffenders.com/post/93570507054/sandhillscom-sandhillseastcouk,2014-08-02T06:36:22Z
machinerytrader.com.au,https://plaintextoffenders.com/post/93570507054/sandhillscom-sandhillseastcouk,2014-08-02T06:36:22Z
machinerytrader.ae,https://plaintextoffenders.com/post/93570507054/sandhillscom-sandhillseastcouk,2014-08-02T06:36:22Z
machinerytrader.qa,https://plaintextoffenders.com/post/93570507054/sandhillscom-sandhillseastcouk,2014-08-02T06:36:22Z
machinerytrader.co.il,https://plaintextoffenders.com/post/93570507054/sandhillscom-sandhillseastcouk,2014-08-02T06:36:22Z
machinerytrader.tn,https://plaintextoffenders.com/post/93570507054/sandhillscom-sandhillseastcouk,2014-08-02T06:36:22Z
machinerytrader.co.za,https://plaintextoffenders.com/post/93570507054/sandhillscom-sandhillseastcouk,2014-08-02T06:36:22Z
machinerytrader.co.mz,https://plaintextoffenders.com/post/93570507054/sandhillscom-sandhillseastcouk,2014-08-02T06:36:22Z
machinerytrader.eg,https://plaintextoffenders.com/post/93570507054/sandhillscom-sandhillseastcouk,2014-08-02T06:36:22Z
machinerytrader.ug,https://plaintextoffenders.com/post/93570507054/sandhillscom-sandhillseastcouk,2014-08-02T06:36:22Z
machinerytrader.co.tg,https://plaintextoffenders.com/post/93570507054/sandhillscom-sandhillseastcouk,2014-08-02T06:36:22Z
machinerytrader.com.nz,https://plaintextoffenders.com/post/93570507054/sandhillscom-sandhillseastcouk,2014-08-02T06:36:22Z
machinerytrader.ma,https://plaintextoffenders.com/post/93570507054/sandhillscom-sandhillseastcouk,2014-08-02T06:36:22Z
machinerytrader.co.ao,https://plaintextoffenders.com/post/93570507054/sandhillscom-sandhillseastcouk,2014-08-02T06:36:22Z
machinerytrader.es,https://plaintextoffenders.com/post/93570507054/sandhillscom-sandhillseastcouk,2014-08-02T06:36:22Z
machinerytrader.pl,https://plaintextoffenders.com/post/93570507054/sandhillscom-sandhillseastcouk,2014-08-02T06:36:22Z
machinerytrader.it,https://plaintextoffenders.com/post/93570507054/sandhillscom-sandhillseastcouk,2014-08-02T06:36:22Z
machinerytrader.co.ee,https://plaintextoffenders.com/post/93570507054/sandhillscom-sandhillseastcouk,2014-08-02T06:36:22Z
machinerytrader.co.uk,https://plaintextoffenders.com/post/93570507054/sandhillscom-sandhillseastcouk,2014-08-02T06:36:22Z
machinerytrader.si,https://plaintextoffenders.com/post/93570507054/sandhillscom-sandhillseastcouk,2014-08-02T06:36:22Z
machinerytrader.no,https://plaintextoffenders.com/post/93570507054/sandhillscom-sandhillseastcouk,2014-08-02T06:36:22Z
machinerytrader.ie,https://plaintextoffenders.com/post/93570507054/sandhillscom-sandhillseastcouk,2014-08-02T06:36:22Z
machinerytrader.dk,https://plaintextoffenders.com/post/93570507054/sandhillscom-sandhillseastcouk,2014-08-02T06:36:22Z
machinerytrader.com.tr,https://plaintextoffenders.com/post/93570507054/sandhillscom-sandhillseastcouk,2014-08-02T06:36:22Z
machinerytrader.sk,https://plaintextoffenders.com/post/93570507054/sandhillscom-sandhillseastcouk,2014-08-02T06:36:22Z
machinerytrader.hu,https://plaintextoffenders.com/post/93570507054/sandhillscom-sandhillseastcouk,2014-08-02T06:36:22Z
machinerytrader.cz,https://plaintextoffenders.com/post/93570507054/sandhillscom-sandhillseastcouk,2014-08-02T06:36:22Z
machinerytrader.nl,https://plaintextoffenders.com/post/93570507054/sandhillscom-sandhillseastcouk,2014-08-02T06:36:22Z
machinerytrader.ru,https://plaintextoffenders.com/post/93570507054/sandhillscom-sandhillseastcouk,2014-08-02T06:36:22Z
machinerytrader.lt,https://plaintextoffenders.com/post/93570507054/sandhillscom-sandhillseastcouk,2014-08-02T06:36:22Z
machinerytrader.de,https://plaintextoffenders.com/post/93570507054/sandhillscom-sandhillseastcouk,2014-08-02T06:36:22Z
machinerytrader.biz,https://plaintextoffenders.com/post/93570507054/sandhillscom-sandhillseastcouk,2014-08-02T06:36:22Z
machinerytrader.ch,https://plaintextoffenders.com/post/93570507054/sandhillscom-sandhillseastcouk,2014-08-02T06:36:22Z
machinerytrader.ro,https://plaintextoffenders.com/post/93570507054/sandhillscom-sandhillseastcouk,2014-08-02T06:36:22Z
machinerytrader.li,https://plaintextoffenders.com/post/93570507054/sandhillscom-sandhillseastcouk,2014-08-02T06:36:22Z
machinerytrader.fr,https://plaintextoffenders.com/post/93570507054/sandhillscom-sandhillseastcouk,2014-08-02T06:36:22Z
machinerytrader.bg,https://plaintextoffenders.com/post/93570507054/sandhillscom-sandhillseastcouk,2014-08-02T06:36:22Z
machinerytrader.se,https://plaintextoffenders.com/post/93570507054/sandhillscom-sandhillseastcouk,2014-08-02T06:36:22Z
machinerytrader.pt,https://plaintextoffenders.com/post/93570507054/sandhillscom-sandhillseastcouk,2014-08-02T06:36:22Z
machinerytrader.lv,https://plaintextoffenders.com/post/93570507054/sandhillscom-sandhillseastcouk,2014-08-02T06:36:22Z
machinerytrader.fi,https://plaintextoffenders.com/post/93570507054/sandhillscom-sandhillseastcouk,2014-08-02T06:36:22Z
machinerytrader.at,https://plaintextoffenders.com/post/93570507054/sandhillscom-sandhillseastcouk,2014-08-02T06:36:22Z
machinerytrader.co.ve,https://plaintextoffenders.com/post/93570507054/sandhillscom-sandhillseastcouk,2014-08-02T06:36:22Z
machinerytrader.pe,https://plaintextoffenders.com/post/93570507054/sandhillscom-sandhillseastcouk,2014-08-02T06:36:22Z
machinerytrader.ec,https://plaintextoffenders.com/post/93570507054/sandhillscom-sandhillseastcouk,2014-08-02T06:36:22Z
machinerytrader.cl,https://plaintextoffenders.com/post/93570507054/sandhillscom-sandhillseastcouk,2014-08-02T06:36:22Z
machinerytrader.bo,https://plaintextoffenders.com/post/93570507054/sandhillscom-sandhillseastcouk,2014-08-02T06:36:22Z
machinerytrader.uy,https://plaintextoffenders.com/post/93570507054/sandhillscom-sandhillseastcouk,2014-08-02T06:36:22Z
machinerytrader.com.py,https://plaintextoffenders.com/post/93570507054/sandhillscom-sandhillseastcouk,2014-08-02T06:36:22Z
machinerytrader.co,https://plaintextoffenders.com/post/93570507054/sandhillscom-sandhillseastcouk,2014-08-02T06:36:22Z
machinerytrader.com.br,https://plaintextoffenders.com/post/93570507054/sandhillscom-sandhillseastcouk,2014-08-02T06:36:22Z
machinerytrader.com.ar,https://plaintextoffenders.com/post/93570507054/sandhillscom-sandhillseastcouk,2014-08-02T06:36:22Z
machinerytrader.com.pa,https://plaintextoffenders.com/post/93570507054/sandhillscom-sandhillseastcouk,2014-08-02T06:36:22Z
machinerytrader.mx,https://plaintextoffenders.com/post/93570507054/sandhillscom-sandhillseastcouk,2014-08-02T06:36:22Z
machinerytrader.gt,https://plaintextoffenders.com/post/93570507054/sandhillscom-sandhillseastcouk,2014-08-02T06:36:22Z
machinerytrader.cr,https://plaintextoffenders.com/post/93570507054/sandhillscom-sandhillseastcouk,2014-08-02T06:36:22Z
machinerytrader.co.ni,https://plaintextoffenders.com/post/93570507054/sandhillscom-sandhillseastcouk,2014-08-02T06:36:22Z
machinerytrader.hn,https://plaintextoffenders.com/post/93570507054/sandhillscom-sandhillseastcouk,2014-08-02T06:36:22Z
machinerytrader.com.sv,https://plaintextoffenders.com/post/93570507054/sandhillscom-sandhillseastcouk,2014-08-02T06:36:22Z
machinerytrader.bz,https://plaintextoffenders.com/post/93570507054/sandhillscom-sandhillseastcouk,2014-08-02T06:36:22Z
machinerytrader.ca,https://plaintextoffenders.com/post/93570507054/sandhillscom-sandhillseastcouk,2014-08-02T06:36:22Z
machinerytrader.qc.ca,https://plaintextoffenders.com/post/93570507054/sandhillscom-sandhillseastcouk,2014-08-02T06:36:22Z
machinerytrader.com,https://plaintextoffenders.com/post/93570507054/sandhillscom-sandhillseastcouk,2014-08-02T06:36:22Z
controller.com,https://plaintextoffenders.com/post/93570507054/sandhillscom-sandhillseastcouk,2014-08-02T06:36:22Z
charterhub.com,https://plaintextoffenders.com/post/93570507054/sandhillscom-sandhillseastcouk,2014-08-02T06:36:22Z
bidcaller.com,https://plaintextoffenders.com/post/93570507054/sandhillscom-sandhillseastcouk,2014-08-02T06:36:22Z
auctiontime.it,https://plaintextoffenders.com/post/93570507054/sandhillscom-sandhillseastcouk,2014-08-02T06:36:22Z
auctiontime.fr,https://plaintextoffenders.com/post/93570507054/sandhillscom-sandhillseastcouk,2014-08-02T06:36:22Z
auctiontime.es,https://plaintextoffenders.com/post/93570507054/sandhillscom-sandhillseastcouk,2014-08-02T06:36:22Z
auctiontime.de,https://plaintextoffenders.com/post/93570507054/sandhillscom-sandhillseastcouk,2014-08-02T06:36:22Z
auctiontime.co.uk,https://plaintextoffenders.com/post/93570507054/sandhillscom-sandhillseastcouk,2014-08-02T06:36:22Z
auctiontime.com,https://plaintextoffenders.com/post/93570507054/sandhillscom-sandhillseastcouk,2014-08-02T06:36:22Z
truckpaper.com,https://plaintextoffenders.com/post/93570507054/sandhillscom-sandhillseastcouk,2014-08-02T06:36:22Z
sandhillspacific.com.au,https://plaintextoffenders.com/post/93570507054/sandhillscom-sandhillseastcouk,2014-08-02T06:36:22Z
sandhillseast.co.uk,https://plaintextoffenders.com/post/93570507054/sandhillscom-sandhillseastcouk,2014-08-02T06:36:22Z
sandhills.com,https://plaintextoffenders.com/post/93570507054/sandhillscom-sandhillseastcouk,2014-08-02T06:36:22Z
paparango.com.br,https://plaintextoffenders.com/post/93582832022/paparangocombr-food-delivery,2014-08-02T11:24:30Z
audienceview.com,https://plaintextoffenders.com/post/93597836752/act-sforg-audienceviewcom-theater-tickets,2014-08-02T16:12:24Z
act-sf.org,https://plaintextoffenders.com/post/93597836752/act-sforg-audienceviewcom-theater-tickets,2014-08-02T16:12:24Z
svb.com,https://plaintextoffenders.com/post/93638848725/svbcom-bank,2014-08-03T01:48:25Z
studentloan.com,https://plaintextoffenders.com/post/93660364401/studentloancom-loans,2014-08-03T06:36:22Z
tickets.com,https://plaintextoffenders.com/post/93673364353/ticketscom-tickets,2014-08-03T11:24:36Z
higheredutah.org,https://plaintextoffenders.com/post/93688836046/utahsbredu-higheredutahorg-higher-education,2014-08-03T16:12:33Z
utahsbr.edu,https://plaintextoffenders.com/post/93688836046/utahsbredu-higheredutahorg-higher-education,2014-08-03T16:12:33Z
walgreens.com,https://plaintextoffenders.com/post/93733950558/walgreenscom-drugstore,2014-08-04T01:48:19Z
wordpress.org,https://plaintextoffenders.com/post/93756949331/wordpressorg-blog-engine,2014-08-04T06:36:20Z
clippercard.com,https://plaintextoffenders.com/post/93770092319/clippercardcom-transportation-card,2014-08-04T11:24:32Z
dearelder.com,https://plaintextoffenders.com/post/93785673849/deareldercom-messages-delivery-for-missionaries,2014-08-04T16:12:30Z
drvita.com,https://plaintextoffenders.com/post/93830952844/drvitacom-complementary-pharm-products,2014-08-05T01:48:15Z
ehawaii.gov,https://plaintextoffenders.com/post/93853832910/ehawaiigov-government,2014-08-05T06:36:35Z
eurail.com,https://plaintextoffenders.com/post/93866956631/eurailcom-rail-tickets,2014-08-05T11:24:43Z
bayareafastrak.org,https://plaintextoffenders.com/post/93882627491/bayareafastrakorg-electronic-toll-system,2014-08-05T16:12:29Z
homecity.com,https://plaintextoffenders.com/post/93927402526/homecitycom-real-estate,2014-08-06T01:48:25Z
orbitz.com,https://plaintextoffenders.com/post/93950067943/orbitzcom-travel,2014-08-06T06:36:31Z
renovosoftware.com,https://plaintextoffenders.com/post/93962891216/renovosoftwarecom-scheduling-and-video,2014-08-06T11:24:42Z
pge.com,https://plaintextoffenders.com/post/93978429724/pgecom-gas-and-electricity,2014-08-06T16:12:21Z
parkingcarma.com,https://plaintextoffenders.com/post/94023029894/parkingcarmacom-parking-reservation-system,2014-08-07T01:48:19Z
savethechildren.org.uk,https://plaintextoffenders.com/post/94045592786/savechildrenorg-savethechildrennet-savethechild,2014-08-07T06:36:19Z
savethechildren.org,https://plaintextoffenders.com/post/94045592786/savechildrenorg-savethechildrennet-savethechild,2014-08-07T06:36:19Z
savethechildren.net,https://plaintextoffenders.com/post/94045592786/savechildrenorg-savethechildrennet-savethechild,2014-08-07T06:36:19Z
savechildren.org,https://plaintextoffenders.com/post/94045592786/savechildrenorg-savethechildrennet-savethechild,2014-08-07T06:36:19Z
nhs.uk,https://plaintextoffenders.com/post/94058360453/nhsuk-government-body,2014-08-07T11:24:41Z
moneris.com,https://plaintextoffenders.com/post/94116999046/moneriscom-financial-institution-they-are,2014-08-08T01:48:25Z
fpl.com,https://plaintextoffenders.com/post/94138701028/fplcom-power-company,2014-08-08T06:36:29Z
clfdistribution.com,https://plaintextoffenders.com/post/94151133568/clfdistributioncom-wholesale-distributor-web,2014-08-08T11:24:39Z
24hourfitness.com,https://plaintextoffenders.com/post/94166298399/24hourfitnesscom-fitness-center,2014-08-08T16:12:24Z
jrj.com.cn,https://plaintextoffenders.com/post/94207941412/jrjcomcn-financials,2014-08-09T01:48:24Z
xywy.com,https://plaintextoffenders.com/post/94228840907/xywycom-medical-qa,2014-08-09T06:36:22Z
asmallorange.com,https://plaintextoffenders.com/post/94240732518/asmallorangecom-web-hosting,2014-08-09T11:24:36Z
vinci-autoroutes.com,https://plaintextoffenders.com/post/94255784420/client-escotacom-vinci-autoroutescom-freeways,2014-08-09T16:12:28Z
client-escota.com,https://plaintextoffenders.com/post/94255784420/client-escotacom-vinci-autoroutescom-freeways,2014-08-09T16:12:28Z
ascolour.co.nz,https://plaintextoffenders.com/post/94296844588/ascolourconz-clothes,2014-08-10T01:48:27Z
dhd24.com,https://plaintextoffenders.com/post/94318092199/dhd24com-classifieds,2014-08-10T06:36:23Z
mythemeshop.com,https://plaintextoffenders.com/post/94330758100/mythemeshopcom-wordpress-theme-gallery,2014-08-10T11:24:39Z
shorttask.com,https://plaintextoffenders.com/post/94346479381/shorttaskcom-mechanical-turk-clone,2014-08-10T16:12:35Z
rapidworkers.com,https://plaintextoffenders.com/post/94391211435/rapidworkerscom-mechanical-turk-clone-same-as,2014-08-11T01:48:20Z
larian.com,https://plaintextoffenders.com/post/94413935554/lariancom-video-game-studio-they-also-provide,2014-08-11T06:36:16Z
tibbo.com,https://plaintextoffenders.com/post/94426808051/tibbocom-programmable-device-servers-they-store,2014-08-11T11:24:29Z
mozilla.org,https://plaintextoffenders.com/post/94442603270/mozillaorg-software-automatic-monthly-password,2014-08-11T16:12:27Z
bajadesigns.com,https://plaintextoffenders.com/post/94489020834/bajadesignscom-lighting-systems-site-also-uses,2014-08-12T01:48:26Z
consuladoportugalsp.org.br,https://plaintextoffenders.com/post/94512891153/consuladoportugalsporgbr-government-it-is-used,2014-08-12T06:36:32Z
chronicle.com,https://plaintextoffenders.com/post/94519858471/chroniclecom-higher-education-publication-they,2014-08-12T08:57:43Z
veer.com,https://plaintextoffenders.com/post/94525915196/veercom-stock-photography-i-simply-said-forgot,2014-08-12T11:24:42Z
npmjs.org,https://plaintextoffenders.com/post/94541987537/npmjsorg-software-package-manager-from-their,2014-08-12T16:12:33Z
shodanhq.com,https://plaintextoffenders.com/post/94587340764/shodanhqcom-security-exploit-search-engine,2014-08-13T01:48:14Z
denverfilm.org,https://plaintextoffenders.com/post/94609827022/denverfilmorg-film-society-this-is-a-website,2014-08-13T06:36:18Z
worldpay.com,https://plaintextoffenders.com/post/94638231917/worldpaycom-credit-card-processing-worldpay,2014-08-13T16:12:33Z
ukecigstore.com,https://plaintextoffenders.com/post/94682444231/ukecigstorecom-e-cigarettes-they-emailed-me,2014-08-14T01:48:15Z
odenseskolefoto.dk,https://plaintextoffenders.com/post/94704287019/odenseskolefotodk-school-photos,2014-08-14T06:36:16Z
nublue.co.uk,https://plaintextoffenders.com/post/94716671936/rockruncom-nubluecouk-outdoor-equipment-the,2014-08-14T11:24:20Z
rockrun.com,https://plaintextoffenders.com/post/94716671936/rockruncom-nubluecouk-outdoor-equipment-the,2014-08-14T11:24:20Z
simplesafe.net,https://plaintextoffenders.com/post/94732009107/simplesafenet-password-management-get-this-a,2014-08-14T16:12:18Z
choicehotels.com,https://plaintextoffenders.com/post/94777603666/choicehotelscom-hotel-room-discounts,2014-08-15T01:48:14Z
leseditionsdunet.fr,https://plaintextoffenders.com/post/94799402421/leseditionsdunetcom-leseditionsdunetnet-lesedit,2014-08-15T06:36:13Z
leseditionsdunet.net,https://plaintextoffenders.com/post/94799402421/leseditionsdunetcom-leseditionsdunetnet-lesedit,2014-08-15T06:36:13Z
leseditionsdunet.com,https://plaintextoffenders.com/post/94799402421/leseditionsdunetcom-leseditionsdunetnet-lesedit,2014-08-15T06:36:13Z
goalzz.com,https://plaintextoffenders.com/post/94811392603/koooracom-goalzzcom-sports-news,2014-08-15T11:24:37Z
kooora.com,https://plaintextoffenders.com/post/94811392603/koooracom-goalzzcom-sports-news,2014-08-15T11:24:37Z
bcregistryservices.gov.bc.ca,https://plaintextoffenders.com/post/94826692842/bcregistryservicesgovbcca-government-they,2014-08-15T16:12:25Z
vertbaudet.ch,https://plaintextoffenders.com/post/94868166266/vertbaudetcom-vertbaudetde-vertbaudetcouk-la,2014-08-16T01:48:28Z
vertbaudet.pt,https://plaintextoffenders.com/post/94868166266/vertbaudetcom-vertbaudetde-vertbaudetcouk-la,2014-08-16T01:48:28Z
vertbaudet.es,https://plaintextoffenders.com/post/94868166266/vertbaudetcom-vertbaudetde-vertbaudetcouk-la,2014-08-16T01:48:28Z
laredoute.be,https://plaintextoffenders.com/post/94868166266/vertbaudetcom-vertbaudetde-vertbaudetcouk-la,2014-08-16T01:48:28Z
vertbaudet.co.uk,https://plaintextoffenders.com/post/94868166266/vertbaudetcom-vertbaudetde-vertbaudetcouk-la,2014-08-16T01:48:28Z
vertbaudet.de,https://plaintextoffenders.com/post/94868166266/vertbaudetcom-vertbaudetde-vertbaudetcouk-la,2014-08-16T01:48:28Z
vertbaudet.com,https://plaintextoffenders.com/post/94868166266/vertbaudetcom-vertbaudetde-vertbaudetcouk-la,2014-08-16T01:48:28Z
todotest.com,https://plaintextoffenders.com/post/94889321802/todotestcom-driving-license-information-used-by,2014-08-16T06:36:32Z
scholierenwerk.nl,https://plaintextoffenders.com/post/94901188820/scholierenwerknl-student-job-board,2014-08-16T11:24:34Z
bgohio.org,https://plaintextoffenders.com/post/94916855434/bgohioorg-city-government,2014-08-16T16:12:18Z
qantascash.com,https://plaintextoffenders.com/post/94958509002/qantascashcom-prepaid-credit-card-requiring,2014-08-17T01:48:13Z
quantumonline.com,https://plaintextoffenders.com/post/94979949621/quantumonlinecom-investor-information-gives,2014-08-17T06:36:11Z
apparelnbags.com,https://plaintextoffenders.com/post/94992538790/apparelnbagscom-wholesale-clothing,2014-08-17T11:24:14Z
etradesupply.com,https://plaintextoffenders.com/post/95008829087/etradesupplycom-parts-and-accessories-for-mobile,2014-08-17T16:12:19Z
jcrew.com,https://plaintextoffenders.com/post/95054482858/jcrewcom-fashion-brand,2014-08-18T01:48:13Z
salontranscripts.com,https://plaintextoffenders.com/post/95076899118/salontranscriptscom-booking-system-i-assume-it,2014-08-18T06:36:14Z
furfling.com,https://plaintextoffenders.com/post/95089512971/furflingcom-fetish-dating-site-when-signing-up,2014-08-18T11:24:25Z
deals4u.co.uk,https://plaintextoffenders.com/post/95105057437/deals4ucouk-appliances,2014-08-18T16:12:24Z
univision.com,https://plaintextoffenders.com/post/95148913738/univisioncom-television-as-a-football-fan,2014-08-19T01:48:23Z
firestone.com,https://plaintextoffenders.com/post/95170804321/firestonerewardscom-firestonecom-tires,2014-08-19T06:36:33Z
firestonerewards.com,https://plaintextoffenders.com/post/95170804321/firestonerewardscom-firestonecom-tires,2014-08-19T06:36:33Z
santikos.com,https://plaintextoffenders.com/post/95182814119/santikoscom-theater-i-signed-up-for-a-movie,2014-08-19T11:24:37Z
underwearman.nl,https://plaintextoffenders.com/post/95198197229/underwearmannl-underwear,2014-08-19T16:12:19Z
backstage.eu,https://plaintextoffenders.com/post/95241148322/backstageticketseu-backstageeu-club,2014-08-20T01:48:19Z
backstagetickets.eu,https://plaintextoffenders.com/post/95241148322/backstageticketseu-backstageeu-club,2014-08-20T01:48:19Z
redhat.com,https://plaintextoffenders.com/post/95262470652/redhatcom-linux-distribution-shaming-linux,2014-08-20T06:36:18Z
bodykind.com,https://plaintextoffenders.com/post/95273983680/bodykindcom-health-supplements-website,2014-08-20T11:24:23Z
berliner-zeitung.de,https://plaintextoffenders.com/post/95289174983/berliner-zeitungde-news,2014-08-20T16:12:23Z
cortevents.com,https://plaintextoffenders.com/post/95331473968/corteventscom-furniture-rental-for-events,2014-08-21T01:48:11Z
skinshop.co.uk,https://plaintextoffenders.com/post/95352541151/skinshopcouk-skin-care-lovely-email,2014-08-21T06:36:32Z
fabrily.com,https://plaintextoffenders.com/post/95363862900/fabrilycom-t-shirts,2014-08-21T11:24:33Z
fixtradingcommunity.org,https://plaintextoffenders.com/post/95378919176/fixtradingcommunityorg-standards-body,2014-08-21T16:12:33Z
lefigaro.fr,https://plaintextoffenders.com/post/95420845046/lefigarofr-newspaper-clearly-bad-security,2014-08-22T01:48:29Z
e77.hu,https://plaintextoffenders.com/post/95441470343/dconthu-e77hu-blood-glucose-diary-diagnostic,2014-08-22T06:36:28Z
dcont.hu,https://plaintextoffenders.com/post/95441470343/dconthu-e77hu-blood-glucose-diary-diagnostic,2014-08-22T06:36:28Z
guaranteed-cell-signal.com,https://plaintextoffenders.com/post/95452718015/unwiredsignalcom-guaranteed-cell-signalcom,2014-08-22T11:24:31Z
unwiredsignal.com,https://plaintextoffenders.com/post/95452718015/unwiredsignalcom-guaranteed-cell-signalcom,2014-08-22T11:24:31Z
fivetenshop.com,https://plaintextoffenders.com/post/95467730969/fivetencom-fivetenshopcom-footwear,2014-08-22T16:12:17Z
fiveten.com,https://plaintextoffenders.com/post/95467730969/fivetencom-fivetenshopcom-footwear,2014-08-22T16:12:17Z
buyinvite.com.au,https://plaintextoffenders.com/post/95508226115/buyinvitecomau-fashion-store,2014-08-23T01:48:23Z
fundraiseonline.com.au,https://plaintextoffenders.com/post/95528596981/fundraiseonlineconz-fundraiseonlinecomau,2014-08-23T06:36:22Z
fundraiseonline.co.nz,https://plaintextoffenders.com/post/95528596981/fundraiseonlineconz-fundraiseonlinecomau,2014-08-23T06:36:22Z
primaryecp.com,https://plaintextoffenders.com/post/95539959731/primaryecpcom-contact-lenses,2014-08-23T11:24:24Z
yakshna.com,https://plaintextoffenders.com/post/95556027612/etax990ncom-etax2290com-etax1099com-etax7004,2014-08-23T16:12:23Z
etax8849.com,https://plaintextoffenders.com/post/95556027612/etax990ncom-etax2290com-etax1099com-etax7004,2014-08-23T16:12:23Z
etax4868.com,https://plaintextoffenders.com/post/95556027612/etax990ncom-etax2290com-etax1099com-etax7004,2014-08-23T16:12:23Z
tax2efile.com,https://plaintextoffenders.com/post/95556027612/etax990ncom-etax2290com-etax1099com-etax7004,2014-08-23T16:12:23Z
etax8868.com,https://plaintextoffenders.com/post/95556027612/etax990ncom-etax2290com-etax1099com-etax7004,2014-08-23T16:12:23Z
etax7004.com,https://plaintextoffenders.com/post/95556027612/etax990ncom-etax2290com-etax1099com-etax7004,2014-08-23T16:12:23Z
etax1099.com,https://plaintextoffenders.com/post/95556027612/etax990ncom-etax2290com-etax1099com-etax7004,2014-08-23T16:12:23Z
etax2290.com,https://plaintextoffenders.com/post/95556027612/etax990ncom-etax2290com-etax1099com-etax7004,2014-08-23T16:12:23Z
etax990n.com,https://plaintextoffenders.com/post/95556027612/etax990ncom-etax2290com-etax1099com-etax7004,2014-08-23T16:12:23Z
optimalhosting.com,https://plaintextoffenders.com/post/95597974462/optimalhostingcom-web-hosting-even-hosting,2014-08-24T01:48:22Z
talcura.com,https://plaintextoffenders.com/post/95618775102/talcuracom-recruitment-software,2014-08-24T06:36:18Z
compose.io,https://plaintextoffenders.com/post/95631083439/mongohqcom-composeio-paas-much-of-your-data,2014-08-24T11:24:23Z
mongohq.com,https://plaintextoffenders.com/post/95631083439/mongohqcom-composeio-paas-much-of-your-data,2014-08-24T11:24:23Z
accommodationforstudents.com,https://plaintextoffenders.com/post/95647677340/accommodationforstudentscom-apartment-listing,2014-08-24T16:12:22Z
thetechgame.com,https://plaintextoffenders.com/post/95693324292/thetechgamecom-video-game-community,2014-08-25T01:48:20Z
hippocampus.org,https://plaintextoffenders.com/post/95714966054/hippocampusorg-educational-resources,2014-08-25T06:36:19Z
cuisinenet.co.uk,https://plaintextoffenders.com/post/95726519271/cuisinenetcouk-restaurant-reservations-after-i,2014-08-25T11:24:25Z
alinta.net.au,https://plaintextoffenders.com/post/95741791029/alintanetau-gas-and-electricity-the-forgot,2014-08-25T16:12:31Z
running2win.com,https://plaintextoffenders.com/post/95784579313/running2wincom-running-log-pretty-clear-they,2014-08-26T01:48:20Z
adclarity.com,https://plaintextoffenders.com/post/95805665929/adclaritycom-tools-for-advertisers,2014-08-26T06:36:23Z
sportscommissions.org,https://plaintextoffenders.com/post/95816277157/sportscommissionsorg-sports-tourism-association,2014-08-26T11:24:26Z
infonegocios.cl,https://plaintextoffenders.com/post/95831546351/infonegociosinfo-infonegociosbiz-infonegociosc,2014-08-26T16:12:24Z
infonegocios.biz,https://plaintextoffenders.com/post/95831546351/infonegociosinfo-infonegociosbiz-infonegociosc,2014-08-26T16:12:24Z
infonegocios.info,https://plaintextoffenders.com/post/95831546351/infonegociosinfo-infonegociosbiz-infonegociosc,2014-08-26T16:12:24Z
jeevansaathi.com,https://plaintextoffenders.com/post/95873968241/jeevansaathicom-online-dating-and-marriage,2014-08-27T01:48:18Z
cardwale.com,https://plaintextoffenders.com/post/95894431520/cardwalecom-online-invitation-cards-sent,2014-08-27T06:36:16Z
st701.com,https://plaintextoffenders.com/post/95905141223/stjobssg-st701com-job-board-sent-password-in,2014-08-27T11:24:28Z
stjobs.sg,https://plaintextoffenders.com/post/95905141223/stjobssg-st701com-job-board-sent-password-in,2014-08-27T11:24:28Z
lgamerica.com,https://plaintextoffenders.com/post/95919997520/lgamericacom-life-insurance-not-only-do-they,2014-08-27T16:12:33Z
flat-plan.com,https://plaintextoffenders.com/post/95961776771/flat-plancom-apartment-planning-tool-each-time,2014-08-28T01:48:28Z
ourdeal.com.au,https://plaintextoffenders.com/post/95981883697/ourdealcomau-daily-deals,2014-08-28T06:36:21Z
koreanclass101.com,https://plaintextoffenders.com/post/95992537002/koreanclass101com-language-learning,2014-08-28T11:24:38Z
iscorp.com,https://plaintextoffenders.com/post/96007293890/iscorpcom-application-provider,2014-08-28T16:12:25Z
jjill.com,https://plaintextoffenders.com/post/96048481416/jjillcom-womens-fashion-plaintext-password,2014-08-29T01:48:24Z
pacificsciencecenter.org,https://plaintextoffenders.com/post/96068114031/pacsciorg-pacificsciencecenterorg-science,2014-08-29T06:36:22Z
pacsci.org,https://plaintextoffenders.com/post/96068114031/pacsciorg-pacificsciencecenterorg-science,2014-08-29T06:36:22Z
voletshop.fr,https://plaintextoffenders.com/post/96078684342/voletshopfr-doors-and-windows-i-still-cant,2014-08-29T11:24:39Z
cnrs.fr,https://plaintextoffenders.com/post/96093666599/annee-philologiquecom-cnrsfr-bibliographical,2014-08-29T16:12:24Z
annee-philologique.com,https://plaintextoffenders.com/post/96093666599/annee-philologiquecom-cnrsfr-bibliographical,2014-08-29T16:12:24Z
4wd.com,https://plaintextoffenders.com/post/96133256015/4wdcom-auto-parts-reset-my-password-got-an,2014-08-30T01:48:15Z
realtysouth.com,https://plaintextoffenders.com/post/96162866163/realtysouthcom-real-estate,2014-08-30T11:24:37Z
sureelectronics.net,https://plaintextoffenders.com/post/96178987873/sure-electronicscom-sureelectronicsnet,2014-08-30T16:12:23Z
sure-electronics.com,https://plaintextoffenders.com/post/96178987873/sure-electronicscom-sureelectronicsnet,2014-08-30T16:12:23Z
siliconindia.com,https://plaintextoffenders.com/post/96221557754/siliconindiacom-professionals-community,2014-08-31T01:48:27Z
royalenfield.com,https://plaintextoffenders.com/post/96241954808/royalenfieldcom-motorcycles-sent-password-in,2014-08-31T06:36:35Z
getgisjobs.com,https://plaintextoffenders.com/post/96253906733/getgisjobscom-job-board-ive-submitted-feedback,2014-08-31T11:24:21Z
tomscarcarecenter.com,https://plaintextoffenders.com/post/96270850209/tomscarcarecentercom-auto-shop,2014-08-31T16:12:24Z
aldimobile.com.au,https://plaintextoffenders.com/post/96316389875/aldimobilecomau-prepaid-cellphones-sends,2014-09-01T01:48:20Z
teamworkonline.com,https://plaintextoffenders.com/post/96337701328/teamworkonlinecom-sports-and-events-job-board,2014-09-01T06:36:19Z
partners.org,https://plaintextoffenders.com/post/96349422153/partnersorg-hospital-chain-the-patient-portal,2014-09-01T11:24:21Z
frontlinesolutions.com,https://plaintextoffenders.com/post/96366250421/careerbridgewagov-frontlinesolutionscom,2014-09-01T16:12:21Z
careerbridge.wa.gov,https://plaintextoffenders.com/post/96366250421/careerbridgewagov-frontlinesolutionscom,2014-09-01T16:12:21Z
zacks.com,https://plaintextoffenders.com/post/96413411996/zackscom-investment-research-forgot-password,2014-09-02T01:48:17Z
change4life.co.uk,https://plaintextoffenders.com/post/96434553234/change4lifecouk-health-information-they,2014-09-02T06:36:15Z
ef.com,https://plaintextoffenders.com/post/96445407271/englishtowncom-efcom-language-learning,2014-09-02T11:24:15Z
englishtown.com,https://plaintextoffenders.com/post/96445407271/englishtowncom-efcom-language-learning,2014-09-02T11:24:15Z
cas.eu,https://plaintextoffenders.com/post/96460047557/commsvrcom-caseu-industrial-communications,2014-09-02T16:12:33Z
commsvr.com,https://plaintextoffenders.com/post/96460047557/commsvrcom-caseu-industrial-communications,2014-09-02T16:12:33Z
freebiejeebies.co.uk,https://plaintextoffenders.com/post/96501934647/freebiejeebiescouk-pyramid-referrals-scheme,2014-09-03T01:48:20Z
mechkb.com,https://plaintextoffenders.com/post/96521902730/mechkbcom-mechanical-keyboard,2014-09-03T06:36:20Z
dvdland.com.au,https://plaintextoffenders.com/post/96531875872/dvdlandcomau-dvd-store,2014-09-03T11:24:21Z
hockinghillscanopytours.com,https://plaintextoffenders.com/post/96545952616/hockinghillscanopytourscom-zipline-tours,2014-09-03T16:12:34Z
loteriada.pl,https://plaintextoffenders.com/post/96583523947/loteriadapl-government-sanctioned-gambling,2014-09-04T01:48:17Z
westsiderentals.com,https://plaintextoffenders.com/post/96603059713/westsiderentalscom-apartment-search-tool-it,2014-09-04T06:36:18Z
nugs.net,https://plaintextoffenders.com/post/96612697184/livephishcom-nugsnet-music-downloads,2014-09-04T11:24:35Z
livephish.com,https://plaintextoffenders.com/post/96612697184/livephishcom-nugsnet-music-downloads,2014-09-04T11:24:35Z
lend.me,https://plaintextoffenders.com/post/96626336125/cybertoniccom-domainingcom-valuatecom,2014-09-04T16:12:37Z
cax.com,https://plaintextoffenders.com/post/96626336125/cybertoniccom-domainingcom-valuatecom,2014-09-04T16:12:37Z
ecop.com,https://plaintextoffenders.com/post/96626336125/cybertoniccom-domainingcom-valuatecom,2014-09-04T16:12:37Z
valuate.com,https://plaintextoffenders.com/post/96626336125/cybertoniccom-domainingcom-valuatecom,2014-09-04T16:12:37Z
domaining.com,https://plaintextoffenders.com/post/96626336125/cybertoniccom-domainingcom-valuatecom,2014-09-04T16:12:37Z
cybertonic.com,https://plaintextoffenders.com/post/96626336125/cybertoniccom-domainingcom-valuatecom,2014-09-04T16:12:37Z
crocweb.com,https://plaintextoffenders.com/post/96666629319/crocwebcom-web-hosting-once-i-signed-up-with,2014-09-05T01:48:12Z
fringefestival.org,https://plaintextoffenders.com/post/96685784223/fringefestivalorg-festival-message-was-received,2014-09-05T06:36:34Z
goodsamclub.com,https://plaintextoffenders.com/post/96695309037/goodsamclubcom-camping-and-rving-club-come-on,2014-09-05T11:24:15Z
alpa.ch,https://plaintextoffenders.com/post/96709065555/alpach-camera-manufacturer-they-send-your,2014-09-05T16:12:28Z
supersportimages.com,https://plaintextoffenders.com/post/96748539078/supersportimagescom-sports-photography,2014-09-06T01:48:23Z
cccsoft.com,https://plaintextoffenders.com/post/96767487186/grymcaorg-cccsoftcom-recreation-center-on,2014-09-06T06:36:26Z
grymca.org,https://plaintextoffenders.com/post/96767487186/grymcaorg-cccsoftcom-recreation-center-on,2014-09-06T06:36:26Z
onyourbike.com,https://plaintextoffenders.com/post/96778193912/onyourbikecom-bicycles-and-accessories-it-looks,2014-09-06T11:24:27Z
macservice.com,https://plaintextoffenders.com/post/96794665355/macservicecom-computer-repair-they-were-kind,2014-09-06T16:12:25Z
iche-idaho.org,https://plaintextoffenders.com/post/96837703672/iche-idahoorg-homeschooling-resource,2014-09-07T01:48:18Z
listen2myradio.com,https://plaintextoffenders.com/post/96857992274/listen2myradiocom-internet-radio-streaming,2014-09-07T06:36:17Z
etextloan.co.uk,https://plaintextoffenders.com/post/96869762511/etextloancouk-loans,2014-09-07T11:24:17Z
ozlance.com,https://plaintextoffenders.com/post/96886785160/ozlancecom-freelancers-marketplace,2014-09-07T16:12:30Z
euro-space.net,https://plaintextoffenders.com/post/96933571574/euro-spacenet-web-hosting-its-rather-worrying,2014-09-08T01:48:23Z
psu.edu,https://plaintextoffenders.com/post/96954296288/psuedu-university-plain-text-passwords-in,2014-09-08T06:36:27Z
thermaltakeusa.com,https://plaintextoffenders.com/post/96964248542/thermaltakeusacom-computer-part-manufacturer,2014-09-08T11:24:16Z
montalvo.com,https://plaintextoffenders.com/post/96978205095/montalvocom-tension-control-parts-and-equipment,2014-09-08T16:12:35Z
canon-europa.com,https://plaintextoffenders.com/post/97020423730/canon-europecom-canon-europacom-imaging,2014-09-09T01:48:26Z
canon-europe.com,https://plaintextoffenders.com/post/97020423730/canon-europecom-canon-europacom-imaging,2014-09-09T01:48:26Z
propertyshark.com,https://plaintextoffenders.com/post/97039923432/propertysharkcom-real-estate-research-tool,2014-09-09T06:36:27Z
tandf.co.uk,https://plaintextoffenders.com/post/97049517024/manuscriptcentralcom-tandfcouk-journal-peer,2014-09-09T11:24:18Z
manuscriptcentral.com,https://plaintextoffenders.com/post/97049517024/manuscriptcentralcom-tandfcouk-journal-peer,2014-09-09T11:24:18Z
onetest.com.au,https://plaintextoffenders.com/post/97063183695/onetestcomau-recruiting-and-psychometric,2014-09-09T16:12:24Z
vizualcoaching.com,https://plaintextoffenders.com/post/97103286210/vizualcoachingcom-coaching-not-one-but-two,2014-09-10T01:48:20Z
txfb-ins.com,https://plaintextoffenders.com/post/97122252016/txfb-inscom-insurance-i-feel-very-secure-now,2014-09-10T06:36:20Z
dtswiss.com,https://plaintextoffenders.com/post/97131523069/dtswisscom-bicycle-parts-in-case-i-forgot-the,2014-09-10T11:24:24Z
csn.se,https://plaintextoffenders.com/post/97144921349/csnse-government-agency-i-receive-this-reminder,2014-09-10T16:12:21Z
ez-rc.com,https://plaintextoffenders.com/post/97184639642/ez-rccom-remote-controls,2014-09-11T01:48:22Z
apogeeretail.com,https://plaintextoffenders.com/post/97203304987/donate4epilepsyorg-epilepsycom,2014-09-11T06:36:16Z
epilepsyfoundation.org,https://plaintextoffenders.com/post/97203304987/donate4epilepsyorg-epilepsycom,2014-09-11T06:36:16Z
epilepsy.com,https://plaintextoffenders.com/post/97203304987/donate4epilepsyorg-epilepsycom,2014-09-11T06:36:16Z
donate4epilepsy.org,https://plaintextoffenders.com/post/97203304987/donate4epilepsyorg-epilepsycom,2014-09-11T06:36:16Z
trainsfares.co.uk,https://plaintextoffenders.com/post/97212429701/abelliogreaterangliacouk-trainsfarescouk,2014-09-11T11:24:21Z
abelliogreateranglia.co.uk,https://plaintextoffenders.com/post/97212429701/abelliogreaterangliacouk-trainsfarescouk,2014-09-11T11:24:21Z
macincloud.com,https://plaintextoffenders.com/post/97226144537/macincloudcom-server-hosting-plain-text,2014-09-11T16:12:36Z
h2owirelessnow.com,https://plaintextoffenders.com/post/97266613512/h2owirelessnowcom-cell-phone-service-provider-i,2014-09-12T01:48:30Z
aduroproducts.com,https://plaintextoffenders.com/post/97284950660/aduroproductscom-electronics-accessories-they,2014-09-12T06:36:26Z
esnw.nl,https://plaintextoffenders.com/post/97294237799/esnwnl-central-heating-maintenance,2014-09-12T11:24:35Z
itprotv.com,https://plaintextoffenders.com/post/97307832361/itprotv-infusionsoftcom-itprotvcom-it,2014-09-12T16:12:00Z
infusionsoft.com,https://plaintextoffenders.com/post/97307832361/itprotv-infusionsoftcom-itprotvcom-it,2014-09-12T16:12:00Z
itpro.tv,https://plaintextoffenders.com/post/97307832361/itprotv-infusionsoftcom-itprotvcom-it,2014-09-12T16:12:00Z
fotomerchant.com,https://plaintextoffenders.com/post/97346405428/fotomerchantcom-photography-marketplace,2014-09-13T01:48:22Z
readytosms.com.au,https://plaintextoffenders.com/post/97364290524/readytosmscomau-sms-gateway,2014-09-13T06:36:19Z
myplaympe.com,https://plaintextoffenders.com/post/97374787557/plaympecom-myplaympecom-digital-distribution,2014-09-13T11:24:17Z
plaympe.com,https://plaintextoffenders.com/post/97374787557/plaympecom-myplaympecom-digital-distribution,2014-09-13T11:24:17Z
tap4offers.co.uk,https://plaintextoffenders.com/post/97391184244/tap4offerscouk-discounts-signed-up-allowed-os,2014-09-13T16:12:28Z
applechildcarevouchers.co.uk,https://plaintextoffenders.com/post/97452798248/applechildcarevoucherscouk-childcare-vouchers,2014-09-14T06:36:24Z
agile-1.com,https://plaintextoffenders.com/post/97464444993/merlinentertainmentsbiz-agile-1com-attractions,2014-09-14T11:24:23Z
merlinentertainments.biz,https://plaintextoffenders.com/post/97464444993/merlinentertainmentsbiz-agile-1com-attractions,2014-09-14T11:24:23Z
ezlinksgolf.com,https://plaintextoffenders.com/post/97481721926/ezlinkscom-teeoffcom-ezlinksgolfcom-golf,2014-09-14T16:12:00Z
teeoff.com,https://plaintextoffenders.com/post/97481721926/ezlinkscom-teeoffcom-ezlinksgolfcom-golf,2014-09-14T16:12:00Z
ezlinks.com,https://plaintextoffenders.com/post/97481721926/ezlinkscom-teeoffcom-ezlinksgolfcom-golf,2014-09-14T16:12:00Z
vaporshark.com,https://plaintextoffenders.com/post/97528424985/vaporsharkcom-electronic-cigarettes,2014-09-15T01:48:23Z
xmplay.com,https://plaintextoffenders.com/post/97549106043/un4seencom-xmplaycom-audio-software-i-deleted,2014-09-15T06:36:00Z
un4seen.com,https://plaintextoffenders.com/post/97549106043/un4seencom-xmplaycom-audio-software-i-deleted,2014-09-15T06:36:00Z
onestoppcshop.co.uk,https://plaintextoffenders.com/post/97558399395/onestoppcshopcouk-computers,2014-09-15T11:24:28Z
moss.co.uk,https://plaintextoffenders.com/post/97572147817/mosscouk-mens-wear-just-emailed-me-back-my,2014-09-15T16:12:21Z
mattycollector.com,https://plaintextoffenders.com/post/97613811592/mattycollectorcom-toy-collectors-store-besides,2014-09-16T01:48:12Z
jccsf.org,https://plaintextoffenders.com/post/97633332785/jccsforg-community-center-after-clicking-lost,2014-09-16T06:36:33Z
sprint.com,https://plaintextoffenders.com/post/97642096916/sprintcom-telecommunications-sprint-sends,2014-09-16T11:24:29Z
rewardtv.com,https://plaintextoffenders.com/post/97655551383/rewardtvcom-trivia-a-facebook-game-said-i-could,2014-09-16T16:12:19Z
audiko.net,https://plaintextoffenders.com/post/97696419434/audikonet-ringtones-iphone-ringtone-app-that,2014-09-17T01:48:22Z
monkeyswag.co.uk,https://plaintextoffenders.com/post/97715570812/monkeyswagcom-monkeyswagcouk-watches-and,2014-09-17T06:36:20Z
monkeyswag.com,https://plaintextoffenders.com/post/97715570812/monkeyswagcom-monkeyswagcouk-watches-and,2014-09-17T06:36:20Z
apply2jobs.com,https://plaintextoffenders.com/post/97724302678/apply2jobscom-job-applications-i-signed-up,2014-09-17T11:24:26Z
megger.com,https://plaintextoffenders.com/post/97737759162/meggercom-electrical-test-equipment-i-got-an,2014-09-17T16:12:35Z
androidpdf.mobi,https://plaintextoffenders.com/post/97776706292/androidpdfmobi-software-component-sends,2014-09-18T01:48:19Z
hostawesome.com,https://plaintextoffenders.com/post/97794731540/hostawesomecom-blog-hosting-ironically-the,2014-09-18T06:36:21Z
adminitrack.com,https://plaintextoffenders.com/post/97803095496/adminitrackcom-issue-tracking-this-was-after,2014-09-18T11:24:19Z
allsoft.ru,https://plaintextoffenders.com/post/97816289278/allsoftru-software-store,2014-09-18T16:12:26Z
ikmultimedia.com,https://plaintextoffenders.com/post/97854986577/ikmultimediacom-music-production-software-and,2014-09-19T01:48:14Z
expresspros.com,https://plaintextoffenders.com/post/97872737523/expressproscom-employment-agency-not-so-pro,2014-09-19T06:36:12Z
uofibookstore.illinois.edu,https://plaintextoffenders.com/post/97881234900/uofibookstoreillinoisedu-university-bookstore,2014-09-19T11:24:16Z
subsfactory.it,https://plaintextoffenders.com/post/97894531358/subsfactoryit-tv-and-movie-subtitles,2014-09-19T16:12:18Z
hsabank.com,https://plaintextoffenders.com/post/97931657258/hsabankcom-bank-new-account-signup-and-password,2014-09-20T01:48:14Z
alaskanbeer.com,https://plaintextoffenders.com/post/97949182157/alaskanbeercom-brewery-i-havent-tried-password,2014-09-20T06:36:24Z
pioneergroup.com,https://plaintextoffenders.com/post/97959556248/pioneergroupcom-online-newspaper-subscriptions,2014-09-20T11:24:23Z
aspcaonline.org,https://plaintextoffenders.com/post/97975691354/aspcaonlineorg-online-courses-when-i-signed-up,2014-09-20T16:12:26Z
trainsimple.com,https://plaintextoffenders.com/post/98016365057/trainsimplecom-online-training,2014-09-21T01:48:22Z
haypi.com,https://plaintextoffenders.com/post/98035085497/haypicom-mobile-games-in-order-to-play-youre,2014-09-21T06:36:23Z
kenexa.com,https://plaintextoffenders.com/post/98046623704/kenexacom-employee-management,2014-09-21T11:24:30Z
workoutbox.com,https://plaintextoffenders.com/post/98063571762/workoutboxcom-fitness-programs-i-registered-to,2014-09-21T16:12:25Z
cooljobs.cz,https://plaintextoffenders.com/post/98109175201/coolpeoplecz-cooljobscz-it-outsourcing-i,2014-09-22T01:48:00Z
coolpeople.cz,https://plaintextoffenders.com/post/98109175201/coolpeoplecz-cooljobscz-it-outsourcing-i,2014-09-22T01:48:00Z
appreciate.mobi,https://plaintextoffenders.com/post/98129026692/appreciatemobi-ad-network-initial-confirmation,2014-09-22T06:36:23Z
mitjobkompas.dk,https://plaintextoffenders.com/post/98137880916/mitjobkompasdk-job-board-whats-worse-is-that,2014-09-22T11:24:25Z
otavamedia.fi,https://plaintextoffenders.com/post/98151317439/otavamediafi-publishers-they-e-mail-passwords,2014-09-22T16:12:26Z
officepooljunkie.com,https://plaintextoffenders.com/post/98192402429/officepooljunkiecom-betting-thanks-for-sending,2014-09-23T01:48:12Z
cellopark.com.au,https://plaintextoffenders.com/post/98211564214/celloparkcomau-pay-as-you-go-parking-service,2014-09-23T06:36:35Z
monoprix.fr,https://plaintextoffenders.com/post/98219984934/monoprixfr-retail-forgot-password-email,2014-09-23T11:24:29Z
security.kent.edu,https://plaintextoffenders.com/post/98233337222/securitykentedu-university-security-office,2014-09-23T16:12:25Z
ginospizza.ca,https://plaintextoffenders.com/post/98273195134/ginospizzaca-pizzeria-they-need-to-update,2014-09-24T01:48:22Z
clublloyds.com,https://plaintextoffenders.com/post/98291975316/clublloydscom-bank-loyalty-club,2014-09-24T06:36:21Z
shaadi.com,https://plaintextoffenders.com/post/98300462310/shaadicom-dating-email-received-weeks-after-i,2014-09-24T11:24:26Z
zena.com,https://plaintextoffenders.com/post/98314005681/dominospizzaes-zenacom-pizzeria,2014-09-24T16:12:28Z
dominospizza.es,https://plaintextoffenders.com/post/98314005681/dominospizzaes-zenacom-pizzeria,2014-09-24T16:12:28Z
monkeyoffice.co.uk,https://plaintextoffenders.com/post/98353672738/monkeyofficecouk-office-supplies-here-they-are,2014-09-25T01:48:00Z
pwinkels.be,https://plaintextoffenders.com/post/98372444987/pwinkelsbe-computer-shop,2014-09-25T06:36:33Z
alteeve.ca,https://plaintextoffenders.com/post/98380811366/alteeveca-computer-servers-monthly-email-from,2014-09-25T11:24:36Z
orange.fr,https://plaintextoffenders.com/post/98394978613/orangefr-telecommunications-provider-they-send,2014-09-25T16:12:26Z
dji.com,https://plaintextoffenders.com/post/98434508639/djicom-drones-i-signed-up-through-their-iphone,2014-09-26T01:48:30Z
nexmo.com,https://plaintextoffenders.com/post/98452479149/nexmocom-sms-gateway-sending-out-a-temporary,2014-09-26T06:36:28Z
dwarfparadox.com,https://plaintextoffenders.com/post/98460863475/sitemoncomau-dwarfparadoxcom-website,2014-09-26T11:24:31Z
sitemon.com.au,https://plaintextoffenders.com/post/98460863475/sitemoncomau-dwarfparadoxcom-website,2014-09-26T11:24:31Z
xmlsoccer.com,https://plaintextoffenders.com/post/98474709209/xmlsoccercom-sports-api,2014-09-26T16:12:18Z
codeproject.com,https://plaintextoffenders.com/post/98512283079/codeprojectcom-software-developers-community,2014-09-27T01:48:29Z
haltonbus.ca,https://plaintextoffenders.com/post/98529736747/haltonbusca-student-transportation-services,2014-09-27T06:36:15Z
rocketeergames.com,https://plaintextoffenders.com/post/98539922284/rocketeergamescom-video-game-studio-no-e-mail,2014-09-27T11:24:16Z
hostinger.com.ua,https://plaintextoffenders.com/post/98555904886/hostingercom-hostingerin-hostingercomar,2014-09-27T16:12:00Z
hostinger.ru,https://plaintextoffenders.com/post/98555904886/hostingercom-hostingerin-hostingercomar,2014-09-27T16:12:00Z
hostinger.pl,https://plaintextoffenders.com/post/98555904886/hostingercom-hostingerin-hostingercomar,2014-09-27T16:12:00Z
hostinger.es,https://plaintextoffenders.com/post/98555904886/hostingercom-hostingerin-hostingercomar,2014-09-27T16:12:00Z
hostinger.com.ar,https://plaintextoffenders.com/post/98555904886/hostingercom-hostingerin-hostingercomar,2014-09-27T16:12:00Z
hostinger.in,https://plaintextoffenders.com/post/98555904886/hostingercom-hostingerin-hostingercomar,2014-09-27T16:12:00Z
hostinger.com,https://plaintextoffenders.com/post/98555904886/hostingercom-hostingerin-hostingercomar,2014-09-27T16:12:00Z
penfield.org,https://plaintextoffenders.com/post/98596240275/penfieldrecorg-penfieldorg-city-government,2014-09-28T01:48:35Z
penfieldrec.org,https://plaintextoffenders.com/post/98596240275/penfieldrecorg-penfieldorg-city-government,2014-09-28T01:48:35Z
sourcebioscience.com,https://plaintextoffenders.com/post/98614764118/sourcebiosciencecom-diagnostics-and-genetic,2014-09-28T06:36:36Z
originalswat.com,https://plaintextoffenders.com/post/98626196829/originalswatcom-footwear-i-love-the-boots-but,2014-09-28T11:24:18Z
mobile1stop.com,https://plaintextoffenders.com/post/98643140608/mobile1stopcom-cellphone-accessories,2014-09-28T16:12:16Z
actievandedag.be,https://plaintextoffenders.com/post/98688835589/actievandedagnl-actievandedagbe-deals,2014-09-29T01:48:30Z
actievandedag.nl,https://plaintextoffenders.com/post/98688835589/actievandedagnl-actievandedagbe-deals,2014-09-29T01:48:30Z
chl.it,https://plaintextoffenders.com/post/98717410586/chlit-electronics-not-only-they-mail-you-back,2014-09-29T11:24:34Z
makerfarm.com,https://plaintextoffenders.com/post/98730894488/makerfarmcom-3d-printer-manufacturer-i-expected,2014-09-29T16:12:16Z
site24x7.com,https://plaintextoffenders.com/post/98771912683/site24x7com-website-monitoring-service,2014-09-30T01:48:17Z
highpointscientific.com,https://plaintextoffenders.com/post/98791227322/highpointscientificcom-telescopes-and,2014-09-30T06:36:21Z
eratesmortgage.com,https://plaintextoffenders.com/post/98799533588/eratesmortgagecom-loans-their-site-accepts,2014-09-30T11:24:21Z
warrenjames.co.uk,https://plaintextoffenders.com/post/98812982518/warrenjamescouk-jewelry,2014-09-30T16:12:30Z
freshone.tv,https://plaintextoffenders.com/post/98853616341/freshonetv-television-production-company-nice,2014-10-01T01:48:32Z
randelldorling.com,https://plaintextoffenders.com/post/98872989732/randelldorlingcom-business-insurance-provider,2014-10-01T06:36:00Z
tgarage.com.au,https://plaintextoffenders.com/post/98881571242/insightiqcomau-tgaragecomau-social,2014-10-01T11:24:33Z
insightiq.com.au,https://plaintextoffenders.com/post/98881571242/insightiqcomau-tgaragecomau-social,2014-10-01T11:24:33Z
originaltrilogy.com,https://plaintextoffenders.com/post/98895639010/originaltrilogycom-fandom,2014-10-01T16:12:25Z
efilecabinet.com,https://plaintextoffenders.com/post/98937442024/efilecabinetcom-file-sharing-a-web-app-with,2014-10-02T01:48:32Z
regeringen.se,https://plaintextoffenders.com/post/98956624835/regeringense-government,2014-10-02T06:36:00Z
assetchemist.co.uk,https://plaintextoffenders.com/post/98965111161/assetchemistcouk-online-pharmacy-health-care,2014-10-02T11:24:00Z
tweaknews.eu,https://plaintextoffenders.com/post/98978747129/tweaknewseu-usenet,2014-10-02T16:12:15Z
newmediaexpress.com,https://plaintextoffenders.com/post/99018783255/newmediaexpresscom-web-hosting-i-got-this-email,2014-10-03T01:48:20Z
bouldercolorado.gov,https://plaintextoffenders.com/post/99037453895/bouldercoloradogov-city-government-sent-as-a,2014-10-03T06:36:22Z
crmdesk.com,https://plaintextoffenders.com/post/99046814273/crmdeskcom-helpdesk-software,2014-10-03T11:24:26Z
mobileciti.com.au,https://plaintextoffenders.com/post/99060962932/mobileciticomau-mobile-phones-new-user,2014-10-03T16:12:33Z
infideals.net,https://plaintextoffenders.com/post/99099587305/infidealsnet-retro-games-and-hardware-plain,2014-10-04T01:48:33Z
aegon.nl,https://plaintextoffenders.com/post/99117391371/aegonhu-aegoncom-aegoncouk-aegonnl-life,2014-10-04T06:36:00Z
aegon.co.uk,https://plaintextoffenders.com/post/99117391371/aegonhu-aegoncom-aegoncouk-aegonnl-life,2014-10-04T06:36:00Z
aegon.com,https://plaintextoffenders.com/post/99117391371/aegonhu-aegoncom-aegoncouk-aegonnl-life,2014-10-04T06:36:00Z
aegon.hu,https://plaintextoffenders.com/post/99117391371/aegonhu-aegoncom-aegoncouk-aegonnl-life,2014-10-04T06:36:00Z
manchester.ac.uk,https://plaintextoffenders.com/post/99127847215/manchesteracuk-university-from-their-volunteer,2014-10-04T11:24:38Z
writing.com,https://plaintextoffenders.com/post/99144173781/writingcom-community-for-writers-emails-you,2014-10-04T16:12:15Z
canadapetcare.com,https://plaintextoffenders.com/post/99185519705/canadapetcarecom-pet-supplies,2014-10-05T01:48:18Z
i-blason.com,https://plaintextoffenders.com/post/99204473733/i-blasoncom-mobile-phone-accessories,2014-10-05T06:36:20Z
avg.com,https://plaintextoffenders.com/post/99216048387/avgcom-computer-security-products-an-internet,2014-10-05T11:24:16Z
mayngames.com,https://plaintextoffenders.com/post/99285486107/mayngamescom-video-games,2014-10-06T02:48:26Z
bumeran.com.ve,https://plaintextoffenders.com/post/99303422346/bumerancom,2014-10-06T07:36:22Z
bumeran.com.pe,https://plaintextoffenders.com/post/99303422346/bumerancom,2014-10-06T07:36:22Z
bumeran.com.ar,https://plaintextoffenders.com/post/99303422346/bumerancom,2014-10-06T07:36:22Z
bumeran.com.mx,https://plaintextoffenders.com/post/99303422346/bumerancom,2014-10-06T07:36:22Z
bumeran.com.co,https://plaintextoffenders.com/post/99303422346/bumerancom,2014-10-06T07:36:22Z
bumeran.com,https://plaintextoffenders.com/post/99303422346/bumerancom,2014-10-06T07:36:22Z
simplication.com,https://plaintextoffenders.com/post/99312907539/simplicationcom-job-applications,2014-10-06T12:24:34Z
mysnus.com,https://plaintextoffenders.com/post/99328232113/mysnuscom-tobacco-products-emailed-my-password,2014-10-06T17:12:22Z
verdom.net,https://plaintextoffenders.com/post/99372116791/roundme-verdomnet-virtual-tour-generator,2014-10-07T02:48:29Z
round.me,https://plaintextoffenders.com/post/99372116791/roundme-verdomnet-virtual-tour-generator,2014-10-07T02:48:29Z
recreatex.be,https://plaintextoffenders.com/post/99388759733/rmgcouk-recreatexbe-museum-on-their-online,2014-10-07T07:36:27Z
rmg.co.uk,https://plaintextoffenders.com/post/99388759733/rmgcouk-recreatexbe-museum-on-their-online,2014-10-07T07:36:27Z
emp.ca,https://plaintextoffenders.com/post/99397786695/empca-publishers-we-were-all-required-to-create,2014-10-07T12:24:29Z
3ecompany.com,https://plaintextoffenders.com/post/99412785371/msdscom-3ecompanycom-environmental-health-and,2014-10-07T17:12:16Z
msds.com,https://plaintextoffenders.com/post/99412785371/msdscom-3ecompanycom-environmental-health-and,2014-10-07T17:12:16Z
quebecrencontres.com,https://plaintextoffenders.com/post/99455347343/quebecrencontrescom-dating,2014-10-08T02:48:25Z
rutlands.co.uk,https://plaintextoffenders.com/post/99471593678/rutlandscouk-woodworking-gardening-and,2014-10-08T07:36:24Z
tinydeal.com,https://plaintextoffenders.com/post/99480593921/tinydealcom-wholesale-supplier,2014-10-08T12:24:14Z
musclemealsdirect.com.au,https://plaintextoffenders.com/post/99495620238/musclemealsdirectcomau-fitness-meal-plans,2014-10-08T17:12:22Z
webnode.fr,https://plaintextoffenders.com/post/99536698851/webnodecom-webnodefr-website-builder-they,2014-10-09T02:48:00Z
webnode.com,https://plaintextoffenders.com/post/99536698851/webnodecom-webnodefr-website-builder-they,2014-10-09T02:48:00Z
mbusa.com,https://plaintextoffenders.com/post/99552329021/mbusacom-car-manufacturer-they-store-and-email,2014-10-09T07:36:00Z
moxa.com,https://plaintextoffenders.com/post/99561060872/moxacom-computer-networking-products-straight,2014-10-09T12:24:25Z
adata.com,https://plaintextoffenders.com/post/99575749533/adatacom-computer-memory-and-storage,2014-10-09T17:12:40Z
microworkers.com,https://plaintextoffenders.com/post/99616190487/microworkerscom-platform-for-small-online-jobs,2014-10-10T02:48:12Z
mindleaders.com,https://plaintextoffenders.com/post/99632045938/mindleaderscom-e-learning,2014-10-10T07:36:32Z
redballoon.com.au,https://plaintextoffenders.com/post/99640802717/redballooncomau-gifts-and-gift-ideas-new,2014-10-10T12:24:08Z
fanduel.com,https://plaintextoffenders.com/post/99656020504/fanduelcom-fantasy-leagues-never-thought-id,2014-10-10T17:12:32Z
connect6.com,https://plaintextoffenders.com/post/99695175769/connect6com-browser-extension,2014-10-11T02:48:27Z
wisepay.co.uk,https://plaintextoffenders.com/post/99710937961/wisepaycouk-cashless-transactions-parents-like,2014-10-11T07:36:24Z
startupjobfair.org,https://plaintextoffenders.com/post/99721261028/startupjobfairorg-job-fair-organizers-they-help,2014-10-11T12:24:24Z
muchloved.com,https://plaintextoffenders.com/post/99780187108/muchlovedcom-online-memorials-unasked-for,2014-10-12T02:48:30Z
ibuygou.es,https://plaintextoffenders.com/post/99797368191/ibuygoucom-ibuygoues-technology-product,2014-10-12T07:36:09Z
ibuygou.com,https://plaintextoffenders.com/post/99797368191/ibuygoucom-ibuygoues-technology-product,2014-10-12T07:36:09Z
bimot.co.il,https://plaintextoffenders.com/post/99803103626/bimotcoil-show-tickets,2014-10-12T10:00:00Z
gbbodomains.co.uk,https://plaintextoffenders.com/post/99822291693/gbbocouk-gbbodomainscouk-domain-registrar-i,2014-10-12T16:01:04Z
gbbo.co.uk,https://plaintextoffenders.com/post/99822291693/gbbocouk-gbbodomainscouk-domain-registrar-i,2014-10-12T16:01:04Z
spi-parts.com,https://plaintextoffenders.com/post/99879343864/spi-partscom-scooter-parts-i-sent-them-a-pretty,2014-10-13T04:00:36Z
rennfest.com,https://plaintextoffenders.com/post/99912879152/gatemasterticketscom-rennfestcom-tickets-i,2014-10-13T16:00:38Z
gatemastertickets.com,https://plaintextoffenders.com/post/99912879152/gatemasterticketscom-rennfestcom-tickets-i,2014-10-13T16:00:38Z
paytm.com,https://plaintextoffenders.com/post/99968910404/paytmcom-payment-gateway-typically-youd-expect,2014-10-14T04:00:26Z
visualpromotions.net,https://plaintextoffenders.com/post/99984592954/shirtsandapparelcom-visualpromotionsnet-custom,2014-10-14T10:00:40Z
shirtsandapparel.com,https://plaintextoffenders.com/post/99984592954/shirtsandapparelcom-visualpromotionsnet-custom,2014-10-14T10:00:40Z
pinatas.com,https://plaintextoffenders.com/post/100000382576/pinatascom-party-supplies-just-ordered-from,2014-10-14T16:00:51Z
dwd.in.gov,https://plaintextoffenders.com/post/100052901564/ingov-dwdingov-government-proudly-storing,2014-10-15T04:00:35Z
in.gov,https://plaintextoffenders.com/post/100052901564/ingov-dwdingov-government-proudly-storing,2014-10-15T04:00:35Z
schedom-europe.net,https://plaintextoffenders.com/post/100067710733/dommelbe-dommelcom-schedom-europenet,2014-10-15T10:00:41Z
dommel.com,https://plaintextoffenders.com/post/100067710733/dommelbe-dommelcom-schedom-europenet,2014-10-15T10:00:41Z
dommel.be,https://plaintextoffenders.com/post/100067710733/dommelbe-dommelcom-schedom-europenet,2014-10-15T10:00:41Z
jomsocial.com,https://plaintextoffenders.com/post/100083227838/jomsocialcom-social-network-software,2014-10-15T16:00:00Z
pollutionprobe.org,https://plaintextoffenders.com/post/100135300544/cleanaircommuteca-pollutionprobeorg,2014-10-16T04:00:00Z
cleanaircommute.ca,https://plaintextoffenders.com/post/100135300544/cleanaircommuteca-pollutionprobeorg,2014-10-16T04:00:00Z
zoolert.com,https://plaintextoffenders.com/post/100165367010/zoolertcom-product-availability-alerts-they,2014-10-16T16:00:55Z
melodygenerator.com,https://plaintextoffenders.com/post/100215516712/melodygeneratorcom-procedural-music-generation,2014-10-17T04:00:15Z
paddlepop.com.au,https://plaintextoffenders.com/post/100230241933/paddlepopcomau-games-and-videos-for-kids-when,2014-10-17T10:00:24Z
zapper.co.uk,https://plaintextoffenders.com/post/100245926626/zappercouk-second-hand-buyers-not-only-do-they,2014-10-17T16:00:44Z
uplea.com,https://plaintextoffenders.com/post/100293974516/upleacom-file-hosting,2014-10-18T04:00:14Z
babzmedia.com,https://plaintextoffenders.com/post/100310067718/babzmediacom-assorted-goods-hmm-might-not-be,2014-10-18T10:00:30Z
trustpilot.nl,https://plaintextoffenders.com/post/100327748445/trustpilotcom-trustpilotcouk,2014-10-18T16:00:00Z
trustpilot.fr,https://plaintextoffenders.com/post/100327748445/trustpilotcom-trustpilotcouk,2014-10-18T16:00:00Z
trustpilot.de,https://plaintextoffenders.com/post/100327748445/trustpilotcom-trustpilotcouk,2014-10-18T16:00:00Z
trustpilot.dk,https://plaintextoffenders.com/post/100327748445/trustpilotcom-trustpilotcouk,2014-10-18T16:00:00Z
trustpilot.co.za,https://plaintextoffenders.com/post/100327748445/trustpilotcom-trustpilotcouk,2014-10-18T16:00:00Z
trustpilot.co.nz,https://plaintextoffenders.com/post/100327748445/trustpilotcom-trustpilotcouk,2014-10-18T16:00:00Z
trustpilot.co.uk,https://plaintextoffenders.com/post/100327748445/trustpilotcom-trustpilotcouk,2014-10-18T16:00:00Z
trustpilot.com,https://plaintextoffenders.com/post/100327748445/trustpilotcom-trustpilotcouk,2014-10-18T16:00:00Z
ardbeg.com,https://plaintextoffenders.com/post/100378918045/ardbegcom-whiskey-no-e-mail-validation-on,2014-10-19T04:00:00Z
eclinicalmail.com,https://plaintextoffenders.com/post/100396854662/ecwcloudcom-eclinicalworkscom,2014-10-19T10:00:41Z
eclinicalworks.com,https://plaintextoffenders.com/post/100396854662/ecwcloudcom-eclinicalworkscom,2014-10-19T10:00:41Z
ecwcloud.com,https://plaintextoffenders.com/post/100396854662/ecwcloudcom-eclinicalworkscom,2014-10-19T10:00:41Z
myzonemoves.com,https://plaintextoffenders.com/post/100415674237/myzoneorg-myzonemovescom-fitness-tracking,2014-10-19T16:00:43Z
myzone.org,https://plaintextoffenders.com/post/100415674237/myzoneorg-myzonemovescom-fitness-tracking,2014-10-19T16:00:43Z
netnation.com,https://plaintextoffenders.com/post/100474288686/netnationcom-web-hosting-their-forgotten,2014-10-20T04:00:24Z
caster.fm,https://plaintextoffenders.com/post/100490616333/casterfm-internet-radio-hosting,2014-10-20T10:00:31Z
pastel.co.za,https://plaintextoffenders.com/post/100506573964/pastelcoza-accounting-software-this-is-for,2014-10-20T16:00:35Z
pinheadlocks.com,https://plaintextoffenders.com/post/100559981286/pinheadlockscom-locks-love-the-password-tips-at,2014-10-21T04:00:38Z
taborelec.com,https://plaintextoffenders.com/post/100575078354/taboreleccom-test-and-measurement-equipment-a,2014-10-21T10:00:17Z
gla.ac.uk,https://plaintextoffenders.com/post/100590632303/glaacuk-university-after-registration-their,2014-10-21T16:01:12Z
mymacs.ca,https://plaintextoffenders.com/post/100642740205/mymacsca-convenience-store-chain-they-wont-let,2014-10-22T04:00:13Z
moniker.com,https://plaintextoffenders.com/post/100657494399/monikercom-domain-name-registrar-handles-credit,2014-10-22T10:00:24Z
appointment.com,https://plaintextoffenders.com/post/100673101992/appointmentcom-online-scheduling-software-when,2014-10-22T16:00:37Z
praguepost.com,https://plaintextoffenders.com/post/100724421461/praguepostcom-publication,2014-10-23T04:00:13Z
noordhoffuitgevers.nl,https://plaintextoffenders.com/post/100739125245/noordhoffuitgeversnl-publishers,2014-10-23T10:00:23Z
worldeconomics.com,https://plaintextoffenders.com/post/100754763908/worldeconomicscom-economics-analysis-world,2014-10-23T16:00:38Z
go4inkt.nl,https://plaintextoffenders.com/post/100805057400/go4inktnl-printer-ink,2014-10-24T04:00:35Z
mailticket.it,https://plaintextoffenders.com/post/100819617527/mailticketit-concert-tickets,2014-10-24T10:00:18Z
ncqa.org,https://plaintextoffenders.com/post/100835594187/ncqaorg-healthcare-non-profit-they-deal-with,2014-10-24T16:01:06Z
magicjack.com,https://plaintextoffenders.com/post/100882621451/magicjackcom-voip-provider-where-all-your,2014-10-25T04:00:18Z
solusvm.com,https://plaintextoffenders.com/post/100898210522/solusvmcom-virtual-server-control-panel,2014-10-25T10:00:28Z
topclassactions.com,https://plaintextoffenders.com/post/100915856826/topclassactionscom-class-action-lawsuits-its,2014-10-25T16:00:56Z
indyworx.com,https://plaintextoffenders.com/post/100982974936/teelaunchcom-onlineshirtstorescom,2014-10-26T10:00:00Z
onlineshirtstores.com,https://plaintextoffenders.com/post/100982974936/teelaunchcom-onlineshirtstorescom,2014-10-26T10:00:00Z
teelaunch.com,https://plaintextoffenders.com/post/100982974936/teelaunchcom-onlineshirtstorescom,2014-10-26T10:00:00Z
galahotels.com,https://plaintextoffenders.com/post/101001509294/galahotelscom-hotel-discounts-and-reviews,2014-10-26T16:00:39Z
quiznos.com,https://plaintextoffenders.com/post/101060308050/deliverybyquiznoscom-quiznoscom-food-delivery,2014-10-27T04:00:19Z
deliverybyquiznos.com,https://plaintextoffenders.com/post/101060308050/deliverybyquiznoscom-quiznoscom-food-delivery,2014-10-27T04:00:19Z
agretail.com.au,https://plaintextoffenders.com/post/101076723004/australiangeographiccomau-agretailcomau,2014-10-27T10:00:30Z
australiangeographic.com.au,https://plaintextoffenders.com/post/101076723004/australiangeographiccomau-agretailcomau,2014-10-27T10:00:30Z
sollentunahem.se,https://plaintextoffenders.com/post/101093130666/sollentunahemse-housing-company,2014-10-27T16:00:36Z
e-wolk.nl,https://plaintextoffenders.com/post/101147594636/e-wolknl-vaping-related-items-shop-this-is-the,2014-10-28T04:00:28Z
abboptical.com,https://plaintextoffenders.com/post/101162742669/yourlenscom-abbopticalcom-contact-lenses,2014-10-28T10:00:32Z
yourlens.com,https://plaintextoffenders.com/post/101162742669/yourlenscom-abbopticalcom-contact-lenses,2014-10-28T10:00:32Z
snob.ru,https://plaintextoffenders.com/post/101179051543/snobru-magazine-the-email-on-the-screenshot-is,2014-10-28T16:00:35Z
sportsfuel.co.nz,https://plaintextoffenders.com/post/101231821586/sportsfuelconz-sports-suppliements-for,2014-10-29T04:00:20Z
everyonedoesit.com,https://plaintextoffenders.com/post/101246581593/everyonedoesitcom-smoke-shop-the-site-also,2014-10-29T10:00:28Z
myjobmatcher.com,https://plaintextoffenders.com/post/101262760357/myjobmatchercom-job-board,2014-10-29T16:00:45Z
classifiedpost.com,https://plaintextoffenders.com/post/101314441111/classifiedpostcom-job-board-as-you-can-see-it,2014-10-30T04:00:33Z
adsimail.com,https://plaintextoffenders.com/post/101328929284/americandisposalcom-adsimailcom-disposal,2014-10-30T10:00:40Z
americandisposal.com,https://plaintextoffenders.com/post/101328929284/americandisposalcom-adsimailcom-disposal,2014-10-30T10:00:40Z
webbstjarnan.se,https://plaintextoffenders.com/post/101344887781/webbstjarnanse-software-competition-for-schools,2014-10-30T16:00:49Z
store.thecoop.com,https://plaintextoffenders.com/post/101394722209/thecoopcom-storethecoopcom-university,2014-10-31T04:00:00Z
thecoop.com,https://plaintextoffenders.com/post/101394722209/thecoopcom-storethecoopcom-university,2014-10-31T04:00:00Z
cartasi.it,https://plaintextoffenders.com/post/101408881390/cartasiit-credit-card-issuers,2014-10-31T10:00:39Z
tonymacx86.com,https://plaintextoffenders.com/post/101425121551/tonymacx86com-computer-enthusiasts-community,2014-10-31T16:00:00Z
rfu.com,https://plaintextoffenders.com/post/101466807851/rfucom-sports-union-from-their-staff,2014-11-01T04:00:13Z
pa.gov,https://plaintextoffenders.com/post/101479923069/statepaus-pagov-government-this-is-from-a,2014-11-01T10:00:19Z
state.pa.us,https://plaintextoffenders.com/post/101479923069/statepaus-pagov-government-this-is-from-a,2014-11-01T10:00:19Z
fredperry.com,https://plaintextoffenders.com/post/101497563586/fredperrycom-fashion-label,2014-11-01T16:00:57Z
technogym.com,https://plaintextoffenders.com/post/101552178331/technogymcom-gym-equipment,2014-11-02T04:00:33Z
dvdshoponline.co.uk,https://plaintextoffenders.com/post/101569505127/dvdshoponlinecouk-optical-media-they-sent-my,2014-11-02T10:00:40Z
chicagovps.net,https://plaintextoffenders.com/post/101588570579/chicagovpsnet-vps-not-only-is-the-root-password,2014-11-02T16:00:54Z
davincivirtual.com,https://plaintextoffenders.com/post/101648469771/davincivirtualcom-receptionist-services-they,2014-11-03T04:00:22Z
earthfare.com,https://plaintextoffenders.com/post/101664082681/earthfarecom-supermarket,2014-11-03T10:00:20Z
bildelsbasen.se,https://plaintextoffenders.com/post/101678716198/bildelsbasense-used-car-parts,2014-11-03T16:00:29Z
taleo.net,https://plaintextoffenders.com/post/101732138768/taleonet-recruitment-company-they-handle-your,2014-11-04T04:00:39Z
wageningenur.nl,https://plaintextoffenders.com/post/101748828968/wageningenurnl-university-sends-a-temporary,2014-11-04T10:00:12Z
tudelft.nl,https://plaintextoffenders.com/post/101763770268/tudelftnl-university-translation-you-have,2014-11-04T16:00:30Z
wrrdualsport.com,https://plaintextoffenders.com/post/101817372453/wrrdualsportcom-motorcycle-forum-dropping-the,2014-11-05T04:00:41Z
tue.nl,https://plaintextoffenders.com/post/101834081742/tuenl-university-translated-dear-you,2014-11-05T10:00:17Z
kliidje.com,https://plaintextoffenders.com/post/101848617498/kliidjecom-data-security-after-registering-not,2014-11-05T16:00:41Z
pwc.co.uk,https://plaintextoffenders.com/post/101900414727/pwccom-pwccouk-professional-services-i,2014-11-06T04:00:21Z
pwc.com,https://plaintextoffenders.com/post/101900414727/pwccom-pwccouk-professional-services-i,2014-11-06T04:00:21Z
ukcrbs.co.uk,https://plaintextoffenders.com/post/101916993414/ukcrbscouk-criminal-records-listing-there-is,2014-11-06T10:00:14Z
smstrade.de,https://plaintextoffenders.com/post/101931448961/smstradede-sms-gateway,2014-11-06T16:04:04Z
sex.com,https://plaintextoffenders.com/post/101982790794/sexcom-porn-insecure-porn-is-the-worst-porn,2014-11-07T04:00:26Z
chatango.com,https://plaintextoffenders.com/post/101999323543/chatangocom-embedded-chat-rooms-because-of,2014-11-07T10:00:18Z
militaryonesource.mil,https://plaintextoffenders.com/post/102013920853/militaryonesourcemil-military-information,2014-11-07T16:00:20Z
vospers.com,https://plaintextoffenders.com/post/102063580543/vosperscom-car-dealership,2014-11-08T04:00:15Z
frootvpn.com,https://plaintextoffenders.com/post/102080736806/frootvpncom-vpn-ultra-secure-and-fast-i,2014-11-08T10:00:15Z
discountmugs.com,https://plaintextoffenders.com/post/102151037690/discountmugscom-custom-mugs,2014-11-09T04:00:28Z
fortacloud.co,https://plaintextoffenders.com/post/102170066659/fortacloudco-vps-kindly-e-mailing-me-the,2014-11-09T10:00:27Z
corpbank.co.in,https://plaintextoffenders.com/post/102187848527/corpbankcardsin-corpbankcoin-bank,2014-11-09T16:00:00Z
corpbankcards.in,https://plaintextoffenders.com/post/102187848527/corpbankcardsin-corpbankcoin-bank,2014-11-09T16:00:00Z
badgeonline.net,https://plaintextoffenders.com/post/102247072702/cartescom-badgeonlinenet-trade-show-the,2014-11-10T04:00:00Z
cartes.com,https://plaintextoffenders.com/post/102247072702/cartescom-badgeonlinenet-trade-show-the,2014-11-10T04:00:00Z
meteor-permits.com,https://plaintextoffenders.com/post/102265711330/meteor-permitscom-car-parking-stations-when-i,2014-11-10T10:00:24Z
puregym.com,https://plaintextoffenders.com/post/102280302735/puregymcom-gym-network-when-i-signed-up-they,2014-11-10T16:00:43Z
peelified.com,https://plaintextoffenders.com/post/102352496595/peelifiedcom-message-board,2014-11-11T10:00:38Z
arizer.com,https://plaintextoffenders.com/post/102367374648/arizercom-aromatherapy-appliances-they-admit-it,2014-11-11T16:00:34Z
host-tracker.com,https://plaintextoffenders.com/post/102421772040/host-trackercom-website-uptime-monitoring,2014-11-12T04:00:25Z
microchip.com,https://plaintextoffenders.com/post/102439256881/microchipcomsemiconductorsi-got-this-email-after,2014-11-12T10:00:00Z
myhostcp.com,https://plaintextoffenders.com/post/102453305620/hostinguknet-myhostcpcom-web-domains-and,2014-11-12T16:00:34Z
hostinguk.net,https://plaintextoffenders.com/post/102453305620/hostinguknet-myhostcpcom-web-domains-and,2014-11-12T16:00:34Z
totaldefense.com,https://plaintextoffenders.com/post/102504163493/totaldefensecom-antivirus,2014-11-13T04:00:18Z
giftcardsy.com,https://plaintextoffenders.com/post/102521145733/giftcardsycom-gift-cards-upon-registering-my,2014-11-13T10:00:16Z
driverside.com,https://plaintextoffenders.com/post/102584634030/carcareorg-driversidecom-auto-information-no,2014-11-14T04:00:23Z
carcare.org,https://plaintextoffenders.com/post/102584634030/carcareorg-driversidecom-auto-information-no,2014-11-14T04:00:23Z
beat-it.nl,https://plaintextoffenders.com/post/102601241783/beat-itnl-computer-hardware-and-software-they,2014-11-14T10:00:26Z
maxthon.cn,https://plaintextoffenders.com/post/102615295508/maxthoncom-maxthoncn-web-browser,2014-11-14T16:00:45Z
maxthon.com,https://plaintextoffenders.com/post/102615295508/maxthoncom-maxthoncn-web-browser,2014-11-14T16:00:45Z
hellopeter.com,https://plaintextoffenders.com/post/102663572753/hellopetercom-customer-service-reviews,2014-11-15T04:00:29Z
onlineocr.net,https://plaintextoffenders.com/post/102680852358/onlineocrnet-optical-character-recognition,2014-11-15T10:00:26Z
grindeq.com,https://plaintextoffenders.com/post/102697529018/grindeqcom-document-conversion-service,2014-11-15T16:00:41Z
annabac.com,https://plaintextoffenders.com/post/102749948009/annabaccom-academic-books-after-registering,2014-11-16T04:00:32Z
absoluteit.co.nz,https://plaintextoffenders.com/post/102769272017/absoluteitconz-job-board-96-of-job-seekers,2014-11-16T10:00:32Z
friendcaller.com,https://plaintextoffenders.com/post/102786804675/friendcallercom-video-chat,2014-11-16T16:00:20Z
kickass.to,https://plaintextoffenders.com/post/102845681123/kickassto-bittorrent-tracker-i-received-this,2014-11-17T04:00:31Z
sentrytotem.com,https://plaintextoffenders.com/post/102864405949/sentrytotemcom-video-game-community-site-the,2014-11-17T10:00:10Z
insound.com,https://plaintextoffenders.com/post/102878759950/insoundcom-record-store-just-signed-up-for-an,2014-11-17T16:00:33Z
hetmusiater.nl,https://plaintextoffenders.com/post/102931862689/hetmusiaternl-theater,2014-11-18T04:00:23Z
zinio.net,https://plaintextoffenders.com/post/102949300501/zinionet-digital-magazine-distribution-service,2014-11-18T10:00:30Z
strategicstaff.com,https://plaintextoffenders.com/post/102963218651/strategicstaffcom-employment-recruiting,2014-11-18T16:00:40Z
daysofwonder.com,https://plaintextoffenders.com/post/103014794380/daysofwondercom-board-game-publisher,2014-11-19T04:00:19Z
mybuilder.com,https://plaintextoffenders.com/post/103031708937/mybuildercom-tradesmen-marketplace-on-new,2014-11-19T10:00:26Z
alphacity.co.nz,https://plaintextoffenders.com/post/103045673939/alphacityconz-computer-and-electronics-store,2014-11-19T16:00:46Z
verianmail.com,https://plaintextoffenders.com/post/103096253541/veriancom-verianmailcom-purchasing-and-invoice,2014-11-20T04:00:17Z
verian.com,https://plaintextoffenders.com/post/103096253541/veriancom-verianmailcom-purchasing-and-invoice,2014-11-20T04:00:17Z
paradoxplaza.com,https://plaintextoffenders.com/post/103112942280/paradoxplazacom-video-games-publisher-using-the,2014-11-20T10:00:16Z
redonfuels.co.uk,https://plaintextoffenders.com/post/103126781768/redonfuelscouk-heating-oil,2014-11-20T16:00:45Z
apogee.us,https://plaintextoffenders.com/post/103176417468/myresnetcom-mycampusnetcom-apogeeus-isp,2014-11-21T04:00:32Z
mycampusnet.com,https://plaintextoffenders.com/post/103176417468/myresnetcom-mycampusnetcom-apogeeus-isp,2014-11-21T04:00:32Z
myresnet.com,https://plaintextoffenders.com/post/103176417468/myresnetcom-mycampusnetcom-apogeeus-isp,2014-11-21T04:00:32Z
mineocityhosting.com,https://plaintextoffenders.com/post/103192839602/mineocityhostingcom-minecraft-server-the-first,2014-11-21T10:00:33Z
asterisk.com,https://plaintextoffenders.com/post/103206761991/asteriskcom-knee-braces,2014-11-21T16:00:42Z
pyleaudio.com,https://plaintextoffenders.com/post/103253747605/pyleaudiocom-audio-appliances,2014-11-22T04:00:27Z
towels.co.il.websitepanel.co.il,https://plaintextoffenders.com/post/103270505929/towelscoil-towelscoilwebsitepanelcoil,2014-11-22T10:00:28Z
towels.co.il,https://plaintextoffenders.com/post/103270505929/towelscoil-towelscoilwebsitepanelcoil,2014-11-22T10:00:28Z
eneco.nl,https://plaintextoffenders.com/post/103286662343/eneconl-energy-provider,2014-11-22T16:00:38Z
rpod.ru,https://plaintextoffenders.com/post/103338379671/rpodru-podcasting-once-i-registered-there-they,2014-11-23T04:00:13Z
freemycv.com,https://plaintextoffenders.com/post/103357590667/freemycvcom-cv-distributors,2014-11-23T10:00:18Z
cantando.com,https://plaintextoffenders.com/post/103374971883/cantandocom-music-publisher-sent-me-my,2014-11-23T16:00:30Z
josephm.com,https://plaintextoffenders.com/post/103432780355/josephmcom-clothing-designers-sending-plain,2014-11-24T04:00:31Z
studentclubber.co.uk,https://plaintextoffenders.com/post/103451994380/studentclubbercouk-event-tickets,2014-11-24T10:00:34Z
foxwoods.com,https://plaintextoffenders.com/post/103466152429/foxwoodscom-resort-casino-sends-plaintext,2014-11-24T16:00:31Z
poff.ee,https://plaintextoffenders.com/post/103520771311/poffee-film-festival-the-web-site-also-has-some,2014-11-25T04:00:30Z
webtic.it,https://plaintextoffenders.com/post/103542490991/webticit-cinema-seat-reservation,2014-11-25T10:00:24Z
gustavus.edu,https://plaintextoffenders.com/post/103609972871/gustavusedu-college,2014-11-26T04:00:29Z
greyhound.com,https://plaintextoffenders.com/post/103627979044/greyhoundcom-busses,2014-11-26T10:00:24Z
jeffersonlines.com,https://plaintextoffenders.com/post/103642226603/jeffersonlinescom-busses,2014-11-26T16:00:29Z
mit4mit.co.il,https://plaintextoffenders.com/post/103694548013/mit4mitcoil-wedding-suppliers-reviews,2014-11-27T04:00:38Z
vetusware.com,https://plaintextoffenders.com/post/103713517762/vetuswarecom-abandonware-archive,2014-11-27T10:00:08Z
allsaints.com,https://plaintextoffenders.com/post/103727578665/allsaintscom-fashion-retailer-they-charge-a-few,2014-11-27T16:00:24Z
spokn.com,https://plaintextoffenders.com/post/103777948923/spokncom-ip-telephony-they-have-not-only-reset,2014-11-28T04:00:14Z
fastwebhost.com,https://plaintextoffenders.com/post/103795758528/fastwebhostcom-web-hosting,2014-11-28T10:00:11Z
brcommunity.com,https://plaintextoffenders.com/post/103809319686/brcommunitycom-business-rules-management-forums,2014-11-28T16:00:28Z
issa.com,https://plaintextoffenders.com/post/103879238948/issacom-cleaning-association-this-is-the-email,2014-11-29T10:00:34Z
hurst-iw.co.uk,https://plaintextoffenders.com/post/103895085282/hurst-iwcouk-department-store-chain-so-they,2014-11-29T16:00:22Z
bunac.org.uk,https://plaintextoffenders.com/post/103947791891/bunacorg-bunacorguk-workvolunteer-abroad,2014-11-30T04:00:00Z
bunac.org,https://plaintextoffenders.com/post/103947791891/bunacorg-bunacorguk-workvolunteer-abroad,2014-11-30T04:00:00Z
garrisonhost.com,https://plaintextoffenders.com/post/103968888507/garrisonhostcom-web-hosting-domain-registrar,2014-11-30T10:00:17Z
fluxio.se,https://plaintextoffenders.com/post/103985736925/fluxiose-electricity-professionals-forums,2014-11-30T16:00:46Z
cinema-city.pl,https://plaintextoffenders.com/post/104044585035/cinemacitycz-cinemacitysk-cinemacityro,2014-12-01T04:00:41Z
cinemacity.bg,https://plaintextoffenders.com/post/104044585035/cinemacitycz-cinemacitysk-cinemacityro,2014-12-01T04:00:41Z
cinemacity.hu,https://plaintextoffenders.com/post/104044585035/cinemacitycz-cinemacitysk-cinemacityro,2014-12-01T04:00:41Z
cinemacity.ro,https://plaintextoffenders.com/post/104044585035/cinemacitycz-cinemacitysk-cinemacityro,2014-12-01T04:00:41Z
cinemacity.sk,https://plaintextoffenders.com/post/104044585035/cinemacitycz-cinemacitysk-cinemacityro,2014-12-01T04:00:41Z
cinemacity.cz,https://plaintextoffenders.com/post/104044585035/cinemacitycz-cinemacitysk-cinemacityro,2014-12-01T04:00:41Z
plumeblu.co.uk,https://plaintextoffenders.com/post/104064765084/plumeblucouk-e-cigarettes-sending-plaintext,2014-12-01T10:00:14Z
cyberscore.me.uk,https://plaintextoffenders.com/post/104079230070/cyberscoremeuk-video-game-high-scores,2014-12-01T16:00:21Z
mcgill.ca,https://plaintextoffenders.com/post/104131480407/mcgillca-university-heres-a-new-one-all,2014-12-02T04:00:29Z
caskers.com,https://plaintextoffenders.com/post/104149983373/caskerscom-alcoholic-beverages-email-received,2014-12-02T10:00:29Z
green-lamp.co.uk,https://plaintextoffenders.com/post/104164208536/green-lampcouk-light-bulbs,2014-12-02T16:00:34Z
dazzlingrock.com,https://plaintextoffenders.com/post/104216439692/dazzlingrockcom-jewelry-now-i-have-to-change,2014-12-03T04:00:17Z
ipadlaserengraving.com,https://plaintextoffenders.com/post/104234924219/ploverstenoorg-ploverstenoknightcom,2014-12-03T10:00:00Z
inaflashlaser.com,https://plaintextoffenders.com/post/104234924219/ploverstenoorg-ploverstenoknightcom,2014-12-03T10:00:00Z
plover.deco-craft.com,https://plaintextoffenders.com/post/104234924219/ploverstenoorg-ploverstenoknightcom,2014-12-03T10:00:00Z
plover.stenoknight.com,https://plaintextoffenders.com/post/104234924219/ploverstenoorg-ploverstenoknightcom,2014-12-03T10:00:00Z
ploversteno.org,https://plaintextoffenders.com/post/104234924219/ploverstenoorg-ploverstenoknightcom,2014-12-03T10:00:00Z
vsdeal.com,https://plaintextoffenders.com/post/104249131984/vsdealcom-daily-deals-account-conformation,2014-12-03T16:00:35Z
spielesite.com,https://plaintextoffenders.com/post/104300393979/spielesitecom-flash-games-they-also-want-to,2014-12-04T04:00:36Z
o2.com,https://plaintextoffenders.com/post/104318825711/o2com-mobile-phones-carrier-i-registered-with,2014-12-04T10:00:13Z
everyoneactive.com,https://plaintextoffenders.com/post/104332994031/everyoneactivecom-sports-and-leisure-centers,2014-12-04T16:00:23Z
zoovillage.com,https://plaintextoffenders.com/post/104383066365/zoovillagecom-clothing,2014-12-05T04:00:14Z
tns-sifo.se,https://plaintextoffenders.com/post/104400329201/sifopanelense-tns-sifose-opinion-and-social,2014-12-05T10:00:25Z
sifopanelen.se,https://plaintextoffenders.com/post/104400329201/sifopanelense-tns-sifose-opinion-and-social,2014-12-05T10:00:25Z
bombas.com,https://plaintextoffenders.com/post/104414126618/bombascom-socsk,2014-12-05T16:00:25Z
fatface.co.uk,https://plaintextoffenders.com/post/104480276179/fatfacecom-fatfacecouk-clothing-i-forgot-my,2014-12-06T10:00:12Z
fatface.com,https://plaintextoffenders.com/post/104480276179/fatfacecom-fatfacecouk-clothing-i-forgot-my,2014-12-06T10:00:12Z
spanishpod101.com,https://plaintextoffenders.com/post/104495971790/spanishpod101com-language-learning-sending-me,2014-12-06T16:00:29Z
relatie.nl,https://plaintextoffenders.com/post/104548018196/relatienl-dating-website-they-start-their-mail,2014-12-07T04:00:22Z
thepanelstation.com,https://plaintextoffenders.com/post/104568357021/thepanelstationcom-surveys,2014-12-07T10:00:16Z
green.ch,https://plaintextoffenders.com/post/104585261507/greench-web-hosting-and-domain-registrar-the,2014-12-07T16:00:29Z
pluto.tv,https://plaintextoffenders.com/post/104643230291/plutotv-video-streaming-service-the-assigned,2014-12-08T04:00:18Z
nic.im,https://plaintextoffenders.com/post/104663122420/nicim-geographic-top-level-domain-registrar,2014-12-08T10:00:00Z
geistpatrol.com,https://plaintextoffenders.com/post/104678078414/geistpatrolcom-neighborhood-patrols-our,2014-12-08T16:00:35Z
southeastwater.com.au,https://plaintextoffenders.com/post/104730880364/sewcomau-southeastwatercomau-water-utility,2014-12-09T04:00:32Z
sew.com.au,https://plaintextoffenders.com/post/104730880364/sewcomau-southeastwatercomau-water-utility,2014-12-09T04:00:32Z
allflicks.net,https://plaintextoffenders.com/post/104749425055/allflicksnet-netflix-listings,2014-12-09T10:00:32Z
thenakedflame.co.uk,https://plaintextoffenders.com/post/104757684892/thenakedflamecouk-bio-ethanol-fireplaces,2014-12-09T14:00:16Z
recyclingforschools.co.uk,https://plaintextoffenders.com/post/104824029018/recyclingforschoolscouk-recycling-plan-for,2014-12-10T06:00:20Z
voddler.com,https://plaintextoffenders.com/post/104841658342/voddlercom-video-streaming-forgot-password,2014-12-10T14:00:31Z
trentinosviluppo.it,https://plaintextoffenders.com/post/104906806593/trentinosviluppoit-startup-incubator-sent-me,2014-12-11T06:00:19Z
rivosoftware.com,https://plaintextoffenders.com/post/104924493354/rivosoftwarecom-risk-management-software-they,2014-12-11T14:00:28Z
customize.org,https://plaintextoffenders.com/post/104988670517/customizeorg-computer-desktop-customization,2014-12-12T06:00:13Z
antitone.com,https://plaintextoffenders.com/post/105006328711/antitonecom-group-purchases-sends-plain-text,2014-12-12T14:00:20Z
bridgestonerewards.com,https://plaintextoffenders.com/post/105067620104/bridgestonerewardscom-tire-rebates-sending,2014-12-13T06:00:33Z
imsglobal.org,https://plaintextoffenders.com/post/105086779405/imsglobalorg-learning-technologies-non-profit,2014-12-13T14:00:41Z
southwesttrains.co.uk,https://plaintextoffenders.com/post/105152454774/southwesttrainscouk-train-service-sends-you,2014-12-14T06:00:12Z
dailyom.com,https://plaintextoffenders.com/post/105173751791/dailyomcom-alternative-wellness-articles,2014-12-14T14:00:20Z
cervera.se,https://plaintextoffenders.com/post/105247342909/cerverase-homewares-sent-out-the-password-in,2014-12-15T06:00:20Z
g2a.com,https://plaintextoffenders.com/post/105266382632/g2acom-digital-games-marketplace-passed-back-a,2014-12-15T14:00:25Z
bigcommerce.com,https://plaintextoffenders.com/post/105333876040/bigcommercecom-ecommerce-platform-as-a-service,2014-12-16T06:00:17Z
lensdirect.com,https://plaintextoffenders.com/post/105352270583/lensdirectcom-contact-lenses-signup,2014-12-16T14:00:33Z
lhlabs.com,https://plaintextoffenders.com/post/105419188334/lhlabscom-crowdsourced-audio-gear-after,2014-12-17T06:00:32Z
granitereef.co.uk,https://plaintextoffenders.com/post/105437703096/granitereefcom-granitereefcouk-sports,2014-12-17T14:00:41Z
granitereef.com,https://plaintextoffenders.com/post/105437703096/granitereefcom-granitereefcouk-sports,2014-12-17T14:00:41Z
allbeauty.com,https://plaintextoffenders.com/post/105504339829/allbeautycom-beauty-products-forgotten-password,2014-12-18T06:00:20Z
mail.yahoo.com,https://plaintextoffenders.com/post/105522774639/mailyahoocom-mail-service-didnt-even-ask-for,2014-12-18T14:00:27Z
pizzaexpress.cn,https://plaintextoffenders.com/post/105587400910/pizzaexpresscom-pizzaexpresscomhk,2014-12-19T06:00:15Z
pizzaexpress.in,https://plaintextoffenders.com/post/105587400910/pizzaexpresscom-pizzaexpresscomhk,2014-12-19T06:00:15Z
pizzaexpress.com.hk,https://plaintextoffenders.com/post/105587400910/pizzaexpresscom-pizzaexpresscomhk,2014-12-19T06:00:15Z
pizzaexpress.com,https://plaintextoffenders.com/post/105587400910/pizzaexpresscom-pizzaexpresscomhk,2014-12-19T06:00:15Z
toxicfox.co.uk,https://plaintextoffenders.com/post/105605812249/toxicfoxcouk-gifts-password-shown-in-plain,2014-12-19T14:00:30Z
logitech.com,https://plaintextoffenders.com/post/105667914307/logitechcom-digitalrivercom-buylogitechcom,2014-12-20T06:00:28Z
amigosecreto.com.br,https://plaintextoffenders.com/post/105687303965/amigosecretocombr-secret-santa-game-management,2014-12-20T14:00:38Z
sonos.com,https://plaintextoffenders.com/post/105752849526/sonoscom-consumer-electronics-the-image-says-it,2014-12-21T06:00:33Z
shift8.com,https://plaintextoffenders.com/post/105774161767/sumosaladcom-customerrewardscomau-shift8com,2014-12-21T14:00:40Z
customerrewards.com.au,https://plaintextoffenders.com/post/105774161767/sumosaladcom-customerrewardscomau-shift8com,2014-12-21T14:00:40Z
sumosalad.com,https://plaintextoffenders.com/post/105774161767/sumosaladcom-customerrewardscomau-shift8com,2014-12-21T14:00:40Z
aspsms.ch,https://plaintextoffenders.com/post/105846522790/aspsmscom-aspsmsch-sms-gateway-provider-sends,2014-12-22T06:00:12Z
aspsms.com,https://plaintextoffenders.com/post/105846522790/aspsmscom-aspsmsch-sms-gateway-provider-sends,2014-12-22T06:00:12Z
embark.com,https://plaintextoffenders.com/post/105867896024/embarkcom-admissions-software-more-than-13,2014-12-22T14:00:41Z
playlists.com,https://plaintextoffenders.com/post/105939546406/playlistscom-music-discovery-password-sent-in,2014-12-23T06:00:22Z
eberjay.com,https://plaintextoffenders.com/post/105961188543/eberjaycom-clothing-brand-this-is-the-email,2014-12-23T14:00:33Z
vacationcompete.com,https://plaintextoffenders.com/post/106032943623/cruisecompetecom-vacationcompetecom-cruise,2014-12-24T06:00:31Z
cruisecompete.com,https://plaintextoffenders.com/post/106032943623/cruisecompetecom-vacationcompetecom-cruise,2014-12-24T06:00:31Z
amazingworld.com,https://plaintextoffenders.com/post/106055109879/amazingworldcom-mmo-for-children-amazing-world,2014-12-24T14:00:24Z
acas.org.uk,https://plaintextoffenders.com/post/106121178361/acasorguk-government-organization-they-send-a,2014-12-25T06:00:22Z
bundlestars.com,https://plaintextoffenders.com/post/106207181473/bundlestarscom-game-bundles,2014-12-26T06:00:18Z
beerhawk.co.uk,https://plaintextoffenders.com/post/106227727397/beerhawkcouk-beer-shop-helpful-email,2014-12-26T14:00:17Z
cim.co.uk,https://plaintextoffenders.com/post/106295210943/cimcouk-professional-association-so-it-turns,2014-12-27T06:00:33Z
manpower.co.uk,https://plaintextoffenders.com/post/106317609946/manpowercouk-human-resource-consulting-firm,2014-12-27T14:00:27Z
lacma.org,https://plaintextoffenders.com/post/106387072614/lacmaorg-museum-they-create-and-send-me,2014-12-28T06:00:22Z
nichebuilder.com,https://plaintextoffenders.com/post/106409989893/nichebuildercom-landing-page-builder-fail,2014-12-28T14:00:26Z
vvvcadeaubonnen.nl,https://plaintextoffenders.com/post/106485793825/vvvcadeaubonnennl-gift-certificates-plain-text,2014-12-29T06:00:16Z
allrecipes.qc.ca,https://plaintextoffenders.com/post/106509709552/allrecipescom-allrecipescombr,2014-12-29T14:00:00Z
allrecipes.asia,https://plaintextoffenders.com/post/106509709552/allrecipescom-allrecipescombr,2014-12-29T14:00:00Z
allrecipes.ru,https://plaintextoffenders.com/post/106509709552/allrecipescom-allrecipescombr,2014-12-29T14:00:00Z
allrecipes.ca,https://plaintextoffenders.com/post/106509709552/allrecipescom-allrecipescombr,2014-12-29T14:00:00Z
allrecipes.pl,https://plaintextoffenders.com/post/106509709552/allrecipescom-allrecipescombr,2014-12-29T14:00:00Z
allrecipes.nl,https://plaintextoffenders.com/post/106509709552/allrecipescom-allrecipescombr,2014-12-29T14:00:00Z
allrecipes.com.mx,https://plaintextoffenders.com/post/106509709552/allrecipescom-allrecipescombr,2014-12-29T14:00:00Z
allrecipes.kr,https://plaintextoffenders.com/post/106509709552/allrecipescom-allrecipescombr,2014-12-29T14:00:00Z
allrecipes.jp,https://plaintextoffenders.com/post/106509709552/allrecipescom-allrecipescombr,2014-12-29T14:00:00Z
allrecipes.it,https://plaintextoffenders.com/post/106509709552/allrecipescom-allrecipescombr,2014-12-29T14:00:00Z
allrecipes.co.in,https://plaintextoffenders.com/post/106509709552/allrecipescom-allrecipescombr,2014-12-29T14:00:00Z
allrecipes.fr,https://plaintextoffenders.com/post/106509709552/allrecipescom-allrecipescombr,2014-12-29T14:00:00Z
allrecipes.cn,https://plaintextoffenders.com/post/106509709552/allrecipescom-allrecipescombr,2014-12-29T14:00:00Z
allrecipes.com.au,https://plaintextoffenders.com/post/106509709552/allrecipescom-allrecipescombr,2014-12-29T14:00:00Z
allrecipes.com.ar,https://plaintextoffenders.com/post/106509709552/allrecipescom-allrecipescombr,2014-12-29T14:00:00Z
allrecipes.com.br,https://plaintextoffenders.com/post/106509709552/allrecipescom-allrecipescombr,2014-12-29T14:00:00Z
allrecipes.com,https://plaintextoffenders.com/post/106509709552/allrecipescom-allrecipescombr,2014-12-29T14:00:00Z
bulksupplements.com,https://plaintextoffenders.com/post/106585233020/bulksupplementscom-bulk-health-supplements,2014-12-30T06:00:16Z
discountmultivitamins.com,https://plaintextoffenders.com/post/106609104170/discountmultivitaminscom-multivitamins-right,2014-12-30T14:00:16Z
quadratec.com,https://plaintextoffenders.com/post/106685686848/quadrateccom-car-parts-and-accessories,2014-12-31T06:00:33Z
sydneyswans.com.au,https://plaintextoffenders.com/post/106709765101/sydneyswanscomau-football-club-not-only-do,2014-12-31T14:00:42Z
marriagegiftlist.com,https://plaintextoffenders.com/post/106772778355/marriagegiftlistcom-bridal-registry,2015-01-01T06:00:00Z
photospecialist.co.uk,https://plaintextoffenders.com/post/106794891213/photospecialistcouk-photography-retail-sending,2015-01-01T14:00:16Z
watchstrapstore.co.uk,https://plaintextoffenders.com/post/106877230716/watchstrapstorecouk-watch-straps-i-bought-an,2015-01-02T06:00:36Z
undergroundclothing.ca,https://plaintextoffenders.com/post/106902814728/undergroundclothingca-clothing,2015-01-02T14:00:17Z
dublinbikes.ie,https://plaintextoffenders.com/post/106980389830/dublinbikesie-bicycle-rental-irelands-only,2015-01-03T06:00:32Z
movistar.com.ar,https://plaintextoffenders.com/post/107005895511/movistarcomar-mobile-phone-carrier,2015-01-03T14:00:30Z
sclv.com,https://plaintextoffenders.com/post/107083232059/sclvcom-hotels-and-casinos-created-an-account,2015-01-04T06:00:11Z
thwack.com,https://plaintextoffenders.com/post/107109381301/solarwindscom-thwackcom-network-monitoring,2015-01-04T14:00:26Z
solarwinds.com,https://plaintextoffenders.com/post/107109381301/solarwindscom-thwackcom-network-monitoring,2015-01-04T14:00:26Z
carrentals.com,https://plaintextoffenders.com/post/107192108877/carrentalscom-car-rentals-sent-the-password,2015-01-05T06:00:20Z
bestpricelinen.com.au,https://plaintextoffenders.com/post/107215855539/bestpricelinencomau-linen-and-bedding-retailer,2015-01-05T14:00:18Z
whatuni.com,https://plaintextoffenders.com/post/107291042934/whatunicom-university-reviews-this-email-came,2015-01-06T06:00:14Z
minoan.gr,https://plaintextoffenders.com/post/107313442649/minoangr-ferries-so-they-store-passwords-in,2015-01-06T14:00:32Z
launchpadadvantage.com,https://plaintextoffenders.com/post/107387085610/rightc3com-launchpadadvantagecom-college,2015-01-07T06:00:15Z
rightc3.com,https://plaintextoffenders.com/post/107387085610/rightc3com-launchpadadvantagecom-college,2015-01-07T06:00:15Z
oaseeds.com,https://plaintextoffenders.com/post/107407698134/oaseedscom-cannabis,2015-01-07T14:00:35Z
ramexperts.com,https://plaintextoffenders.com/post/107481114481/ramexpertscom-computer-hardware-sends-your,2015-01-08T06:00:28Z
warcraftrealms.com,https://plaintextoffenders.com/post/107501624091/warcraftrealmscom-video-game-community-the,2015-01-08T14:00:44Z
navaudio.nl,https://plaintextoffenders.com/post/107575139903/navaudionl-car-navigation-and-audio,2015-01-09T06:00:16Z
pipeten.co.uk,https://plaintextoffenders.com/post/107595672545/pipetencouk-web-hosting,2015-01-09T14:00:26Z
visiontrainingsystems.com,https://plaintextoffenders.com/post/107666604540/visiontrainingsystemscom-training-courses,2015-01-10T06:00:36Z
inflow.mobi,https://plaintextoffenders.com/post/107688696490/inflowmobi-mood-tracking-app-signed-up-in-app,2015-01-10T14:00:22Z
stickeryou.com,https://plaintextoffenders.com/post/107764035503/stickeryoucom-custom-stickers-and-decals,2015-01-11T06:00:15Z
madikids.org,https://plaintextoffenders.com/post/107788173224/madikidsorg-education-non-profit-you-must,2015-01-11T14:00:33Z
zurich-connect.it,https://plaintextoffenders.com/post/107870304828/zurich-connectit-car-and-house-insurance-step,2015-01-12T06:00:10Z
seattlecolleges.edu,https://plaintextoffenders.com/post/107891151841/seattlecollegesedu-colleges-in-their-class,2015-01-12T14:00:20Z
wovenground.net,https://plaintextoffenders.com/post/107963990329/wovengroundnet-rug-and-textiles-screenshot-is,2015-01-13T06:00:22Z
bar-fridges-australia.com.au,https://plaintextoffenders.com/post/107983776573/bar-fridges-australiacomau-refrigirators,2015-01-13T14:00:41Z
perthgp.com.au,https://plaintextoffenders.com/post/108055646055/perthgpcomau-general-practitioners-clinic,2015-01-14T06:00:17Z
databeats.com,https://plaintextoffenders.com/post/108074822378/ramrecordscom-metalheadzcouk-databeatscom,2015-01-14T14:00:24Z
metalheadz.co.uk,https://plaintextoffenders.com/post/108074822378/ramrecordscom-metalheadzcouk-databeatscom,2015-01-14T14:00:24Z
ramrecords.com,https://plaintextoffenders.com/post/108074822378/ramrecordscom-metalheadzcouk-databeatscom,2015-01-14T14:00:24Z
apiasf.org,https://plaintextoffenders.com/post/108146458433/apiasforg-scholarship-program,2015-01-15T06:00:33Z
milfaholic.com,https://plaintextoffenders.com/post/108236523699/milfaholiccom-dating-site-it-turns-out-that-my,2015-01-16T06:00:35Z
amishintribeca.com,https://plaintextoffenders.com/post/108255688047/amishintribecacom-market,2015-01-16T14:00:25Z
lysman.com,https://plaintextoffenders.com/post/108324223004/lysmancom-lighting-this-is-the-e-mail-i-got,2015-01-17T06:00:14Z
f5.com,https://plaintextoffenders.com/post/108345291030/recruitingcenternet-ceridiancom-f5com,2015-01-17T14:00:39Z
ceridian.com,https://plaintextoffenders.com/post/108345291030/recruitingcenternet-ceridiancom-f5com,2015-01-17T14:00:39Z
recruitingcenter.net,https://plaintextoffenders.com/post/108345291030/recruitingcenternet-ceridiancom-f5com,2015-01-17T14:00:39Z
fujitsu.com,https://plaintextoffenders.com/post/108418108135/fujitsucom-it-equipment-and-services-their,2015-01-18T06:00:10Z
click.ie,https://plaintextoffenders.com/post/108441533457/clickie-home-media-and-it-products-email,2015-01-18T14:00:33Z
theenglishshavingcompany.com,https://plaintextoffenders.com/post/108522205770/theenglishshavingcompanycom-shaving-accessories,2015-01-19T06:00:20Z
lesnumeriques.com,https://plaintextoffenders.com/post/108543485049/lesnumeriquescom-electronics-testing-magazine,2015-01-19T14:00:41Z
xtremebullets.com,https://plaintextoffenders.com/post/108622230818/xtremebulletscom-bullets-reset-my-password-and,2015-01-20T06:00:29Z
gds.se,https://plaintextoffenders.com/post/108642370140/gdsse-diy-magazine-theyre-diy-like-their,2015-01-20T14:00:23Z
experianplc.com,https://plaintextoffenders.com/post/108714282815/protectmyidcom-experianplccom-identity-theft,2015-01-21T06:00:07Z
protectmyid.com,https://plaintextoffenders.com/post/108714282815/protectmyidcom-experianplccom-identity-theft,2015-01-21T06:00:07Z
kitesurferen.dk,https://plaintextoffenders.com/post/108733810953/kitesurferendk-kitesurfing-community,2015-01-21T14:00:25Z
ramboll.no,https://plaintextoffenders.com/post/108805770155/easycruitcom-lumessecom-rambollno,2015-01-22T06:00:31Z
lumesse.com,https://plaintextoffenders.com/post/108805770155/easycruitcom-lumessecom-rambollno,2015-01-22T06:00:31Z
easycruit.com,https://plaintextoffenders.com/post/108805770155/easycruitcom-lumessecom-rambollno,2015-01-22T06:00:31Z
nitrous-networks.com,https://plaintextoffenders.com/post/108824980819/nitrous-networkscom-video-game-servers-nitrous,2015-01-22T14:00:20Z
frenchnerd-fanclub.com,https://plaintextoffenders.com/post/108895099317/frenchnerd-fanclubcom-fan-forum-in-the-photo-of,2015-01-23T06:00:19Z
kickass.so,https://plaintextoffenders.com/post/108914055013/kickassso-bittorrent-search-they-sent-me-my,2015-01-23T14:00:27Z
linuxpl.com,https://plaintextoffenders.com/post/108982346320/linuxplcom-web-hosting-and-domains-password-set,2015-01-24T06:00:17Z
unifclothing.com,https://plaintextoffenders.com/post/109003472332/unifclothingcom-apparel-brand-store,2015-01-24T14:00:30Z
popcultcha.com.au,https://plaintextoffenders.com/post/109077695980/popcultchacomau-pop-culture-merchandise-they,2015-01-25T06:00:31Z
timeiq.com,https://plaintextoffenders.com/post/109101015335/timeiqcom-time-tracking-software-the-lost,2015-01-25T14:00:40Z
ekodefl.com,https://plaintextoffenders.com/post/109181460691/ekodeflcom-rewards-program-lost-password,2015-01-26T06:00:27Z
varierfurniture.com,https://plaintextoffenders.com/post/109201922825/varierfurniturecom-movement-chairs,2015-01-26T14:00:17Z
flaviar.com,https://plaintextoffenders.com/post/109277592973/flaviarcom-alcohol-sampling-service,2015-01-27T06:00:17Z
elerter.net,https://plaintextoffenders.com/post/109297879358/elerternet-emergency-notification-system-they,2015-01-27T14:00:22Z
aipla.org,https://plaintextoffenders.com/post/109391258868/aiplaorg-law-association-in-response-to-forgot,2015-01-28T14:00:21Z
ihi.org,https://plaintextoffenders.com/post/109464690841/ihiorg-healthcare-ngo-healthy,2015-01-29T06:00:33Z
helptobuynw.org.uk,https://plaintextoffenders.com/post/109484744522/homeshubcouk-neighbourhoodinvestorcom,2015-01-29T14:00:42Z
neighbourhoodinvestor.com,https://plaintextoffenders.com/post/109484744522/homeshubcouk-neighbourhoodinvestorcom,2015-01-29T14:00:42Z
homeshub.co.uk,https://plaintextoffenders.com/post/109484744522/homeshubcouk-neighbourhoodinvestorcom,2015-01-29T14:00:42Z
buyaparcel.com,https://plaintextoffenders.com/post/109558161392/buyaparcelcom-tools-and-plumping-supplier-an,2015-01-30T06:00:24Z
smartassessor.com,https://plaintextoffenders.com/post/109578607825/smartassessorcom-work-portfolios,2015-01-30T14:00:34Z
1e.com,https://plaintextoffenders.com/post/109648985771/1ecom-it-software-and-services-their-support,2015-01-31T06:00:27Z
corporatevisions.com,https://plaintextoffenders.com/post/109670810105/corporatevisionscom-b2b-marketing-and-yes-they,2015-01-31T14:00:35Z
devonhour.com,https://plaintextoffenders.com/post/109746305418/devonhourcom-local-event-listing-they-kindly,2015-02-01T06:00:25Z
arriba.hu,https://plaintextoffenders.com/post/109770348759/arribahu-food-stand-and-delivery-service-editors,2015-02-01T14:00:00Z
esea.net,https://plaintextoffenders.com/post/109876108628/eseanet-esports-league,2015-02-02T14:00:40Z
dubinterviewer.com,https://plaintextoffenders.com/post/109954872776/frostcom-dubinterviewercom-growth-consulting,2015-02-03T06:00:20Z
frost.com,https://plaintextoffenders.com/post/109954872776/frostcom-dubinterviewercom-growth-consulting,2015-02-03T06:00:20Z
ovh.com,https://plaintextoffenders.com/post/109975336585/ovhcom-web-hosting-number-one-host-of-spam-in,2015-02-03T14:00:21Z
3rdmilclassrooms.com,https://plaintextoffenders.com/post/110048161168/3rdmilclassroomscom-drugs-and-alcohol-awareness,2015-02-04T06:00:15Z
entropiapartners.com,https://plaintextoffenders.com/post/110067851191/entropiapartnerscom-microtasks-for-virtual,2015-02-04T14:00:23Z
sms-gagnant.ch,https://plaintextoffenders.com/post/110139484823/sms-gagnantch-promotions-platform-this-is-the,2015-02-05T06:00:09Z
warholstore.com,https://plaintextoffenders.com/post/110159072329/warholstorecom-museum-gift-shop-with-my,2015-02-05T14:00:44Z
oddpuzzles.dk,https://plaintextoffenders.com/post/110229989184/oddpuzzlesdk-puzzles-editors-note-not-our,2015-02-06T06:00:22Z
v2cigs.com,https://plaintextoffenders.com/post/110249627918/v2cigscom-electronic-cigarettes,2015-02-06T14:00:32Z
whispernumber.com,https://plaintextoffenders.com/post/110317639638/whispernumbercom-market-analysis-to-get-any,2015-02-07T06:00:33Z
watchthatpage.com,https://plaintextoffenders.com/post/110339188012/watchthatpagecom-webpage-change-notification,2015-02-07T14:00:21Z
2xubrasil.com,https://plaintextoffenders.com/post/110413040455/2xucom-2xuit-2xushopcouk-2xu-russiaru-2xu,2015-02-08T06:00:18Z
2xu.co.nz,https://plaintextoffenders.com/post/110413040455/2xucom-2xuit-2xushopcouk-2xu-russiaru-2xu,2015-02-08T06:00:18Z
2xu.com.au,https://plaintextoffenders.com/post/110413040455/2xucom-2xuit-2xushopcouk-2xu-russiaru-2xu,2015-02-08T06:00:18Z
2xu.kr,https://plaintextoffenders.com/post/110413040455/2xucom-2xuit-2xushopcouk-2xu-russiaru-2xu,2015-02-08T06:00:18Z
2xu.jp,https://plaintextoffenders.com/post/110413040455/2xucom-2xuit-2xushopcouk-2xu-russiaru-2xu,2015-02-08T06:00:18Z
2xu.co.za,https://plaintextoffenders.com/post/110413040455/2xucom-2xuit-2xushopcouk-2xu-russiaru-2xu,2015-02-08T06:00:18Z
2xu.com.hk,https://plaintextoffenders.com/post/110413040455/2xucom-2xuit-2xushopcouk-2xu-russiaru-2xu,2015-02-08T06:00:18Z
2xu-russia.ru,https://plaintextoffenders.com/post/110413040455/2xucom-2xuit-2xushopcouk-2xu-russiaru-2xu,2015-02-08T06:00:18Z
2xushop.co.uk,https://plaintextoffenders.com/post/110413040455/2xucom-2xuit-2xushopcouk-2xu-russiaru-2xu,2015-02-08T06:00:18Z
2xu.it,https://plaintextoffenders.com/post/110413040455/2xucom-2xuit-2xushopcouk-2xu-russiaru-2xu,2015-02-08T06:00:18Z
2xu.com,https://plaintextoffenders.com/post/110413040455/2xucom-2xuit-2xushopcouk-2xu-russiaru-2xu,2015-02-08T06:00:18Z
wacom.com.eu,https://plaintextoffenders.com/post/110436709255/wacomcomeu-interactive-pen-displays-and-digital,2015-02-08T14:00:33Z
hblitherland.co.uk,https://plaintextoffenders.com/post/110517725111/hblitherlandcouk-electrical-wholesaler-sent-me,2015-02-09T06:00:35Z
drofa.ru,https://plaintextoffenders.com/post/110538223765/drofaru-publishing-house-this-is-password,2015-02-09T14:00:00Z
firstbillingservices.com,https://plaintextoffenders.com/post/110611991062/firstbillingservicescom-utility-bundling-and,2015-02-10T06:00:36Z
pharmacy2u.co.uk,https://plaintextoffenders.com/post/110631381811/pharmacy2ucouk-online-pharmacy-your-login,2015-02-10T14:00:25Z
easybowl.com,https://plaintextoffenders.com/post/110701810498/belmateobowlcom-easybowlcom-bowling-alley,2015-02-11T06:00:36Z
belmateobowl.com,https://plaintextoffenders.com/post/110701810498/belmateobowlcom-easybowlcom-bowling-alley,2015-02-11T06:00:36Z
quicklens.com.au,https://plaintextoffenders.com/post/110721055974/quicklenscomau-contact-lenses-password,2015-02-11T14:00:39Z
calmradio.com,https://plaintextoffenders.com/post/110790484685/calmradiocom-internet-radio-subscription,2015-02-12T06:00:35Z
liv.asn.au,https://plaintextoffenders.com/post/110809143146/livasnau-professional-association-sends,2015-02-12T14:00:15Z
sourceforge.net,https://plaintextoffenders.com/post/110877111090/sourceforgenet-source-code-repository,2015-02-13T06:00:09Z
freedomain.co.nr,https://plaintextoffenders.com/post/110896228738/freedomainconr-domain-name-registrar-why-would-i,2015-02-13T14:00:40Z
carr.org,https://plaintextoffenders.com/post/111023614266/iiicom-polarislibrarycom-carrorg-library,2015-02-14T06:00:00Z
polarislibrary.com,https://plaintextoffenders.com/post/111023614266/iiicom-polarislibrarycom-carrorg-library,2015-02-14T06:00:00Z
iii.com,https://plaintextoffenders.com/post/111023614266/iiicom-polarislibrarycom-carrorg-library,2015-02-14T06:00:00Z
moddiy.com,https://plaintextoffenders.com/post/111053025119/moddiycom-pc-modding-supplies,2015-02-15T06:00:24Z
cloudatcost.com,https://plaintextoffenders.com/post/111075201329/cloudatcostcom-vps-upon-registration-order-they,2015-02-15T14:00:36Z
digitallook.com,https://plaintextoffenders.com/post/111154055752/digitallookcom-private-investor-tools-and,2015-02-16T06:00:10Z
clarochile.cl,https://plaintextoffenders.com/post/111176028130/clarochilecl-telecommunications-forgot-password,2015-02-16T14:00:20Z
readysim.com,https://plaintextoffenders.com/post/111255415845/readysimcom-prepaid-sim-cards-this-is-the-email,2015-02-17T06:00:09Z
slowfood.it,https://plaintextoffenders.com/post/111276684053/slowfoodit-cuisine-non-profit-confirmation-of,2015-02-17T14:00:25Z
fasthostingdirect.co.uk,https://plaintextoffenders.com/post/111373033932/fasthostingdirectcouk-web-hosting-and-domain,2015-02-18T14:00:15Z
swagelok.com,https://plaintextoffenders.com/post/111446918655/swagelokcom-plumbing-supplies-this-is-the-email,2015-02-19T06:00:17Z
psgonline.co.za,https://plaintextoffenders.com/post/111467549228/psgonlinecoza-online-trading-investment,2015-02-19T14:00:43Z
airbagan.com,https://plaintextoffenders.com/post/111541209757/airbagancom-airline,2015-02-20T06:00:16Z
smartwool.com,https://plaintextoffenders.com/post/111562026632/smartwoolcom-clothing-and-socks-very-generous,2015-02-20T14:00:36Z
ejay.com,https://plaintextoffenders.com/post/111633514244/ejaydancecom-ejaycom-audio-and-video-software,2015-02-21T06:00:16Z
ejaydance.com,https://plaintextoffenders.com/post/111633514244/ejaydancecom-ejaycom-audio-and-video-software,2015-02-21T06:00:16Z
guzel.net.tr,https://plaintextoffenders.com/post/111655604350/guzelnettr-web-hosting,2015-02-21T14:00:43Z
yousay.co.nz,https://plaintextoffenders.com/post/111732113040/yousayconz-surveys-not-only-do-they-email-your,2015-02-22T06:00:29Z
famestreet.com,https://plaintextoffenders.com/post/111756108572/famestreetcom-auditions-and-movie-jobs-they-dont,2015-02-22T14:00:31Z
aliceinvideoland.co.nz,https://plaintextoffenders.com/post/111838711090/aliceinvideolandconz-video-store-they-do-not,2015-02-23T06:00:35Z
americanmusical.com,https://plaintextoffenders.com/post/111859445012/americanmusicalcom-music-supplies-they-sent-me,2015-02-23T14:00:26Z
zenon.net,https://plaintextoffenders.com/post/111932942581/ruru-zmailru-idru-goru-quakeru-zenonnet,2015-02-24T06:00:22Z
quake.ru,https://plaintextoffenders.com/post/111932942581/ruru-zmailru-idru-goru-quakeru-zenonnet,2015-02-24T06:00:22Z
go.ru,https://plaintextoffenders.com/post/111932942581/ruru-zmailru-idru-goru-quakeru-zenonnet,2015-02-24T06:00:22Z
id.ru,https://plaintextoffenders.com/post/111932942581/ruru-zmailru-idru-goru-quakeru-zenonnet,2015-02-24T06:00:22Z
zmail.ru,https://plaintextoffenders.com/post/111932942581/ruru-zmailru-idru-goru-quakeru-zenonnet,2015-02-24T06:00:22Z
ru.ru,https://plaintextoffenders.com/post/111932942581/ruru-zmailru-idru-goru-quakeru-zenonnet,2015-02-24T06:00:22Z
secretescapes.com,https://plaintextoffenders.com/post/111952351998/secretescapescom-hotel-booking-they-dont-even,2015-02-24T14:00:35Z
welovefine.com,https://plaintextoffenders.com/post/112024475081/welovefinecom-pop-culture-clothing-and,2015-02-25T06:00:22Z
charlottesville.org,https://plaintextoffenders.com/post/112043625327/charlottesvilleorg-city-government-city-parks-and,2015-02-25T14:00:18Z
sensecreative.co.uk,https://plaintextoffenders.com/post/112114259109/sensecreativecouk-printers-received-this-email,2015-02-26T06:00:13Z
sharpenergy.com,https://plaintextoffenders.com/post/112133151210/sharpenergycom-gas-service,2015-02-26T14:00:14Z
askbestdoctors.com,https://plaintextoffenders.com/post/112222428297/askbestdoctorscom-medical-information-emails-you,2015-02-27T14:00:28Z
thecampushub.com,https://plaintextoffenders.com/post/112291160278/bcitbookstoreca-thecampushubcom-bookstore-they,2015-02-28T06:00:33Z
bcitbookstore.ca,https://plaintextoffenders.com/post/112291160278/bcitbookstoreca-thecampushubcom-bookstore-they,2015-02-28T06:00:33Z
your-server.de,https://plaintextoffenders.com/post/112312624004/hetznerde-your-serverde-web-hosting-they-send,2015-02-28T14:00:42Z
hetzner.de,https://plaintextoffenders.com/post/112312624004/hetznerde-your-serverde-web-hosting-they-send,2015-02-28T14:00:42Z
rewardsforthoughts.co.uk,https://plaintextoffenders.com/post/112386597943/rewardsforthoughtscouk-surveys,2015-03-01T06:00:23Z
1105media.com,https://plaintextoffenders.com/post/112410214025/fcwcom-1105mediacom-publishers,2015-03-01T14:00:35Z
fcw.com,https://plaintextoffenders.com/post/112410214025/fcwcom-1105mediacom-publishers,2015-03-01T14:00:35Z
cartrade.com,https://plaintextoffenders.com/post/112491635481/cartradecom-used-cars-1-plain-text-password-2,2015-03-02T06:00:28Z
corset-story.com,https://plaintextoffenders.com/post/112511782911/corset-storycom-clothes-and-accessories-cleartext,2015-03-02T14:00:26Z
cashbackcat.com,https://plaintextoffenders.com/post/112584010336/cashbackcatcom-coupon-and-rebates,2015-03-03T06:00:29Z
cuttingcoupons.net,https://plaintextoffenders.com/post/112603086963/cuttingcouponsnet-rebates-coupons-and-cashback,2015-03-03T14:00:36Z
rebategiant.com,https://plaintextoffenders.com/post/112674330448/rebategiantcom-rebates-and-coupons,2015-03-04T06:00:19Z
0800provider.com,https://plaintextoffenders.com/post/112693295065/edisat-0800providercom-webhosting-and-domains,2015-03-04T14:00:15Z
edis.at,https://plaintextoffenders.com/post/112693295065/edisat-0800providercom-webhosting-and-domains,2015-03-04T14:00:15Z
shoebacca.com,https://plaintextoffenders.com/post/112764264551/shoebaccacom-discount-shoes-after-registration,2015-03-05T06:00:30Z
teabox.com,https://plaintextoffenders.com/post/112783198811/teaboxcom-tea-all-links-on-the-site-direct-to,2015-03-05T14:00:43Z
getthedance.com,https://plaintextoffenders.com/post/112865118456/getthedancecom-dance-lessons-they-sent-me-my,2015-03-06T06:00:00Z
ase-systems.com,https://plaintextoffenders.com/post/112876083679/ase-systemscom-tools-and-software-for-critical,2015-03-06T14:00:22Z
norauto.it,https://plaintextoffenders.com/post/112947875591/ilmiotagliandoaprezzonorautoit-ilmionorautoit,2015-03-07T06:00:33Z
ilmionorauto.it,https://plaintextoffenders.com/post/112947875591/ilmiotagliandoaprezzonorautoit-ilmionorautoit,2015-03-07T06:00:33Z
ilmiotagliandoaprezzonorauto.it,https://plaintextoffenders.com/post/112947875591/ilmiotagliandoaprezzonorautoit-ilmionorautoit,2015-03-07T06:00:33Z
control.com,https://plaintextoffenders.com/post/112969724858/controlcom-industrial-control-systems,2015-03-07T14:00:38Z
vallesabbianews.com,https://plaintextoffenders.com/post/113042383044/vallesabbianewscom-local-news-sob,2015-03-08T06:00:16Z
colaska.pl,https://plaintextoffenders.com/post/113065657501/colaskapl-information-about-costs-of-services-in,2015-03-08T14:00:41Z
plas-tek.ru,https://plaintextoffenders.com/post/113145158370/shokoru-plas-tekru-coffee-house-chain-plas-tek,2015-03-09T06:00:09Z
shoko.ru,https://plaintextoffenders.com/post/113145158370/shokoru-plas-tekru-coffee-house-chain-plas-tek,2015-03-09T06:00:09Z
topbloemen.nl,https://plaintextoffenders.com/post/113164331853/topbloemenbe-topbloemennl-flowers-mail,2015-03-09T14:00:21Z
topbloemen.be,https://plaintextoffenders.com/post/113164331853/topbloemenbe-topbloemennl-flowers-mail,2015-03-09T14:00:21Z
madrid-open.com,https://plaintextoffenders.com/post/113235519151/madrid-opencom-tennis-tournament,2015-03-10T06:00:17Z
exnovoroma.it,https://plaintextoffenders.com/post/113253878850/exnovoromait-secondhand-market,2015-03-10T14:00:29Z
ivg.it,https://plaintextoffenders.com/post/113322835386/ivgit-news-sent-me-a-generated-password-which,2015-03-11T06:00:19Z
itk.hu,https://plaintextoffenders.com/post/113340714547/itkhu-language-learningthis-is-what-i-get-after,2015-03-11T14:00:28Z
malam-payroll.com,https://plaintextoffenders.com/post/113409068100/malamcom-malam-payrollcom-payroll-service,2015-03-12T06:00:17Z
malam.com,https://plaintextoffenders.com/post/113409068100/malamcom-malam-payrollcom-payroll-service,2015-03-12T06:00:17Z
registry.cu.cc,https://plaintextoffenders.com/post/113426943338/registrycucc-domain-registrar,2015-03-12T14:00:40Z
academyft.com,https://plaintextoffenders.com/post/113511279544/academyftcom-online-classes,2015-03-13T14:00:31Z
cipd.co.uk,https://plaintextoffenders.com/post/113576312416/cipdcouk-professional-association-they-send-you,2015-03-14T06:00:24Z
baselondon.co.uk,https://plaintextoffenders.com/post/113596618572/baselondoncouk-shoes,2015-03-14T14:00:39Z
gulfislandsdriftwood.com,https://plaintextoffenders.com/post/113667228043/gulfislandsdriftwoodcom-community-newspaper-after,2015-03-15T06:00:31Z
dominos.com.my,https://plaintextoffenders.com/post/113689189737/dominoscommy-pizza,2015-03-15T14:00:25Z
vanschaik.com,https://plaintextoffenders.com/post/113766220139/vanschaikcom-books,2015-03-16T06:00:17Z
reprapdiscount.com,https://plaintextoffenders.com/post/113784925632/reprapdiscountcom-3d-printing-accessories,2015-03-16T14:00:27Z
servomagazine.com,https://plaintextoffenders.com/post/113855190444/servomagazinecom-robotics-magazine-editors,2015-03-17T06:00:29Z
decathlon.com.tr,https://plaintextoffenders.com/post/113873027146/decathlonbe-decathlonde-decathloncomau-decat,2015-03-17T14:00:18Z
decathlon.ru,https://plaintextoffenders.com/post/113873027146/decathlonbe-decathlonde-decathloncomau-decat,2015-03-17T14:00:18Z
decathlon.pt,https://plaintextoffenders.com/post/113873027146/decathlonbe-decathlonde-decathloncomau-decat,2015-03-17T14:00:18Z
decathlon.pl,https://plaintextoffenders.com/post/113873027146/decathlonbe-decathlonde-decathloncomau-decat,2015-03-17T14:00:18Z
decathlon.nl,https://plaintextoffenders.com/post/113873027146/decathlonbe-decathlonde-decathloncomau-decat,2015-03-17T14:00:18Z
decathlon.it,https://plaintextoffenders.com/post/113873027146/decathlonbe-decathlonde-decathloncomau-decat,2015-03-17T14:00:18Z
decathlon.co.uk,https://plaintextoffenders.com/post/113873027146/decathlonbe-decathlonde-decathloncomau-decat,2015-03-17T14:00:18Z
decathlon.fr,https://plaintextoffenders.com/post/113873027146/decathlonbe-decathlonde-decathloncomau-decat,2015-03-17T14:00:18Z
decathlon.es,https://plaintextoffenders.com/post/113873027146/decathlonbe-decathlonde-decathloncomau-decat,2015-03-17T14:00:18Z
decathlon.com.au,https://plaintextoffenders.com/post/113873027146/decathlonbe-decathlonde-decathloncomau-decat,2015-03-17T14:00:18Z
decathlon.de,https://plaintextoffenders.com/post/113873027146/decathlonbe-decathlonde-decathloncomau-decat,2015-03-17T14:00:18Z
decathlon.be,https://plaintextoffenders.com/post/113873027146/decathlonbe-decathlonde-decathloncomau-decat,2015-03-17T14:00:18Z
crystalmn.gov,https://plaintextoffenders.com/post/113940518761/crystalmngov-city-government-their,2015-03-18T06:00:19Z
simmarket.com,https://plaintextoffenders.com/post/113958137486/simmarketcom-simulation-video-games,2015-03-18T14:00:15Z
silverstone.co.uk,https://plaintextoffenders.com/post/114026956948/silverstonecouk-racing-circuit-they-return-your,2015-03-19T06:00:35Z
manpower.nl,https://plaintextoffenders.com/post/114044830943/manpowernl-human-resource-consulting-firm-sends,2015-03-19T14:00:27Z
allarms.co.uk,https://plaintextoffenders.com/post/114112079830/allarmscouk-airsoft-army-surplus-the-recover,2015-03-20T06:00:13Z
govoutreach.com,https://plaintextoffenders.com/post/114130015266/govoutreachcom-software-for-city-governments-this,2015-03-20T14:00:13Z
texecom.com,https://plaintextoffenders.com/post/114196875408/texecom-texecomcom-alarm-systems-they-sent-an,2015-03-21T06:00:31Z
texe.com,https://plaintextoffenders.com/post/114196875408/texecom-texecomcom-alarm-systems-they-sent-an,2015-03-21T06:00:31Z
brandchirp.com,https://plaintextoffenders.com/post/114217353705/brandchirpcom-social-media-marketing-service,2015-03-21T14:00:13Z
but.fr,https://plaintextoffenders.com/post/114287821595/butfr-home-wares,2015-03-22T06:00:28Z
gak.co.uk,https://plaintextoffenders.com/post/114309965224/gakcouk-musical-instruments-and-accessories,2015-03-22T14:00:10Z
astroshopurania.be,https://plaintextoffenders.com/post/114386940157/astroshopuraniabe-astronomy-products-and-gadgets,2015-03-23T06:00:35Z
ukhost4u.co.uk,https://plaintextoffenders.com/post/114405648606/ukhost4ucom-ukhost4ucouk-web-hosting-they-sure,2015-03-23T14:00:17Z
ukhost4u.com,https://plaintextoffenders.com/post/114405648606/ukhost4ucom-ukhost4ucouk-web-hosting-they-sure,2015-03-23T14:00:17Z
wearedaft.co.uk,https://plaintextoffenders.com/post/114479524651/wearedaftcom-wearedaftcouk-independent-design,2015-03-24T06:00:00Z
wearedaft.com,https://plaintextoffenders.com/post/114479524651/wearedaftcom-wearedaftcouk-independent-design,2015-03-24T06:00:00Z
thenewsletterplugin.com,https://plaintextoffenders.com/post/114493744419/thenewsletterplugincom-blog-plugin-upon,2015-03-24T14:00:24Z
vodafone.com,https://plaintextoffenders.com/post/114567687501/myvodafonemt-vodafonecom-telecommunications,2015-03-25T06:00:00Z
myvodafone.mt,https://plaintextoffenders.com/post/114567687501/myvodafonemt-vodafonecom-telecommunications,2015-03-25T06:00:00Z
truelancer.in,https://plaintextoffenders.com/post/114570998847/truelancercom-truelancerin-freelancing-jobs-i,2015-03-25T10:00:35Z
truelancer.com,https://plaintextoffenders.com/post/114570998847/truelancercom-truelancerin-freelancing-jobs-i,2015-03-25T10:00:35Z
leoofficesupplies.co.uk,https://plaintextoffenders.com/post/114659205620/leoofficesuppliescouk-office-supplies-this-email,2015-03-26T10:00:26Z
careermatch-uk.com,https://plaintextoffenders.com/post/114745092912/careermatch-ukcom-online-training-courses-two,2015-03-27T10:00:24Z
tvrage.com,https://plaintextoffenders.com/post/114828242183/tvragecom-television-reference-guide,2015-03-28T09:00:21Z
santu.com,https://plaintextoffenders.com/post/114919406250/printtecnl-santucom-electronics-supplies-sends,2015-03-29T09:00:14Z
printtec.nl,https://plaintextoffenders.com/post/114919406250/printtecnl-santucom-electronics-supplies-sends,2015-03-29T09:00:14Z
rubbermagazijn.nl,https://plaintextoffenders.com/post/115016922026/rubbermagazijnnl-rubber-and-foam-tiles-tubes-and,2015-03-30T09:00:28Z
whitelabelpros.com,https://plaintextoffenders.com/post/115107876711/hookupcom-whitelabelproscom-dating-i-had-been,2015-03-31T09:00:24Z
hookup.com,https://plaintextoffenders.com/post/115107876711/hookupcom-whitelabelproscom-dating-i-had-been,2015-03-31T09:00:24Z
chili.tv,https://plaintextoffenders.com/post/115197084159/chilitv-on-demand-video-this-is-the-mail-i-got,2015-04-01T09:00:36Z
coachingassembly.com,https://plaintextoffenders.com/post/115284056424/coachingassemblycom-recruitment-website-for-the,2015-04-02T09:00:33Z
firmiamo.it,https://plaintextoffenders.com/post/115373618624/firmiamoit-online-petitions-they-created-a,2015-04-03T09:00:09Z
arbitersports.biz,https://plaintextoffenders.com/post/115471084396/arbitersportscom-arbitersportsbiz-athletic,2015-04-04T09:00:00Z
arbitersports.com,https://plaintextoffenders.com/post/115471084396/arbitersportscom-arbitersportsbiz-athletic,2015-04-04T09:00:00Z
24studio.co.uk,https://plaintextoffenders.com/post/115557208535/24studiocouk-home-shopping-email-following-a,2015-04-05T09:01:16Z
lycatalk.us,https://plaintextoffenders.com/post/115654179513/lycatalkca-lycatalkcom-lycatalkbe,2015-04-06T09:00:26Z
lycatalk.co.uk,https://plaintextoffenders.com/post/115654179513/lycatalkca-lycatalkcom-lycatalkbe,2015-04-06T09:00:26Z
lycatalk.ch,https://plaintextoffenders.com/post/115654179513/lycatalkca-lycatalkcom-lycatalkbe,2015-04-06T09:00:26Z
lycatalk.se,https://plaintextoffenders.com/post/115654179513/lycatalkca-lycatalkcom-lycatalkbe,2015-04-06T09:00:26Z
lycatalk.es,https://plaintextoffenders.com/post/115654179513/lycatalkca-lycatalkcom-lycatalkbe,2015-04-06T09:00:26Z
lyca-talk.no,https://plaintextoffenders.com/post/115654179513/lycatalkca-lycatalkcom-lycatalkbe,2015-04-06T09:00:26Z
lycatalk.it,https://plaintextoffenders.com/post/115654179513/lycatalkca-lycatalkcom-lycatalkbe,2015-04-06T09:00:26Z
lycatalk.de,https://plaintextoffenders.com/post/115654179513/lycatalkca-lycatalkcom-lycatalkbe,2015-04-06T09:00:26Z
lycatalk.dk,https://plaintextoffenders.com/post/115654179513/lycatalkca-lycatalkcom-lycatalkbe,2015-04-06T09:00:26Z
lycatalk.be,https://plaintextoffenders.com/post/115654179513/lycatalkca-lycatalkcom-lycatalkbe,2015-04-06T09:00:26Z
lycatalk.com,https://plaintextoffenders.com/post/115654179513/lycatalkca-lycatalkcom-lycatalkbe,2015-04-06T09:00:26Z
lycatalk.ca,https://plaintextoffenders.com/post/115654179513/lycatalkca-lycatalkcom-lycatalkbe,2015-04-06T09:00:26Z
jeux-descartes.fr,https://plaintextoffenders.com/post/115737028388/jeux-descartesfr-board-games-also-dat-email,2015-04-07T05:00:26Z
miamibeachfl.gov,https://plaintextoffenders.com/post/115757885623/miamibeachflgov-city-government-excellent,2015-04-07T13:00:23Z
bpost.be,https://plaintextoffenders.com/post/115827884648/bpostbe-postal-service-this-e-mail-was-sent-to-me,2015-04-08T05:00:13Z
loonoutdoors.com,https://plaintextoffenders.com/post/115847995139/loonoutdoorscom-fishing-products-signup-email,2015-04-08T13:00:23Z
workrite.co.uk,https://plaintextoffenders.com/post/115917154556/workritecouk-online-training-during-my-day-at,2015-04-09T05:00:32Z
rakkup.com,https://plaintextoffenders.com/post/115936941135/rakkupcom-climbing-guidebooks-registration,2015-04-09T13:00:17Z
tug2.net,https://plaintextoffenders.com/post/116004888974/tug2com-tug2net-timeshare-users-group,2015-04-10T05:00:33Z
tug2.com,https://plaintextoffenders.com/post/116004888974/tug2com-tug2net-timeshare-users-group,2015-04-10T05:00:33Z
host.ie,https://plaintextoffenders.com/post/116024482292/digiwebie-hostie-telecommuications-this-email,2015-04-10T13:00:34Z
digiweb.ie,https://plaintextoffenders.com/post/116024482292/digiwebie-hostie-telecommuications-this-email,2015-04-10T13:00:34Z
memorials.com,https://plaintextoffenders.com/post/116089091355/memorialscom-funeral-and-memorial-wares-clicked,2015-04-11T05:00:11Z
castro.co.il,https://plaintextoffenders.com/post/116109701982/castrocom-castrocoil-fashion-brand-a-welcome,2015-04-11T13:00:36Z
castro.com,https://plaintextoffenders.com/post/116109701982/castrocom-castrocoil-fashion-brand-a-welcome,2015-04-11T13:00:36Z
sonicacademy.com,https://plaintextoffenders.com/post/116176913044/sonicacademycom-music-tutorials-this-is-a,2015-04-12T05:00:23Z
compasshrm.com,https://plaintextoffenders.com/post/116199240043/tgsnapshotcom-compasshrmcom-human-resource,2015-04-12T13:00:33Z
tgsnapshot.com,https://plaintextoffenders.com/post/116199240043/tgsnapshotcom-compasshrmcom-human-resource,2015-04-12T13:00:33Z
rpgshop.com,https://plaintextoffenders.com/post/116273621411/rpgshopcom-role-playing-games-got-this-mail-upon,2015-04-13T05:00:28Z
dixonscarphonegroup.com,https://plaintextoffenders.com/post/116293201695/carphonewarehousecom-cpwplccom-dixonscarphonegr,2015-04-13T13:00:36Z
cpwplc.com,https://plaintextoffenders.com/post/116293201695/carphonewarehousecom-cpwplccom-dixonscarphonegr,2015-04-13T13:00:36Z
carphonewarehouse.com,https://plaintextoffenders.com/post/116293201695/carphonewarehousecom-cpwplccom-dixonscarphonegr,2015-04-13T13:00:36Z
petwatchman.com,https://plaintextoffenders.com/post/116360926525/petwatchmancom-pet-sitter-surveillance,2015-04-14T05:00:30Z
joysteaspoon.com,https://plaintextoffenders.com/post/116379590051/joysteaspooncom-tea-shop-sending-me-plain-text,2015-04-14T13:00:19Z
calicolaine.co.uk,https://plaintextoffenders.com/post/116445712458/calicolainecouk-fabrics-dear-calico-laine-i,2015-04-15T05:00:09Z
tutorfinder.com.au,https://plaintextoffenders.com/post/116464064973/tutorfindercomau-private-tutors,2015-04-15T13:00:41Z
heart.org,https://plaintextoffenders.com/post/116533063343/heartorg-medical-non-profit,2015-04-16T05:00:25Z
infoq.com,https://plaintextoffenders.com/post/116552531917/infoqcom-software-knowledge-sharing-this-is-a-two,2015-04-16T13:00:43Z
pharmacydirect.co.nz,https://plaintextoffenders.com/post/116620572413/pharmacydirectconz-online-pharmacy-when-i,2015-04-17T05:00:14Z
airservicesaustralia.com,https://plaintextoffenders.com/post/116639634817/airservicesaustraliacom-aviation-services,2015-04-17T13:00:42Z
ticketnew.com,https://plaintextoffenders.com/post/116702496606/ticketnewcom-ticketing,2015-04-18T05:00:32Z
joebrowns.co.uk,https://plaintextoffenders.com/post/116723187453/joebrownscouk-mail-order-catalogue-dont,2015-04-18T13:00:33Z
amazingpictures.com,https://plaintextoffenders.com/post/116790161976/amazingpicturescom-mall-photo-service-i-guess-i,2015-04-19T05:00:27Z
ilmigliore.com.au,https://plaintextoffenders.com/post/116812497463/ilmigliorecomau-sweets,2015-04-19T13:00:20Z
angelcigs.com,https://plaintextoffenders.com/post/116888094555/angelcigscom-electronic-cigarettes-editors,2015-04-20T05:00:25Z
propertyguru.com.sg,https://plaintextoffenders.com/post/116907564100/propertygurucomsg-property-listings,2015-04-20T13:00:26Z
blackchippoker.eu,https://plaintextoffenders.com/post/116976727557/blackchippokereu-online-poker-emailing-password,2015-04-21T05:00:32Z
fahrschulcard.de,https://plaintextoffenders.com/post/116995285132/fahrschulcardde-driving-school-online-learning,2015-04-21T13:00:33Z
salsalabs.com,https://plaintextoffenders.com/post/117062644462/salsalabscom-fundraising-software-for-non-profits,2015-04-22T05:00:20Z
myevaluations.com,https://plaintextoffenders.com/post/117081002229/myevaluationscom-education-management-software,2015-04-22T13:00:22Z
buyme.co.il,https://plaintextoffenders.com/post/117147370435/buymecoil-gifts-gotta-love-that-line-break-in,2015-04-23T05:00:36Z
meal4u.dk,https://plaintextoffenders.com/post/117166095721/byenspizzaogpastahousedk-meal4udk-food-delivery,2015-04-23T13:00:35Z
byenspizzaogpastahouse.dk,https://plaintextoffenders.com/post/117166095721/byenspizzaogpastahousedk-meal4udk-food-delivery,2015-04-23T13:00:35Z
optimizr.net,https://plaintextoffenders.com/post/117231000301/optimizrcom-optimizrnet-website-optimization,2015-04-24T05:00:13Z
optimizr.com,https://plaintextoffenders.com/post/117231000301/optimizrcom-optimizrnet-website-optimization,2015-04-24T05:00:13Z
incontrolproductions.net,https://plaintextoffenders.com/post/117249131362/incontrolproductionscom-incontrolproductionsnet,2015-04-24T13:00:32Z
incontrolproductions.com,https://plaintextoffenders.com/post/117249131362/incontrolproductionscom-incontrolproductionsnet,2015-04-24T13:00:32Z
signwaves.co.uk,https://plaintextoffenders.com/post/117311320140/signwavescouk-point-of-sale-signs-yet-another,2015-04-25T05:00:29Z
area-entertainment.de,https://plaintextoffenders.com/post/117398470588/noteworksde-interactive-areacom,2015-04-26T05:00:35Z
interactive-area.com,https://plaintextoffenders.com/post/117398470588/noteworksde-interactive-areacom,2015-04-26T05:00:35Z
noteworks.de,https://plaintextoffenders.com/post/117398470588/noteworksde-interactive-areacom,2015-04-26T05:00:35Z
meslacets.com,https://plaintextoffenders.com/post/117420658408/meslacetscom-shoelaces,2015-04-26T13:00:40Z
warofcreation.com,https://plaintextoffenders.com/post/117494585258/warofcreationcom-mmorpg-sends-password-in,2015-04-27T05:00:33Z
bca-group.com,https://plaintextoffenders.com/post/117514028224/british-car-auctionscouk-bca-groupcom-vehicle,2015-04-27T13:00:47Z
british-car-auctions.co.uk,https://plaintextoffenders.com/post/117514028224/british-car-auctionscouk-bca-groupcom-vehicle,2015-04-27T13:00:47Z
prepar3d.com,https://plaintextoffenders.com/post/117581894269/prepar3dcom-simulation-software,2015-04-28T05:00:20Z
dodo.com,https://plaintextoffenders.com/post/117600346736/dodocom-telecommunications-one-of-the-largest,2015-04-28T13:00:34Z
northridge4x4.ca,https://plaintextoffenders.com/post/117666664622/northridge4x4com-northridge4x4ca-4x4-equipment,2015-04-29T05:00:25Z
northridge4x4.com,https://plaintextoffenders.com/post/117666664622/northridge4x4com-northridge4x4ca-4x4-equipment,2015-04-29T05:00:25Z
simfyafrica.com,https://plaintextoffenders.com/post/117685362208/simfycoza-simfyafricacom-music-service,2015-04-29T13:00:33Z
simfy.co.za,https://plaintextoffenders.com/post/117685362208/simfycoza-simfyafricacom-music-service,2015-04-29T13:00:33Z
lunatickets.co.uk,https://plaintextoffenders.com/post/117750707689/lunaticketscouk-event-tickets,2015-04-30T05:00:30Z
lightandmotion.com,https://plaintextoffenders.com/post/117769205212/lightandmotioncom-lighting-another-welcome,2015-04-30T13:00:18Z
ap.org,https://plaintextoffenders.com/post/117831911527/apimagescom-aporg-news-agency,2015-05-01T05:00:19Z
apimages.com,https://plaintextoffenders.com/post/117831911527/apimagescom-aporg-news-agency,2015-05-01T05:00:19Z
arcadeprehacks.com,https://plaintextoffenders.com/post/117852035100/arcadeprehackscom-flash-games-sending-plaintext,2015-05-01T13:00:26Z
square-enix.com,https://plaintextoffenders.com/post/117913899815/square-enixcom-video-game-publishers-reminder,2015-05-02T05:00:32Z
gha.com,https://plaintextoffenders.com/post/117934075736/ghacom-hotel-loyalty-program-signing-up-for-the,2015-05-02T13:00:24Z
zurichcorporatepensions.co.uk,https://plaintextoffenders.com/post/117998029660/zurichcorporatepensionscouk-pension-provider-my,2015-05-03T05:00:32Z
ghinconnect.com,https://plaintextoffenders.com/post/118019608176/ghincom-ghinconnectcom-golf-information-after,2015-05-03T13:00:21Z
ghin.com,https://plaintextoffenders.com/post/118019608176/ghincom-ghinconnectcom-golf-information-after,2015-05-03T13:00:21Z
ferrari.com,https://plaintextoffenders.com/post/118091615348/ferraricom-car-manufacturer,2015-05-04T05:00:15Z
gcn.com,https://plaintextoffenders.com/post/118111586505/gcncom-publication-they-sent-my-plain-text,2015-05-04T13:00:20Z
kantoorvakhandelhofte.nl,https://plaintextoffenders.com/post/118178410498/kantoorvakhandelhoftenl-office-supplies-they-sent,2015-05-05T05:00:28Z
valpak.com,https://plaintextoffenders.com/post/118197008360/valpakcom-online-business-center-if-you-use-the,2015-05-05T13:00:46Z
helixstudios.net,https://plaintextoffenders.com/post/118261330388/helixstudioscom-helixstudiosnet-pornography,2015-05-06T05:00:21Z
helixstudios.com,https://plaintextoffenders.com/post/118261330388/helixstudioscom-helixstudiosnet-pornography,2015-05-06T05:00:21Z
trafficschoolaffiliate.com,https://plaintextoffenders.com/post/118279257468/sfbaytvscom,2015-05-06T13:00:23Z
trafficeducation.net,https://plaintextoffenders.com/post/118279257468/sfbaytvscom,2015-05-06T13:00:23Z
sfbaytvs.com,https://plaintextoffenders.com/post/118279257468/sfbaytvscom,2015-05-06T13:00:23Z
splitscreen-games.com,https://plaintextoffenders.com/post/118343188253/splitscreenstudioscom-splitscreen-gamescom,2015-05-07T05:00:16Z
splitscreenstudios.com,https://plaintextoffenders.com/post/118343188253/splitscreenstudioscom-splitscreen-gamescom,2015-05-07T05:00:16Z
flightradar24.com,https://plaintextoffenders.com/post/118360992277/flightradar24com-flight-tracking-website-when,2015-05-07T13:00:46Z
pearson.com,https://plaintextoffenders.com/post/118422576182/peoplecertorg-pearsonvuecom-pearsoncom,2015-05-08T05:00:35Z
pearsonvue.com,https://plaintextoffenders.com/post/118422576182/peoplecertorg-pearsonvuecom-pearsoncom,2015-05-08T05:00:35Z
peoplecert.org,https://plaintextoffenders.com/post/118422576182/peoplecertorg-pearsonvuecom-pearsoncom,2015-05-08T05:00:35Z
grow.ms,https://plaintextoffenders.com/post/118440547624/growms-job-board,2015-05-08T13:00:22Z
bmcargo.com.co,https://plaintextoffenders.com/post/118500255723/bmcargocom-bmcargocomco-freight-company-dear,2015-05-09T05:00:34Z
bmcargo.com,https://plaintextoffenders.com/post/118500255723/bmcargocom-bmcargocomco-freight-company-dear,2015-05-09T05:00:34Z
netwerkgelderland.nl,https://plaintextoffenders.com/post/118519750324/netwerkgelderlandnl-entrepreneurship-network,2015-05-09T13:00:33Z
yupptv.in,https://plaintextoffenders.com/post/118583157815/yupptvcom-yupptvin-live-tv-thank-you-for,2015-05-10T05:00:35Z
yupptv.com,https://plaintextoffenders.com/post/118583157815/yupptvcom-yupptvin-live-tv-thank-you-for,2015-05-10T05:00:35Z
everydaycarry.com,https://plaintextoffenders.com/post/118604367237/everydaycarrycom-product-discovery,2015-05-10T13:00:28Z
malasyaairlines.com,https://plaintextoffenders.com/post/118673882819/malasyaairlinescom-airline-thanks-for-helpfully,2015-05-11T05:00:27Z
evoice.co.uk,https://plaintextoffenders.com/post/118692959734/evoicecouk-telecommunications-service-they-send,2015-05-11T13:00:44Z
muastore.co.uk,https://plaintextoffenders.com/post/118758443824/muastorecouk-makeup,2015-05-12T05:00:24Z
rockstaracademy.net,https://plaintextoffenders.com/post/118777117826/rockstaracademynet-music-lessons,2015-05-12T13:01:02Z
filmandtvpro.com,https://plaintextoffenders.com/post/118842286464/filmandtvprocom-film-and-tv-networking-and-job,2015-05-13T05:00:28Z
betonline.ag,https://plaintextoffenders.com/post/118860590152/betonlineag-gambling-this-mail-arrives-10,2015-05-13T13:00:44Z
thy.com,https://plaintextoffenders.com/post/118923463125/thycom-airline-membership-club-not-only-does,2015-05-14T05:00:18Z
tools4trade.co.uk,https://plaintextoffenders.com/post/118942408118/tools4tradenet-tools4tradecouk-power-tools,2015-05-14T13:00:24Z
tools4trade.net,https://plaintextoffenders.com/post/118942408118/tools4tradenet-tools4tradecouk-power-tools,2015-05-14T13:00:24Z
fitshop.ca,https://plaintextoffenders.com/post/119005078133/fitshopca-sports-supplements-your-one-stop,2015-05-15T05:00:22Z
revolve-studio.com,https://plaintextoffenders.com/post/119023665888/vsquarebackupcom-revolve-studiocom-virtual,2015-05-15T13:00:38Z
vsquarebackup.com,https://plaintextoffenders.com/post/119023665888/vsquarebackupcom-revolve-studiocom-virtual,2015-05-15T13:00:38Z
ontransfer.ca,https://plaintextoffenders.com/post/119083291261/ontransferca-college-credit-information,2015-05-16T05:00:09Z
naviance.com,https://plaintextoffenders.com/post/119165765532/naviancecom-college-and-career-readiness,2015-05-17T05:00:12Z
oidview.com,https://plaintextoffenders.com/post/119186737489/mibapicom-oidviewcom-programming-interface-on,2015-05-17T13:00:17Z
mibapi.com,https://plaintextoffenders.com/post/119186737489/mibapicom-oidviewcom-programming-interface-on,2015-05-17T13:00:17Z
ejob.bz,https://plaintextoffenders.com/post/119256055821/talentlabcom-ejobbz-job-board-confirmation-of,2015-05-18T05:00:24Z
talentlab.com,https://plaintextoffenders.com/post/119256055821/talentlabcom-ejobbz-job-board-confirmation-of,2015-05-18T05:00:24Z
addic7ted.com,https://plaintextoffenders.com/post/119274765967/addic7tedcom-subtitles-plaintext-password-in,2015-05-18T13:00:42Z
keyence.com,https://plaintextoffenders.com/post/119338985034/keyencecom-supplier-of-sensors-measuring,2015-05-19T05:00:20Z
lmtribune.com,https://plaintextoffenders.com/post/119357659451/lmtribunecom-newspaper-they-sent-me-a-plain-text,2015-05-19T13:00:43Z
smarthome.fi,https://plaintextoffenders.com/post/119421108208/smarthomefi-smart-home-appliances,2015-05-20T05:00:31Z
laboiteajulie.com,https://plaintextoffenders.com/post/119439393543/laboiteajuliecom-housekeeping-blog,2015-05-20T13:00:38Z
thalysnet.com,https://plaintextoffenders.com/post/119501853199/thalyscom-thalysnetcom-train-service-to,2015-05-21T05:00:10Z
thalys.com,https://plaintextoffenders.com/post/119501853199/thalyscom-thalysnetcom-train-service-to,2015-05-21T05:00:10Z
randstad.co.uk,https://plaintextoffenders.com/post/119519757179/randstadcouk-contractor-recruitment-company,2015-05-21T13:00:44Z
vikinglayer.com,https://plaintextoffenders.com/post/119580922664/vikinglayercom-web-hosting-youd-expect-hosting,2015-05-22T05:00:21Z
easybus.co.uk,https://plaintextoffenders.com/post/119598700435/easybuscouk-coach-service,2015-05-22T13:00:25Z
augusoft.net,https://plaintextoffenders.com/post/119657113040/augusoftnet-college-registration-software,2015-05-23T05:00:11Z
evolveskateboards.de,https://plaintextoffenders.com/post/119676403064/evolveskateboardsde-electric-skateboards-this,2015-05-23T13:00:23Z
sweeney-kincaid.com,https://plaintextoffenders.com/post/119738861488/sweeney-kincaidcom-online-auctions,2015-05-24T05:00:18Z
brinkster.com,https://plaintextoffenders.com/post/119759540039/brinkstercom-web-hosting-infrastructure-services,2015-05-24T13:00:24Z
iltuoticket.it,https://plaintextoffenders.com/post/119825463141/iltuoticketit-ticket-printing-service-it-uses,2015-05-25T05:00:35Z
gunetwork.org,https://plaintextoffenders.com/post/119845959358/gunetworkorg-computer-gaming-and-modding,2015-05-25T13:00:28Z
collectorsquare.com,https://plaintextoffenders.com/post/119914655839/collectorsquarecom-second-hand-luxury-items,2015-05-26T05:00:26Z
registraduria.gov.co,https://plaintextoffenders.com/post/119934685222/registraduriagovco-government-agency,2015-05-26T13:00:40Z
emmasdiary.co.uk,https://plaintextoffenders.com/post/119999125384/emmasdiarycouk-baby-and-pregnancy-advice,2015-05-27T05:00:13Z
iqtest.com,https://plaintextoffenders.com/post/120018388322/iqtestcom-iq-test-in-order-to-see-the-results,2015-05-27T13:00:26Z
meincoyote.de,https://plaintextoffenders.com/post/120082285845/coyotesystemsbe-coyotesystemsnl-mycoyotenet,2015-05-28T05:00:10Z
coyote.pl,https://plaintextoffenders.com/post/120082285845/coyotesystemsbe-coyotesystemsnl-mycoyotenet,2015-05-28T05:00:10Z
mycoyote.es,https://plaintextoffenders.com/post/120082285845/coyotesystemsbe-coyotesystemsnl-mycoyotenet,2015-05-28T05:00:10Z
coyotesystems.lu,https://plaintextoffenders.com/post/120082285845/coyotesystemsbe-coyotesystemsnl-mycoyotenet,2015-05-28T05:00:10Z
mycoyote.net,https://plaintextoffenders.com/post/120082285845/coyotesystemsbe-coyotesystemsnl-mycoyotenet,2015-05-28T05:00:10Z
coyotesystems.nl,https://plaintextoffenders.com/post/120082285845/coyotesystemsbe-coyotesystemsnl-mycoyotenet,2015-05-28T05:00:10Z
coyotesystems.be,https://plaintextoffenders.com/post/120082285845/coyotesystemsbe-coyotesystemsnl-mycoyotenet,2015-05-28T05:00:10Z
torproject.org,https://plaintextoffenders.com/post/120101566170/torprojectorg-anonymity-software-this-is-an,2015-05-28T13:00:22Z
cds2helpdesk.com,https://plaintextoffenders.com/post/120164253743/irisedgov-cds2helpdeskcom-application-system,2015-05-29T05:00:08Z
iris.ed.gov,https://plaintextoffenders.com/post/120164253743/irisedgov-cds2helpdeskcom-application-system,2015-05-29T05:00:08Z
extendcp.com,https://plaintextoffenders.com/post/120183396365/fasthostingdirectcouk-extendcpcom-web-hosting,2015-05-29T13:00:28Z
pwmnet.com,https://plaintextoffenders.com/post/120243422262/pwmnetcom-financial-news,2015-05-30T05:00:34Z
roommatesuk.com,https://plaintextoffenders.com/post/120263185280/roommatesukcom-flats-and-rooms-board,2015-05-30T13:00:15Z
wedeliverlocal.co.uk,https://plaintextoffenders.com/post/120326046236/wedeliverlocalcouk-delivery-service-they-like,2015-05-31T05:00:32Z
sensual-photography.eu,https://plaintextoffenders.com/post/120347385815/sensual-photographyeu-nude-photography-gallery,2015-05-31T13:00:37Z
alt.com,https://plaintextoffenders.com/post/120417853827/altcom-dating-just-a-caution-to-the-kinky-they,2015-06-01T05:00:26Z
owasp.org,https://plaintextoffenders.com/post/120438106870/owasporg-software-security-company-editors-note,2015-06-01T13:00:42Z
swingbyswing.com,https://plaintextoffenders.com/post/120504402824/swingbyswingcom-golf-gps-and-scorecard-this-is,2015-06-02T05:00:20Z
charteredabs.org,https://plaintextoffenders.com/post/120523877364/charteredabsorg-professional-association-it,2015-06-02T13:00:39Z
isubookstore.com,https://plaintextoffenders.com/post/120608017793/isubookstorecom-university-bookstore-they-will,2015-06-03T13:00:38Z
24option.com,https://plaintextoffenders.com/post/120671518187/24optioncom-binary-options-trading-for-a-company,2015-06-04T05:00:18Z
4by6.com,https://plaintextoffenders.com/post/120690994278/4by6com-card-printing-service,2015-06-04T13:00:40Z
treasuretrooper.com,https://plaintextoffenders.com/post/120753334728/treasuretroopercom-surveys,2015-06-05T05:00:10Z
europeandomaincentre.com,https://plaintextoffenders.com/post/120772314697/europeandomaincentrecom-domain-registrar,2015-06-05T13:00:28Z
taxnetusa.com,https://plaintextoffenders.com/post/120831142415/taxnetusacom-property-tax-information-i-clicked,2015-06-06T05:00:27Z
latexexpress.com,https://plaintextoffenders.com/post/120850491361/libidexcom-libidexcouk-latexexpress-betacom,2015-06-06T13:00:43Z
latexexpress-beta.com,https://plaintextoffenders.com/post/120850491361/libidexcom-libidexcouk-latexexpress-betacom,2015-06-06T13:00:43Z
libidex.co.uk,https://plaintextoffenders.com/post/120850491361/libidexcom-libidexcouk-latexexpress-betacom,2015-06-06T13:00:43Z
libidex.com,https://plaintextoffenders.com/post/120850491361/libidexcom-libidexcouk-latexexpress-betacom,2015-06-06T13:00:43Z
hhgregg.com,https://plaintextoffenders.com/post/120911091261/hhgreggcom-appliances-hh-gregg-account-required,2015-06-07T05:00:28Z
sabbaticalhomes.com,https://plaintextoffenders.com/post/120931698599/sabbaticalhomescom-home-rental-exchange-for,2015-06-07T13:00:34Z
ishook.com,https://plaintextoffenders.com/post/120998327112/ishookcom-reading-app-signed-up-and-my-password,2015-06-08T05:00:35Z
karmaloop.com,https://plaintextoffenders.com/post/121018216209/karmaloopcom-streetwear,2015-06-08T13:00:25Z
sedruck.de,https://plaintextoffenders.com/post/121082864450/sedruckde-printing-and-book-binding-service,2015-06-09T05:00:19Z
kuwi.de,https://plaintextoffenders.com/post/121102596188/kuwide-students-social-network-if-you-forget,2015-06-09T13:00:23Z
recruitmentplatform.com,https://plaintextoffenders.com/post/121166179752/metofficegovuk-recruitmentplatformcom,2015-06-10T05:00:18Z
metoffice.gov.uk,https://plaintextoffenders.com/post/121166179752/metofficegovuk-recruitmentplatformcom,2015-06-10T05:00:18Z
valvesoftware.com,https://plaintextoffenders.com/post/121185841977/valvesoftwarecom-video-game-development-and,2015-06-10T13:00:36Z
minipc.de,https://plaintextoffenders.com/post/121248510595/minipcde-computer-hardware,2015-06-11T05:00:13Z
mredllc.com,https://plaintextoffenders.com/post/121329205892/connectmlscom-mredllccom-real-estate-home,2015-06-12T05:00:11Z
connectmls.com,https://plaintextoffenders.com/post/121329205892/connectmlscom-mredllccom-real-estate-home,2015-06-12T05:00:11Z
afbic.com,https://plaintextoffenders.com/post/121347473127/afbiccom-insurance,2015-06-12T13:00:18Z
e-hoyts.com.ar,https://plaintextoffenders.com/post/121403937011/hoytscomar-e-hoytscomar-movie-theaters,2015-06-13T05:00:35Z
hoyts.com.ar,https://plaintextoffenders.com/post/121403937011/hoytscomar-e-hoytscomar-movie-theaters,2015-06-13T05:00:35Z
anishu.com,https://plaintextoffenders.com/post/121423407414/anishucom-finance-apps-they-sent-me-my-password,2015-06-13T13:00:24Z
lenovo.com,https://plaintextoffenders.com/post/121481418825/lenovocom-computer-hardware-manufacturer-this,2015-06-14T05:00:19Z
crutchfield.ca,https://plaintextoffenders.com/post/121502101954/crutchfieldca-car-audio-and-accessories-best,2015-06-14T13:00:31Z
criminallawyers.ca,https://plaintextoffenders.com/post/121566563603/criminallawyersca-professional-association-they,2015-06-15T05:00:22Z
rasage-classique.com,https://plaintextoffenders.com/post/121605614241/rasage-classiquecom-shaving-products,2015-06-15T13:00:00Z
fia-net.com,https://plaintextoffenders.com/post/121650032342/fia-netcom-ecommerce-reviews,2015-06-16T05:00:26Z
mantality.co.za,https://plaintextoffenders.com/post/121669771064/mantalitycoza-gadgets,2015-06-16T13:00:38Z
faa.gov,https://plaintextoffenders.com/post/121752310206/faagov-government-agency-from-their-website-for,2015-06-17T13:00:34Z
speedyspeeds.com,https://plaintextoffenders.com/post/121814643917/speedyspeedscom-premium-link-generator-this,2015-06-18T05:00:32Z
networxrecruitment.com,https://plaintextoffenders.com/post/121834267402/apointpluscom-networxrecruitmentcom-recruitment,2015-06-18T13:00:19Z
apointplus.com,https://plaintextoffenders.com/post/121834267402/apointpluscom-networxrecruitmentcom-recruitment,2015-06-18T13:00:19Z
imgstg.com,https://plaintextoffenders.com/post/121896936744/adelaideunitedcomau-imgstgcom-football-club,2015-06-19T05:00:20Z
adelaideunited.com.au,https://plaintextoffenders.com/post/121896936744/adelaideunitedcomau-imgstgcom-football-club,2015-06-19T05:00:20Z
magicjumprentals.rentalpad.com,https://plaintextoffenders.com/post/121917040530/magicjumprentalscom,2015-06-19T13:00:39Z
magicjumprentals.com,https://plaintextoffenders.com/post/121917040530/magicjumprentalscom,2015-06-19T13:00:39Z
lionbrand.com,https://plaintextoffenders.com/post/121976593404/lionbrandcom-knitting-and-craft-yarn,2015-06-20T05:00:33Z
corus-kb.com,https://plaintextoffenders.com/post/121996373086/corus-kbcom-mechanical-keyboards-and-accessories,2015-06-20T13:00:15Z
mediasetmail.it,https://plaintextoffenders.com/post/122055882310/mediasetmailit-tv-broadcaster-after-a-new,2015-06-21T05:00:20Z
mspfanventures.com,https://plaintextoffenders.com/post/122076795746/mspfanventurescom-webcomicgame-builder,2015-06-21T13:00:37Z
viverepesaro.it,https://plaintextoffenders.com/post/122142588992/viverepesaroit-local-news-upon-registration,2015-06-22T05:00:22Z
konesonline.co.il,https://plaintextoffenders.com/post/122163250575/konesonlinecoil-property-listings-not-only-do,2015-06-22T13:00:23Z
spektrumrc.com,https://plaintextoffenders.com/post/122228286952/spektrumrccom-radio-control-systems-went-to-log,2015-06-23T05:00:30Z
focuspointeglobal.com,https://plaintextoffenders.com/post/122248961932/focusgroupcom-focuspointeglobalcom-focus-groups,2015-06-23T13:00:32Z
focusgroup.com,https://plaintextoffenders.com/post/122248961932/focusgroupcom-focuspointeglobalcom-focus-groups,2015-06-23T13:00:32Z
tankmuseum.org,https://plaintextoffenders.com/post/122313052330/tankmuseumorg-museum-on-registration-with-the,2015-06-24T05:00:37Z
nannys.co.il,https://plaintextoffenders.com/post/122333417923/nannyscoil-job-board,2015-06-24T13:00:14Z
montrealjazzfest.com,https://plaintextoffenders.com/post/122396994402/montrealjazzfestcom-festival-ill-be-sending,2015-06-25T05:00:33Z
betabanen.nl,https://plaintextoffenders.com/post/122417350492/betabanennl-job-board,2015-06-25T13:00:30Z
orbit.co.nz,https://plaintextoffenders.com/post/122480516334/orbitconz-travel-agency,2015-06-26T05:00:14Z
businessesforsale.com,https://plaintextoffenders.com/post/122500860440/businessesforsalecom-business-marketplace-they,2015-06-26T13:00:37Z
airsoftcart.com,https://plaintextoffenders.com/post/122566422525/airsoftcartcom-airsoft-accessories-this,2015-06-27T05:00:19Z
mycaraddon.com,https://plaintextoffenders.com/post/122587675482/mycaraddoncom-car-accessories-site-sends,2015-06-27T13:00:40Z
infinitytrampolines.com,https://plaintextoffenders.com/post/122650024380/infinitytrampolinescom-trampolines-called,2015-06-28T05:00:32Z
skyrock.com,https://plaintextoffenders.com/post/122671770277/skyrockcom-social-network-this-is-the-answer,2015-06-28T13:00:21Z
web.com,https://plaintextoffenders.com/post/122740297392/webcom-website-builder-not-only-is-it-stored-as,2015-06-29T05:00:19Z
permondo.com,https://plaintextoffenders.com/post/122762864713/permondocom-collaborative-trip-planning-after,2015-06-29T13:00:17Z
pneumaticilowcost.it,https://plaintextoffenders.com/post/122827539243/pneumaticilowcostit-low-cost-tires,2015-06-30T05:00:13Z
summerlivingdirect.com,https://plaintextoffenders.com/post/122850118736/summerlivingdirectcom-patio-furniture,2015-06-30T13:00:24Z
salonrunner.com,https://plaintextoffenders.com/post/122917602714/salonrunnercom-platform-for-hair-salons-and-spas,2015-07-01T05:00:31Z
finedistribution.com,https://plaintextoffenders.com/post/122939652676/finedistributionno-finedistributioncom-food,2015-07-01T13:00:37Z
finedistribution.no,https://plaintextoffenders.com/post/122939652676/finedistributionno-finedistributioncom-food,2015-07-01T13:00:37Z
showroomprive.pl,https://plaintextoffenders.com/post/122996772753/showroomprivecom-showroomprivees-showroomprive,2015-07-02T03:00:22Z
showroomprive.be,https://plaintextoffenders.com/post/122996772753/showroomprivecom-showroomprivees-showroomprive,2015-07-02T03:00:22Z
showroomprive.it,https://plaintextoffenders.com/post/122996772753/showroomprivecom-showroomprivees-showroomprive,2015-07-02T03:00:22Z
showroomprive.co.uk,https://plaintextoffenders.com/post/122996772753/showroomprivecom-showroomprivees-showroomprive,2015-07-02T03:00:22Z
showroomprive.nl,https://plaintextoffenders.com/post/122996772753/showroomprivecom-showroomprivees-showroomprive,2015-07-02T03:00:22Z
showroomprive.pt,https://plaintextoffenders.com/post/122996772753/showroomprivecom-showroomprivees-showroomprive,2015-07-02T03:00:22Z
showroomprive.es,https://plaintextoffenders.com/post/122996772753/showroomprivecom-showroomprivees-showroomprive,2015-07-02T03:00:22Z
showroomprive.com,https://plaintextoffenders.com/post/122996772753/showroomprivecom-showroomprivees-showroomprive,2015-07-02T03:00:22Z
smilingmind.com.au,https://plaintextoffenders.com/post/123019201144/smilingmindcomau-meditation-app-registration,2015-07-02T09:00:20Z
playmatetennis.com,https://plaintextoffenders.com/post/123034469870/playmatetenniscom-tennis-ball-machines,2015-07-02T15:00:37Z
fairfield.co.uk,https://plaintextoffenders.com/post/123083947503/fairfieldcouk-venue,2015-07-03T03:00:20Z
emerson.com,https://plaintextoffenders.com/post/123105930811/emersoncom-electric-products-and-services-some,2015-07-03T09:00:14Z
allcruisejobs.com,https://plaintextoffenders.com/post/123120612121/allcruisejobscom-job-board,2015-07-03T15:00:31Z
eatonline.dk,https://plaintextoffenders.com/post/123167483971/eatonlinedk-takeout-ordering-platform,2015-07-04T03:00:33Z
3ds.com,https://plaintextoffenders.com/post/123189009990/3dscom-software,2015-07-04T09:00:30Z
miracosta.edu,https://plaintextoffenders.com/post/123203747059/miracostaedu-college-sends-password-back-in,2015-07-04T15:00:16Z
thebigchoice.com,https://plaintextoffenders.com/post/123249436391/thebigchoicecom-job-board-and-information-any,2015-07-05T03:00:10Z
mana.menu,https://plaintextoffenders.com/post/123269008299/mymanaeu-mojemanacz-manamenu-alternative,2015-07-05T09:00:14Z
mojemana.cz,https://plaintextoffenders.com/post/123269008299/mymanaeu-mojemanacz-manamenu-alternative,2015-07-05T09:00:14Z
mymana.eu,https://plaintextoffenders.com/post/123269008299/mymanaeu-mojemanacz-manamenu-alternative,2015-07-05T09:00:14Z
kandypens.com,https://plaintextoffenders.com/post/123284028220/kandypenscom-vaporizers-after-emailing-support,2015-07-05T15:00:39Z
essofleetonline.com,https://plaintextoffenders.com/post/123336003420/essofleetonlinecom-vehicle-fleet-fuel-management,2015-07-06T03:00:23Z
interpretive.com,https://plaintextoffenders.com/post/123358495476/interpretivecom-e-learning-got-my-username-and,2015-07-06T09:00:26Z
booking-system.net,https://plaintextoffenders.com/post/123373740121/booking-systemnet-holiday-rental-management,2015-07-06T15:00:41Z
magicbricks.com,https://plaintextoffenders.com/post/123426068129/magicbrickscom-real-estate-new-password-sent-via,2015-07-07T03:00:29Z
pioneeringhairgrowth.com,https://plaintextoffenders.com/post/123448765067/pioneeringhairgrowthcom-hair-growth-products,2015-07-07T09:00:26Z
printallover.me,https://plaintextoffenders.com/post/123463988893/paomcom-printalloverme-designer-community,2015-07-07T15:00:27Z
paom.com,https://plaintextoffenders.com/post/123463988893/paomcom-printalloverme-designer-community,2015-07-07T15:00:27Z
boconcept.com,https://plaintextoffenders.com/post/123515222118/boconceptcom-interior-design-store-to-make,2015-07-08T03:00:23Z
solar-store.co.uk,https://plaintextoffenders.com/post/123537937443/solar-storecouk-solar-energy-equipment-they,2015-07-08T09:00:17Z
pet-supermarket.co.uk,https://plaintextoffenders.com/post/123553471467/pet-supermarketcouk-pet-supplies,2015-07-08T15:00:34Z
delni.gov.uk,https://plaintextoffenders.com/post/123605151470/delnigovuk-government-holding-information-on,2015-07-09T03:00:19Z
solvps.com,https://plaintextoffenders.com/post/123627184950/solvpscom-vps-i-would-have-thought-a-vps-company,2015-07-09T09:00:08Z
phi-centre.com,https://plaintextoffenders.com/post/123642503908/phi-centrecom-venue-they-probably-saved-my,2015-07-09T15:00:43Z
energiedirect.nl,https://plaintextoffenders.com/post/123692418335/energiedirectnl-power-company-mailed-me-my-own,2015-07-10T03:00:26Z
freshpair.com,https://plaintextoffenders.com/post/123713943361/freshpaircom-lingerie-and-underwear,2015-07-10T09:00:26Z
junction2interiors.co.uk,https://plaintextoffenders.com/post/123728957292/junction2interiorscouk-kitchen-bathroom-and,2015-07-10T15:00:30Z
flyuk.aero,https://plaintextoffenders.com/post/123775505228/flyukaero-virtual-airline-for-flight-simulators,2015-07-11T03:00:33Z
skillsusa.org,https://plaintextoffenders.com/post/123796028979/skillsusa-registerorg-skillsusaorg-career-and,2015-07-11T09:00:08Z
skillsusa-register.org,https://plaintextoffenders.com/post/123796028979/skillsusa-registerorg-skillsusaorg-career-and,2015-07-11T09:00:08Z
digitalvoice.nielsen.com,https://plaintextoffenders.com/post/123864899419/digitalvoicenielsencom-web-behavior-tracker-on,2015-07-12T05:00:14Z
springer.com,https://plaintextoffenders.com/post/123886414346/editorialmanagercom-edmgrcom-ariessyscom,2015-07-12T13:00:44Z
ariessys.com,https://plaintextoffenders.com/post/123886414346/editorialmanagercom-edmgrcom-ariessyscom,2015-07-12T13:00:44Z
b-riders.nl,https://plaintextoffenders.com/post/123944645766/b-ridersnl-biking-motivation,2015-07-13T03:00:20Z
kissthisguy.com,https://plaintextoffenders.com/post/123967098646/kissthisguycom-misheard-song-lyrics,2015-07-13T09:00:22Z
parrot.fr,https://plaintextoffenders.com/post/123982811247/parrotcom-parrotfr-wireless-products,2015-07-13T15:00:17Z
parrot.com,https://plaintextoffenders.com/post/123982811247/parrotcom-parrotfr-wireless-products,2015-07-13T15:00:17Z
onvasortir.com,https://plaintextoffenders.com/post/124034064558/onvasortircom-group-activities,2015-07-14T03:00:28Z
host4asp.net,https://plaintextoffenders.com/post/124056060551/host4aspnet-web-hosting,2015-07-14T09:00:08Z
ostersundshem.se,https://plaintextoffenders.com/post/124071315459/ostersundshemse-housing,2015-07-14T15:00:39Z
futurerp.net,https://plaintextoffenders.com/post/124121306151/futurerpnet-role-playing-game-i-pointed-out,2015-07-15T03:00:10Z
aspinsiders.com,https://plaintextoffenders.com/post/124143033348/aspinsiderscom-technology-community-i-just-was,2015-07-15T09:00:35Z
burton.fr,https://plaintextoffenders.com/post/124158112974/burtonfr-fashion-above-is-the-email-you-receive,2015-07-15T15:00:33Z
goairlink.com,https://plaintextoffenders.com/post/124207945318/goairlinkcom-shuttle-service-cherry-on-top,2015-07-16T03:00:24Z
ymcali.org,https://plaintextoffenders.com/post/124229558660/ymcaliorg-club-they-also-bcced-the-password-to,2015-07-16T09:00:16Z
hpolsurveys.com,https://plaintextoffenders.com/post/124244569924/harrispollonlinecom-hpolsurveyscom-surveys-i,2015-07-16T15:00:24Z
harrispollonline.com,https://plaintextoffenders.com/post/124244569924/harrispollonlinecom-hpolsurveyscom-surveys-i,2015-07-16T15:00:24Z
irishrail.ie,https://plaintextoffenders.com/post/124293203223/irishrailie-rail-service,2015-07-17T03:00:30Z
city-academy.com,https://plaintextoffenders.com/post/124314661147/city-academycom-performing-arts-school,2015-07-17T09:00:23Z
theramppeople.co.uk,https://plaintextoffenders.com/post/124329474344/theramppeoplecouk-ramps,2015-07-17T15:00:21Z
cargiant.co.uk,https://plaintextoffenders.com/post/124375199007/cargiantcouk-used-car-dealer-when-you-sign-up,2015-07-18T03:00:15Z
assimil.com,https://plaintextoffenders.com/post/124395567273/assimilcom-language-learning-courses-after,2015-07-18T09:00:05Z
icetex.gov.co,https://plaintextoffenders.com/post/124409968021/icetexgovco-government-student-loans,2015-07-18T15:00:38Z
6dollarshirts.com,https://plaintextoffenders.com/post/124454878124/6dollarshirtscom-clothes-site-sends-passwords,2015-07-19T03:00:17Z
voicerss.org,https://plaintextoffenders.com/post/124475604918/voicerssorg-text-to-speech-api,2015-07-19T09:00:11Z
bata.com,https://plaintextoffenders.com/post/124490565644/batain-batacom-shoes-the-attached-pic-is-of,2015-07-19T15:00:34Z
bata.in,https://plaintextoffenders.com/post/124490565644/batain-batacom-shoes-the-attached-pic-is-of,2015-07-19T15:00:34Z
moto.it,https://plaintextoffenders.com/post/124540259408/motoit-motorbike-classifieds,2015-07-20T03:00:21Z
robin-hood.co.il,https://plaintextoffenders.com/post/124577765529/robin-hoodcoil-toy-store,2015-07-20T15:00:37Z
kidspass.co.uk,https://plaintextoffenders.com/post/124628238762/kidspasscouk-attraction-discounts-wife-got,2015-07-21T03:00:35Z
mehr-demokratie.de,https://plaintextoffenders.com/post/124650264868/mehr-demokratiede-advocacy-group-the-name,2015-07-21T09:00:18Z
ebsconservation.com,https://plaintextoffenders.com/post/124665640093/ebsconservationcom-billing-service-went-to-pay,2015-07-21T15:00:31Z
wheelskins.com,https://plaintextoffenders.com/post/124715512254/wheelskinscom-steering-wheel-covers-i-contacted,2015-07-22T03:00:17Z
davematthewsband.com,https://plaintextoffenders.com/post/124737268291/davematthewsbandcom-fan-association-password,2015-07-22T09:00:16Z
leatherman-store.co.uk,https://plaintextoffenders.com/post/124752493556/leatherman-storecouk-multitools-this-is,2015-07-22T15:00:39Z
root-me.org,https://plaintextoffenders.com/post/124802197968/root-meorg-computer-security-competitions,2015-07-23T03:00:16Z
paydaycontact.co.uk,https://plaintextoffenders.com/post/124823719230/paydayukcouk-paydaycontactcouk-loans-they,2015-07-23T09:00:08Z
paydayuk.co.uk,https://plaintextoffenders.com/post/124823719230/paydayukcouk-paydaycontactcouk-loans-they,2015-07-23T09:00:08Z
bsac.com,https://plaintextoffenders.com/post/124839010622/bsaccom-diving-club,2015-07-23T15:00:16Z
samtec.com,https://plaintextoffenders.com/post/124887215991/samteccom-computer-parts-manufacturer,2015-07-24T03:00:33Z
correctmytext.com,https://plaintextoffenders.com/post/124908393732/correctmytextcom-collaborative-text-editing,2015-07-24T09:00:18Z
yourclothingshop.com,https://plaintextoffenders.com/post/124923555239/yourclothingshopcom-clothing-the-sole-supplier,2015-07-24T15:00:42Z
tigerimports.net,https://plaintextoffenders.com/post/124969562606/tigerimportsnet-toys-and-keyboards-notified-them,2015-07-25T03:00:31Z
mobilecashmate.co.uk,https://plaintextoffenders.com/post/124989892574/mobilecashmatecom-mobilecashmatecouk-phone,2015-07-25T09:00:18Z
mobilecashmate.com,https://plaintextoffenders.com/post/124989892574/mobilecashmatecom-mobilecashmatecouk-phone,2015-07-25T09:00:18Z
notebookreview.com,https://plaintextoffenders.com/post/125004513918/notebookreviewcom-laptop-reviews-after-using-the,2015-07-25T15:00:26Z
tritekelectronics.com,https://plaintextoffenders.com/post/125049627938/tritekelectronicscom-electronics-parts-just,2015-07-26T03:00:13Z
deltacycle.com,https://plaintextoffenders.com/post/125070093968/deltacyclecom-cycling-equipment,2015-07-26T09:00:15Z
thebeerguy.ca,https://plaintextoffenders.com/post/125085296099/thebeerguyca-alcoholic-beverage-delivery-service,2015-07-26T15:00:15Z
drunknmonkey.co.uk,https://plaintextoffenders.com/post/125135841365/drunknmonkeycouk-clothing,2015-07-27T03:00:16Z
nissan.co.uk,https://plaintextoffenders.com/post/125157930287/nissancouk-cars-first-they-show-you-your,2015-07-27T09:00:12Z
ciup.fr,https://plaintextoffenders.com/post/125173534182/ciupfr-student-services-and-accommodation-this,2015-07-27T15:00:31Z
etb.co,https://plaintextoffenders.com/post/125223887896/etbco-isp-and-mobile-phone-service-provider,2015-07-28T03:00:17Z
nawl.org,https://plaintextoffenders.com/post/125245498731/nawlorg-professional-association,2015-07-28T09:00:06Z
pounced.org,https://plaintextoffenders.com/post/125261009992/pouncedorg-personals-signed-up-and-the-password,2015-07-28T15:00:36Z
dlink.com.tw,https://plaintextoffenders.com/post/125310482033/dlinkcomtw-computer-network-hardware,2015-07-29T03:00:08Z
planyourfest.com,https://plaintextoffenders.com/post/125332165688/planyourfestcom-festival-attendance-planning,2015-07-29T09:00:18Z
caaneo.on.ca,https://plaintextoffenders.com/post/125347617063/caaneoonca-automobile-association-passwords,2015-07-29T15:00:28Z
arbonneinternational.com.au,https://plaintextoffenders.com/post/125396618799/arbonnecom-arbonneca,2015-07-30T03:00:32Z
arbonneinternational.co.uk,https://plaintextoffenders.com/post/125396618799/arbonnecom-arbonneca,2015-07-30T03:00:32Z
arbonne.ca,https://plaintextoffenders.com/post/125396618799/arbonnecom-arbonneca,2015-07-30T03:00:32Z
arbonne.com,https://plaintextoffenders.com/post/125396618799/arbonnecom-arbonneca,2015-07-30T03:00:32Z
careerleader.com,https://plaintextoffenders.com/post/125417829457/careerleadercom-career-self-assessment-tool,2015-07-30T09:00:23Z
corecommerce.com,https://plaintextoffenders.com/post/125433224999/drinkcocainecom-reduxdirectcom,2015-07-30T15:00:29Z
reduxdirect.com,https://plaintextoffenders.com/post/125433224999/drinkcocainecom-reduxdirectcom,2015-07-30T15:00:29Z
drinkcocaine.com,https://plaintextoffenders.com/post/125433224999/drinkcocainecom-reduxdirectcom,2015-07-30T15:00:29Z
fixyourfunnel.com,https://plaintextoffenders.com/post/125481782570/fixyourfunnelcom-marketing,2015-07-31T03:00:30Z
simplyhrjobs.co.uk,https://plaintextoffenders.com/post/125503161208/simplygroupnet-simplyhrjobscouk-job-boards-i,2015-07-31T09:00:18Z
simplygroup.net,https://plaintextoffenders.com/post/125503161208/simplygroupnet-simplyhrjobscouk-job-boards-i,2015-07-31T09:00:18Z
ukclassifieds.co.uk,https://plaintextoffenders.com/post/125518482356/ad-martcouk-ukclassifiedscouk-classifieds-i,2015-07-31T15:00:42Z
ad-mart.co.uk,https://plaintextoffenders.com/post/125518482356/ad-martcouk-ukclassifiedscouk-classifieds-i,2015-07-31T15:00:42Z
hastanerandevu.gov.tr,https://plaintextoffenders.com/post/125563992109/hastanerandevugovtr-government-appointment,2015-08-01T03:00:14Z
hydrogenaud.io,https://plaintextoffenders.com/post/125583721179/hydrogenaudio-audiophile-forums,2015-08-01T09:00:28Z
litter-robot.com,https://plaintextoffenders.com/post/125597981111/litter-robotcom-automated-pet-care-stores,2015-08-01T15:00:38Z
quins.co.uk,https://plaintextoffenders.com/post/125642186004/quinscouk-rugby-team,2015-08-02T03:00:36Z
aidswalkportland.org,https://plaintextoffenders.com/post/125662161563/aidswalkportlandorg-charity-event,2015-08-02T09:00:32Z
stoptrack.com,https://plaintextoffenders.com/post/125725619376/stoptrackcom-anti-theft-tags-this-is-golden,2015-08-03T03:00:23Z
ips.gov.au,https://plaintextoffenders.com/post/125746672778/ipsgovau-government-their-site-explicitly,2015-08-03T09:00:24Z
salsas.com.au,https://plaintextoffenders.com/post/125761813854/salsascomau-fast-food-restaurant,2015-08-03T15:00:14Z
jeanswest.com.au,https://plaintextoffenders.com/post/125810969921/jeanswestcomau-apparel-chain-they-emailed-me-my,2015-08-04T03:00:18Z
shammyshack.com,https://plaintextoffenders.com/post/125831775367/shammyshackcom-field-hockey-grips,2015-08-04T09:00:07Z
searates.com,https://plaintextoffenders.com/post/125896190054/searatescom-shipping-agency,2015-08-05T03:00:28Z
transperth.wa.gov.au,https://plaintextoffenders.com/post/125916746627/transperthwagovau-public-transport,2015-08-05T09:00:09Z
world-challenge.co.uk,https://plaintextoffenders.com/post/125931747618/world-challengecouk-educational-adventure,2015-08-05T15:00:15Z
bandwagonhost.com,https://plaintextoffenders.com/post/125979975058/bandwagonhostcom-vps-hosting,2015-08-06T03:00:16Z
pluralsight.com,https://plaintextoffenders.com/post/126000497956/pluralsightcom-online-courses-their-courses,2015-08-06T09:00:11Z
bostonsportsclubs.com,https://plaintextoffenders.com/post/126015352833/mysportsclubscom-tsiclubscom,2015-08-06T15:00:16Z
tsiclubs.com,https://plaintextoffenders.com/post/126015352833/mysportsclubscom-tsiclubscom,2015-08-06T15:00:16Z
mysportsclubs.com,https://plaintextoffenders.com/post/126015352833/mysportsclubscom-tsiclubscom,2015-08-06T15:00:16Z
deuscustoms.com,https://plaintextoffenders.com/post/126063088627/deuscustomscom-surf-and-motorcycle-apparel,2015-08-07T03:00:32Z
everydayhero.com.au,https://plaintextoffenders.com/post/126083398439/everydayherocomau-fundraising,2015-08-07T09:00:27Z
core-electronics.com.au,https://plaintextoffenders.com/post/126098133483/core-electronicscomau-diy-electronics,2015-08-07T15:00:24Z
mycarshare.ca,https://plaintextoffenders.com/post/126143741848/mycarshareca-carpooling-editors-note-this-email,2015-08-08T03:00:26Z
fairfaxdigital.com.au,https://plaintextoffenders.com/post/126163389479/fairfaxcomau-fairfaxdigitalcomau-newspaper,2015-08-08T09:00:14Z
fairfax.com.au,https://plaintextoffenders.com/post/126163389479/fairfaxcomau-fairfaxdigitalcomau-newspaper,2015-08-08T09:00:14Z
sdfworkforcedevelopment.org.uk,https://plaintextoffenders.com/post/126177715916/sdfworkforcedevelopmentorguk-workforce,2015-08-08T15:00:27Z
oiwifi.com.br,https://plaintextoffenders.com/post/126222361192/oiwificombr-wifi-internet-service-so-many,2015-08-09T03:00:27Z
stamps.com,https://plaintextoffenders.com/post/126242285423/stampscom-mailing-and-shipping-services,2015-08-09T09:00:12Z
chicagomanualofstyle.org,https://plaintextoffenders.com/post/126257020851/chicagomanualofstyleorg-reference-manual-for,2015-08-09T15:00:31Z
gearbest.com,https://plaintextoffenders.com/post/126306795031/gearbestcom-consumer-electronics,2015-08-10T03:00:37Z
redhotpie.com.au,https://plaintextoffenders.com/post/126327522251/redhotpiecomau-adult-dating-site-sends-username,2015-08-10T09:00:34Z
fanfooty.com.au,https://plaintextoffenders.com/post/126342444918/fanfootycomau-football-forum,2015-08-10T15:00:32Z
apdcl.gov.in,https://plaintextoffenders.com/post/126412771440/apdclgovin-state-utility-company-the-usual,2015-08-11T09:00:09Z
lkf.se,https://plaintextoffenders.com/post/126427981235/lkfse-public-housing-the-first-paragraphs-say,2015-08-11T15:00:40Z
ricoh-usa.com,https://plaintextoffenders.com/post/126476096198/myricohcom-ricoh-usacom-consumer-electronics,2015-08-12T03:00:35Z
myricoh.com,https://plaintextoffenders.com/post/126476096198/myricohcom-ricoh-usacom-consumer-electronics,2015-08-12T03:00:35Z
secureapi.com.au,https://plaintextoffenders.com/post/126496191840/secureapicomau-domain-registrar-sending-the,2015-08-12T09:00:08Z
battleping.com,https://plaintextoffenders.com/post/126510884752/battlepingcom-online-latency-reduction,2015-08-12T15:00:39Z
tagheuer.com,https://plaintextoffenders.com/post/126557641620/tagheuercom-watches-anyone-could-use-this,2015-08-13T03:00:23Z
leady.cz,https://plaintextoffenders.com/post/126577265141/leadycom-leadycz-web-analytics-registration,2015-08-13T09:00:18Z
leady.com,https://plaintextoffenders.com/post/126577265141/leadycom-leadycz-web-analytics-registration,2015-08-13T09:00:18Z
aonstudentinsurance.com,https://plaintextoffenders.com/post/126591955555/aonstudentinsurancecom-insurance-they-store-all,2015-08-13T15:00:17Z
iki.fi,https://plaintextoffenders.com/post/126638060606/telemarkkinointikieltofi-stmlfi-ikifi,2015-08-14T03:00:08Z
stml.fi,https://plaintextoffenders.com/post/126638060606/telemarkkinointikieltofi-stmlfi-ikifi,2015-08-14T03:00:08Z
telemarkkinointikielto.fi,https://plaintextoffenders.com/post/126638060606/telemarkkinointikieltofi-stmlfi-ikifi,2015-08-14T03:00:08Z
tajmahal.com,https://plaintextoffenders.com/post/126657516184/tajmahalcom-tourist-information-just-after,2015-08-14T09:00:33Z
metacafe.com,https://plaintextoffenders.com/post/126672227036/metacafecom-video-sharing,2015-08-14T15:00:41Z
greasypalm.co.uk,https://plaintextoffenders.com/post/126717106259/greasypalmcouk-cashback-no-https-and-password,2015-08-15T03:00:23Z
exitmt.com,https://plaintextoffenders.com/post/126736389621/exitmtcom-real-estate,2015-08-15T09:00:17Z
hifiheadphones.co.uk,https://plaintextoffenders.com/post/126750806978/hifiheadphonescouk-headphones,2015-08-15T15:00:21Z
tosseduk.com,https://plaintextoffenders.com/post/126795556764/tossedukcom-salads-on-registering-with-their,2015-08-16T03:00:26Z
dell.com,https://plaintextoffenders.com/post/126815102747/compellentcom-dellcom-computer-storage-systems,2015-08-16T09:00:29Z
compellent.com,https://plaintextoffenders.com/post/126815102747/compellentcom-dellcom-computer-storage-systems,2015-08-16T09:00:29Z
tan.fr,https://plaintextoffenders.com/post/126830297488/tanfr-public-transport-this-site-can-be-use-to,2015-08-16T15:00:16Z
syntrawest.be,https://plaintextoffenders.com/post/126879889918/syntrawestbe-adult-training-courses-no-https,2015-08-17T03:00:09Z
fsdownload.com,https://plaintextoffenders.com/post/126899966035/fsdownloadcom-game-add-ons,2015-08-17T09:00:21Z
gokickball.com,https://plaintextoffenders.com/post/126914900272/gokickballcom-sports-league,2015-08-17T15:00:36Z
huk.de,https://plaintextoffenders.com/post/126963064882/hukde-insurance-they-let-users-register-and,2015-08-18T03:00:29Z
transfirst.com,https://plaintextoffenders.com/post/126982871454/transfirstcom-credit-card-processors-they-store,2015-08-18T09:00:22Z
hotelnewsnow.com,https://plaintextoffenders.com/post/126997880686/hotelnewsnowcom-industry-news-oo,2015-08-18T15:00:33Z
openhousemelbourne.org,https://plaintextoffenders.com/post/127065111194/openhousemelbourneorg-exhibition-you-cant,2015-08-19T09:00:32Z
moneyweb.co.za,https://plaintextoffenders.com/post/127080021136/moneywebcoza-financial-publication-the-website,2015-08-19T15:00:33Z
virtualnorwegian.net,https://plaintextoffenders.com/post/127126640370/virtualnorwegiannet-virtual-airline-community,2015-08-20T03:00:10Z
clashot.com,https://plaintextoffenders.com/post/127145591407/clashotcom-photo-monetization,2015-08-20T09:00:13Z
postrss.com,https://plaintextoffenders.com/post/127160257083/postrsscom-cross-posting-service-received-my,2015-08-20T15:00:16Z
sheffield.ac.uk,https://plaintextoffenders.com/post/127206429007/shefacuk-sheffieldacuk-university-i,2015-08-21T03:00:24Z
shef.ac.uk,https://plaintextoffenders.com/post/127206429007/shefacuk-sheffieldacuk-university-i,2015-08-21T03:00:24Z
mastersoftwaretechnologies.com,https://plaintextoffenders.com/post/127225436682/campustraccom-mastersoftwaretechnologiescom,2015-08-21T09:00:24Z
campustrac.com,https://plaintextoffenders.com/post/127225436682/campustraccom-mastersoftwaretechnologiescom,2015-08-21T09:00:24Z
ligo.co.uk,https://plaintextoffenders.com/post/127239988660/ligocouk-consumer-electronics-forgotten-your,2015-08-21T15:00:38Z
getpaint.net,https://plaintextoffenders.com/post/127283828322/getpaintnet-graphics-software-when-recovering-a,2015-08-22T03:00:24Z
ps4u.com,https://plaintextoffenders.com/post/127302369292/aeropostalecom-ps4ucom-clothing-retailer,2015-08-22T09:00:18Z
aeropostale.com,https://plaintextoffenders.com/post/127302369292/aeropostalecom-ps4ucom-clothing-retailer,2015-08-22T09:00:18Z
dhl.com,https://plaintextoffenders.com/post/127361591583/dhlcom-mail-services-account-registration,2015-08-23T03:00:27Z
wireandcabletogo.com,https://plaintextoffenders.com/post/127380887576/wireandcabletogocom-wires-and-cables-looks-like,2015-08-23T09:00:21Z
userservices.net,https://plaintextoffenders.com/post/127446468016/vispnet-userservicesnet-isp-billing-and,2015-08-24T03:00:18Z
visp.net,https://plaintextoffenders.com/post/127446468016/vispnet-userservicesnet-isp-billing-and,2015-08-24T03:00:18Z
bookingbird.se,https://plaintextoffenders.com/post/127465733750/foodtoursstockholmse-bookingbirdse-online,2015-08-24T09:00:16Z
foodtoursstockholm.se,https://plaintextoffenders.com/post/127465733750/foodtoursstockholmse-bookingbirdse-online,2015-08-24T09:00:16Z
ubisoft.com,https://plaintextoffenders.com/post/127480768774/trackmaniacom-ubisoftcom-online-racing-game,2015-08-24T15:00:34Z
trackmania.com,https://plaintextoffenders.com/post/127480768774/trackmaniacom-ubisoftcom-online-racing-game,2015-08-24T15:00:34Z
systema-ptw.com,https://plaintextoffenders.com/post/127527442971/systema-ptwcom-airsoft-user-group-i-cannot-find,2015-08-25T03:00:27Z
filejoker.net,https://plaintextoffenders.com/post/127545664271/filejokernet-file-hosting-service-pretty-scary,2015-08-25T09:00:11Z
harveynorman.si,https://plaintextoffenders.com/post/127560518940/harveynormansi-online-retailer-sent-my-password,2015-08-25T15:00:18Z
autoeurope.tw,https://plaintextoffenders.com/post/127606617066/auto-europecouk-autoeuropeae-autoeuropeat,2015-08-26T03:00:31Z
autoeurope.sk,https://plaintextoffenders.com/post/127606617066/auto-europecouk-autoeuropeae-autoeuropeat,2015-08-26T03:00:31Z
autoeurope.se,https://plaintextoffenders.com/post/127606617066/auto-europecouk-autoeuropeae-autoeuropeat,2015-08-26T03:00:31Z
autoeurope.ru,https://plaintextoffenders.com/post/127606617066/auto-europecouk-autoeuropeae-autoeuropeat,2015-08-26T03:00:31Z
autoeurope.pt,https://plaintextoffenders.com/post/127606617066/auto-europecouk-autoeuropeae-autoeuropeat,2015-08-26T03:00:31Z
autoeurope.pl,https://plaintextoffenders.com/post/127606617066/auto-europecouk-autoeuropeae-autoeuropeat,2015-08-26T03:00:31Z
autoeurope.no,https://plaintextoffenders.com/post/127606617066/auto-europecouk-autoeuropeae-autoeuropeat,2015-08-26T03:00:31Z
autoeurope.nl,https://plaintextoffenders.com/post/127606617066/auto-europecouk-autoeuropeae-autoeuropeat,2015-08-26T03:00:31Z
autoeurope.it,https://plaintextoffenders.com/post/127606617066/auto-europecouk-autoeuropeae-autoeuropeat,2015-08-26T03:00:31Z
autoeurope.ie,https://plaintextoffenders.com/post/127606617066/auto-europecouk-autoeuropeae-autoeuropeat,2015-08-26T03:00:31Z
autoeurope.hk,https://plaintextoffenders.com/post/127606617066/auto-europecouk-autoeuropeae-autoeuropeat,2015-08-26T03:00:31Z
autoeurope.fr,https://plaintextoffenders.com/post/127606617066/auto-europecouk-autoeuropeae-autoeuropeat,2015-08-26T03:00:31Z
autoeurope.fi,https://plaintextoffenders.com/post/127606617066/auto-europecouk-autoeuropeae-autoeuropeat,2015-08-26T03:00:31Z
autoeurope.eu,https://plaintextoffenders.com/post/127606617066/auto-europecouk-autoeuropeae-autoeuropeat,2015-08-26T03:00:31Z
autoeurope.es,https://plaintextoffenders.com/post/127606617066/auto-europecouk-autoeuropeae-autoeuropeat,2015-08-26T03:00:31Z
autoeurope.dk,https://plaintextoffenders.com/post/127606617066/auto-europecouk-autoeuropeae-autoeuropeat,2015-08-26T03:00:31Z
autoeurope.de,https://plaintextoffenders.com/post/127606617066/auto-europecouk-autoeuropeae-autoeuropeat,2015-08-26T03:00:31Z
autoeurope.com.tr,https://plaintextoffenders.com/post/127606617066/auto-europecouk-autoeuropeae-autoeuropeat,2015-08-26T03:00:31Z
autoeurope.com.hr,https://plaintextoffenders.com/post/127606617066/auto-europecouk-autoeuropeae-autoeuropeat,2015-08-26T03:00:31Z
autoeurope.com.au,https://plaintextoffenders.com/post/127606617066/auto-europecouk-autoeuropeae-autoeuropeat,2015-08-26T03:00:31Z
autoeurope.com,https://plaintextoffenders.com/post/127606617066/auto-europecouk-autoeuropeae-autoeuropeat,2015-08-26T03:00:31Z
autoeurope.co.za,https://plaintextoffenders.com/post/127606617066/auto-europecouk-autoeuropeae-autoeuropeat,2015-08-26T03:00:31Z
autoeurope.co.nz,https://plaintextoffenders.com/post/127606617066/auto-europecouk-autoeuropeae-autoeuropeat,2015-08-26T03:00:31Z
autoeurope.cn,https://plaintextoffenders.com/post/127606617066/auto-europecouk-autoeuropeae-autoeuropeat,2015-08-26T03:00:31Z
autoeurope.ch,https://plaintextoffenders.com/post/127606617066/auto-europecouk-autoeuropeae-autoeuropeat,2015-08-26T03:00:31Z
autoeurope.ca,https://plaintextoffenders.com/post/127606617066/auto-europecouk-autoeuropeae-autoeuropeat,2015-08-26T03:00:31Z
autoeurope.bg,https://plaintextoffenders.com/post/127606617066/auto-europecouk-autoeuropeae-autoeuropeat,2015-08-26T03:00:31Z
autoeurope.be,https://plaintextoffenders.com/post/127606617066/auto-europecouk-autoeuropeae-autoeuropeat,2015-08-26T03:00:31Z
autoeurope.at,https://plaintextoffenders.com/post/127606617066/auto-europecouk-autoeuropeae-autoeuropeat,2015-08-26T03:00:31Z
autoeurope.ae,https://plaintextoffenders.com/post/127606617066/auto-europecouk-autoeuropeae-autoeuropeat,2015-08-26T03:00:31Z
auto-europe.co.uk,https://plaintextoffenders.com/post/127606617066/auto-europecouk-autoeuropeae-autoeuropeat,2015-08-26T03:00:31Z
appointmentcore.com,https://plaintextoffenders.com/post/127624569305/appointmentcorecom-appointment-scheduling,2015-08-26T09:00:25Z
weddingwindow.com,https://plaintextoffenders.com/post/127639041168/weddingwindowcom-website-builder-the-first,2015-08-26T15:00:31Z
mektronics.com.au,https://plaintextoffenders.com/post/127683904681/mektronicscomau-tools-and-consumables-for,2015-08-27T03:00:17Z
kijkmijnhuis.nl,https://plaintextoffenders.com/post/127701564914/kijkmijnhuisnl-house-moving-services-requested,2015-08-27T09:00:34Z
syntrio.com,https://plaintextoffenders.com/post/127716018012/syntriocom-ethics-and-hr-compliance-training,2015-08-27T15:00:20Z
beverley-racecourse.co.uk,https://plaintextoffenders.com/post/127760309857/beverley-racecoursecouk-horse-racing-password,2015-08-28T03:00:24Z
fide.com,https://plaintextoffenders.com/post/127777538959/premiumchessnet-myfidenet-fidecom-online,2015-08-28T09:00:07Z
myfide.net,https://plaintextoffenders.com/post/127777538959/premiumchessnet-myfidenet-fidecom-online,2015-08-28T09:00:07Z
premiumchess.net,https://plaintextoffenders.com/post/127777538959/premiumchessnet-myfidenet-fidecom-online,2015-08-28T09:00:07Z
mrs.org,https://plaintextoffenders.com/post/127791630163/mrsorg-scientific-society,2015-08-28T15:00:29Z
tms.org,https://plaintextoffenders.com/post/127834217074/tmsorg-scientific-society,2015-08-29T03:00:22Z
protonic.com,https://plaintextoffenders.com/post/127851910291/protoniccom-computer-assistance,2015-08-29T09:00:06Z
disneylandparis.com,https://plaintextoffenders.com/post/127866388219/disneylandpariscom-amusement-park-after-the,2015-08-29T15:00:39Z
ecigone.co.uk,https://plaintextoffenders.com/post/127911923162/ecigonecouk-electronic-cigarettes-seriously,2015-08-30T03:00:33Z
shtyle.fm,https://plaintextoffenders.com/post/127931053567/shtylefm-social-network-they-stores-their,2015-08-30T09:00:27Z
tinygreenpc.it,https://plaintextoffenders.com/post/127946443417/tinygreenpccom-tinygreenpcit-personal-computers,2015-08-30T15:00:29Z
tinygreenpc.com,https://plaintextoffenders.com/post/127946443417/tinygreenpccom-tinygreenpcit-personal-computers,2015-08-30T15:00:29Z
ottawafootysevens.com,https://plaintextoffenders.com/post/127997105931/ottawafootysevenscom-sports-league,2015-08-31T03:00:36Z
hungryjacks.com.au,https://plaintextoffenders.com/post/128017215852/hungryjackscomau-fast-food-plain-text-copy-of,2015-08-31T09:00:11Z
survivinginfidelity.com,https://plaintextoffenders.com/post/128032232584/survivinginfidelitycom-support-group-webmaster,2015-08-31T15:00:24Z
myaxs.ca,https://plaintextoffenders.com/post/128079099420/tdrewardscom-myaxsca-loyalty-program-this-is,2015-09-01T03:00:24Z
tdrewards.com,https://plaintextoffenders.com/post/128079099420/tdrewardscom-myaxsca-loyalty-program-this-is,2015-09-01T03:00:24Z
tempurpedic.com,https://plaintextoffenders.com/post/128097077186/tempurcom-tempurae-tempurat-tempurcoil,2015-09-01T09:00:27Z
tempurpedic.ca,https://plaintextoffenders.com/post/128097077186/tempurcom-tempurae-tempurat-tempurcoil,2015-09-01T09:00:27Z
tempur.ua,https://plaintextoffenders.com/post/128097077186/tempurcom-tempurae-tempurat-tempurcoil,2015-09-01T09:00:27Z
tempur.sk,https://plaintextoffenders.com/post/128097077186/tempurcom-tempurae-tempurat-tempurcoil,2015-09-01T09:00:27Z
tempur.si,https://plaintextoffenders.com/post/128097077186/tempurcom-tempurae-tempurat-tempurcoil,2015-09-01T09:00:27Z
tempur.ru,https://plaintextoffenders.com/post/128097077186/tempurcom-tempurae-tempurat-tempurcoil,2015-09-01T09:00:27Z
tempur.rs,https://plaintextoffenders.com/post/128097077186/tempurcom-tempurae-tempurat-tempurcoil,2015-09-01T09:00:27Z
tempur.ro,https://plaintextoffenders.com/post/128097077186/tempurcom-tempurae-tempurat-tempurcoil,2015-09-01T09:00:27Z
tempur.pt,https://plaintextoffenders.com/post/128097077186/tempurcom-tempurae-tempurat-tempurcoil,2015-09-01T09:00:27Z
tempur.pl,https://plaintextoffenders.com/post/128097077186/tempurcom-tempurae-tempurat-tempurcoil,2015-09-01T09:00:27Z
tempur.ph,https://plaintextoffenders.com/post/128097077186/tempurcom-tempurae-tempurat-tempurcoil,2015-09-01T09:00:27Z
tempur.pe,https://plaintextoffenders.com/post/128097077186/tempurcom-tempurae-tempurat-tempurcoil,2015-09-01T09:00:27Z
tempur.no,https://plaintextoffenders.com/post/128097077186/tempurcom-tempurae-tempurat-tempurcoil,2015-09-01T09:00:27Z
tempur.ma,https://plaintextoffenders.com/post/128097077186/tempurcom-tempurae-tempurat-tempurcoil,2015-09-01T09:00:27Z
tempur.lv,https://plaintextoffenders.com/post/128097077186/tempurcom-tempurae-tempurat-tempurcoil,2015-09-01T09:00:27Z
tempur.lt,https://plaintextoffenders.com/post/128097077186/tempurcom-tempurae-tempurat-tempurcoil,2015-09-01T09:00:27Z
tempur.is,https://plaintextoffenders.com/post/128097077186/tempurcom-tempurae-tempurat-tempurcoil,2015-09-01T09:00:27Z
tempur.ie,https://plaintextoffenders.com/post/128097077186/tempurcom-tempurae-tempurat-tempurcoil,2015-09-01T09:00:27Z
tempur.hk,https://plaintextoffenders.com/post/128097077186/tempurcom-tempurae-tempurat-tempurcoil,2015-09-01T09:00:27Z
tempur.gr,https://plaintextoffenders.com/post/128097077186/tempurcom-tempurae-tempurat-tempurcoil,2015-09-01T09:00:27Z
tempur.ee,https://plaintextoffenders.com/post/128097077186/tempurcom-tempurae-tempurat-tempurcoil,2015-09-01T09:00:27Z
tempur.dk,https://plaintextoffenders.com/post/128097077186/tempurcom-tempurae-tempurat-tempurcoil,2015-09-01T09:00:27Z
tempur.cz,https://plaintextoffenders.com/post/128097077186/tempurcom-tempurae-tempurat-tempurcoil,2015-09-01T09:00:27Z
tempur.com.ve,https://plaintextoffenders.com/post/128097077186/tempurcom-tempurae-tempurat-tempurcoil,2015-09-01T09:00:27Z
tempur.com.tw,https://plaintextoffenders.com/post/128097077186/tempurcom-tempurae-tempurat-tempurcoil,2015-09-01T09:00:27Z
tempur.com.tr,https://plaintextoffenders.com/post/128097077186/tempurcom-tempurae-tempurat-tempurcoil,2015-09-01T09:00:27Z
tempur.com.mx,https://plaintextoffenders.com/post/128097077186/tempurcom-tempurae-tempurat-tempurcoil,2015-09-01T09:00:27Z
tempur.com.ec,https://plaintextoffenders.com/post/128097077186/tempurcom-tempurae-tempurat-tempurcoil,2015-09-01T09:00:27Z
tempur.com.cy,https://plaintextoffenders.com/post/128097077186/tempurcom-tempurae-tempurat-tempurcoil,2015-09-01T09:00:27Z
tempur.co.za,https://plaintextoffenders.com/post/128097077186/tempurcom-tempurae-tempurat-tempurcoil,2015-09-01T09:00:27Z
tempur.co.nz,https://plaintextoffenders.com/post/128097077186/tempurcom-tempurae-tempurat-tempurcoil,2015-09-01T09:00:27Z
tempur.co.in,https://plaintextoffenders.com/post/128097077186/tempurcom-tempurae-tempurat-tempurcoil,2015-09-01T09:00:27Z
tempur.co.il,https://plaintextoffenders.com/post/128097077186/tempurcom-tempurae-tempurat-tempurcoil,2015-09-01T09:00:27Z
tempur.at,https://plaintextoffenders.com/post/128097077186/tempurcom-tempurae-tempurat-tempurcoil,2015-09-01T09:00:27Z
tempur.ae,https://plaintextoffenders.com/post/128097077186/tempurcom-tempurae-tempurat-tempurcoil,2015-09-01T09:00:27Z
tempur.com,https://plaintextoffenders.com/post/128097077186/tempurcom-tempurae-tempurat-tempurcoil,2015-09-01T09:00:27Z
dreams.co.uk,https://plaintextoffenders.com/post/128111711029/dreamscouk-furniture,2015-09-01T15:00:35Z
service-solutions.com,https://plaintextoffenders.com/post/128157223528/boschcom-servicesolutionsportalcom,2015-09-02T03:00:33Z
servicesolutionsportal.com,https://plaintextoffenders.com/post/128157223528/boschcom-servicesolutionsportalcom,2015-09-02T03:00:33Z
bosch.com,https://plaintextoffenders.com/post/128157223528/boschcom-servicesolutionsportalcom,2015-09-02T03:00:33Z
datamanusa.com,https://plaintextoffenders.com/post/128174786488/datamanusacom-it-consultancy,2015-09-02T09:00:29Z
dell-pcw.com,https://plaintextoffenders.com/post/128189044293/dell-pcwcom-computer-technology-company-they-like,2015-09-02T15:00:18Z
eimacs.com,https://plaintextoffenders.com/post/128233456620/eimacscom-online-classes,2015-09-03T03:00:35Z
united.com,https://plaintextoffenders.com/post/128250083637/unitedvacationscom-unitedcom-vacation-bundles,2015-09-03T09:00:09Z
unitedvacations.com,https://plaintextoffenders.com/post/128250083637/unitedvacationscom-unitedcom-vacation-bundles,2015-09-03T09:00:09Z
ratedpeople.com,https://plaintextoffenders.com/post/128263857686/ratedpeoplecom-tradesmen-recommendation-service,2015-09-03T15:00:31Z
bud.hu,https://plaintextoffenders.com/post/128306685209/budhu-airport,2015-09-04T03:00:21Z
townsend-music.com,https://plaintextoffenders.com/post/128322620449/tmstores-townsend-musiccom-ecommerce-services,2015-09-04T09:00:09Z
tmstor.es,https://plaintextoffenders.com/post/128322620449/tmstores-townsend-musiccom-ecommerce-services,2015-09-04T09:00:09Z
wholesale2b.com,https://plaintextoffenders.com/post/128335942473/wholesale2bcom-dropship-fulfillment-services-they,2015-09-04T15:00:39Z
saintsfc.co.uk,https://plaintextoffenders.com/post/128376607834/saintsfccouk-football-club,2015-09-05T03:00:11Z
signum.com,https://plaintextoffenders.com/post/128392911365/signumcom-embedded-development-tools-they-also,2015-09-05T09:00:22Z
gasco.nl,https://plaintextoffenders.com/post/128407130426/gasconl-gas-dear-company-name-please-find-the,2015-09-05T15:00:26Z
jambase.com,https://plaintextoffenders.com/post/128450562445/jambasecom-show-and-festival-information,2015-09-06T03:00:34Z
safran-usa.com,https://plaintextoffenders.com/post/128467986521/profilsorg-talentsoftcom-safran-groupcom,2015-09-06T09:00:32Z
safran-engineering.com,https://plaintextoffenders.com/post/128467986521/profilsorg-talentsoftcom-safran-groupcom,2015-09-06T09:00:32Z
safran.fr,https://plaintextoffenders.com/post/128467986521/profilsorg-talentsoftcom-safran-groupcom,2015-09-06T09:00:32Z
safran-group.com,https://plaintextoffenders.com/post/128467986521/profilsorg-talentsoftcom-safran-groupcom,2015-09-06T09:00:32Z
talentsoft.com,https://plaintextoffenders.com/post/128467986521/profilsorg-talentsoftcom-safran-groupcom,2015-09-06T09:00:32Z
profils.org,https://plaintextoffenders.com/post/128467986521/profilsorg-talentsoftcom-safran-groupcom,2015-09-06T09:00:32Z
ecrater.com,https://plaintextoffenders.com/post/128482726542/ecratercom-online-auctions-im-surprised-nobody,2015-09-06T15:00:33Z
gtxgaming.co.uk,https://plaintextoffenders.com/post/128529273469/gtxgamingcouk-game-servers,2015-09-07T03:00:37Z
temaiken.org.ar,https://plaintextoffenders.com/post/128547337478/temaikenorgar-zoo-they-store-passwords-in,2015-09-07T09:00:22Z
sogosurvey.com,https://plaintextoffenders.com/post/128560878374/sogosurveycom-online-survey-software,2015-09-07T15:00:29Z
inter-pet.co.il,https://plaintextoffenders.com/post/128609276678/inter-petcoil-pet-supplies,2015-09-08T03:00:21Z
elmundodelacocina.com,https://plaintextoffenders.com/post/128626310170/tipscrcom-elmundodelacocinacom-cooking,2015-09-08T09:00:15Z
tipscr.com,https://plaintextoffenders.com/post/128626310170/tipscrcom-elmundodelacocinacom-cooking,2015-09-08T09:00:15Z
quadix.co,https://plaintextoffenders.com/post/128639464433/quadixco-dedicated-servers-after-ordering-a,2015-09-08T15:00:22Z
sportsauthority.com,https://plaintextoffenders.com/post/128682236360/sportsauthoritycom-sporting-goods-when-you-change,2015-09-09T03:00:29Z
torrenting.com,https://plaintextoffenders.com/post/128697819287/torrentingcom-private-bittorrent-tracker,2015-09-09T09:00:23Z
mygov.in,https://plaintextoffenders.com/post/128710116380/mygovin-government-i-was-pleasantly-surprised-to,2015-09-09T15:00:28Z
tequipment.net,https://plaintextoffenders.com/post/128750866436/tequipmentnet-electrical-test-equipment-from,2015-09-10T03:00:30Z
graduate.sa.gov.au,https://plaintextoffenders.com/post/128766358780/graduatesagovau-state-government-from-their,2015-09-10T09:00:08Z
aircooled.net,https://plaintextoffenders.com/post/128779119958/aircoolednet-car-parts,2015-09-10T15:00:26Z
focusedevents.com,https://plaintextoffenders.com/post/128820646838/focusedeventscom-motorbike-trackday-organizers,2015-09-11T03:00:19Z
pgworks.com,https://plaintextoffenders.com/post/128836117798/pgworkscom-gas-you-can-see-in-the-attached-photo,2015-09-11T09:00:11Z
stelly.com,https://plaintextoffenders.com/post/128849040537/stellycom-womens-fashion-signed-up-for-this,2015-09-11T15:00:20Z
ufl.edu,https://plaintextoffenders.com/post/128905782781/sareorg-ufledu-grant-management-system-note,2015-09-12T09:00:17Z
sare.org,https://plaintextoffenders.com/post/128905782781/sareorg-ufledu-grant-management-system-note,2015-09-12T09:00:17Z
zoiper.com,https://plaintextoffenders.com/post/128919861919/zoipercom-voip-softphone,2015-09-12T15:00:20Z
iok.be,https://plaintextoffenders.com/post/128963972125/mijndiftarbe-iokbe-personal-refuse-collection,2015-09-13T03:00:12Z
mijndiftar.be,https://plaintextoffenders.com/post/128963972125/mijndiftarbe-iokbe-personal-refuse-collection,2015-09-13T03:00:12Z
belgocontrol.be,https://plaintextoffenders.com/post/128981880336/belgocontrolbe-air-traffic-safety,2015-09-13T09:00:32Z
yellowpostie.com.au,https://plaintextoffenders.com/post/128996922626/yellowpostiecomau-greeting-cards-their-site,2015-09-13T15:00:18Z
bupa.co.th,https://plaintextoffenders.com/post/129045572313/bupacom-bupacouk-bupacomau-bupaglobalcom,2015-09-14T03:00:34Z
bupa-intl.ru,https://plaintextoffenders.com/post/129045572313/bupacom-bupacouk-bupacomau-bupaglobalcom,2015-09-14T03:00:34Z
bupaglobal.com,https://plaintextoffenders.com/post/129045572313/bupacom-bupacouk-bupacomau-bupaglobalcom,2015-09-14T03:00:34Z
bupa.com.au,https://plaintextoffenders.com/post/129045572313/bupacom-bupacouk-bupacomau-bupaglobalcom,2015-09-14T03:00:34Z
bupa.co.uk,https://plaintextoffenders.com/post/129045572313/bupacom-bupacouk-bupacomau-bupaglobalcom,2015-09-14T03:00:34Z
bupa.com,https://plaintextoffenders.com/post/129045572313/bupacom-bupacouk-bupacomau-bupaglobalcom,2015-09-14T03:00:34Z
buyamerica.co.il,https://plaintextoffenders.com/post/129062784244/buyamericacoil-shipping-this-is-a-mail-sent-to,2015-09-14T09:00:15Z
teoti.com,https://plaintextoffenders.com/post/129076112597/teoticom-social-news,2015-09-14T15:00:29Z
gmhighscores.com,https://plaintextoffenders.com/post/129119801795/gmhighscorescom-game-highscore-service-the,2015-09-15T03:00:25Z
fortinet.com,https://plaintextoffenders.com/post/129135829653/fortinetcom-network-security-their-site-sends,2015-09-15T09:00:34Z
fantasyflightgames.com,https://plaintextoffenders.com/post/129148661490/fantasyflightgamescom-games-after-using-the,2015-09-15T15:00:19Z
sellbackyourbook.com,https://plaintextoffenders.com/post/129189505158/sellbackyourbookcom-second-hand-books,2015-09-16T03:00:23Z
k12bookbuyer.com,https://plaintextoffenders.com/post/129204647618/k12bookbuyercom-book-marketplace,2015-09-16T09:00:20Z
drushim.co.il,https://plaintextoffenders.com/post/129216961809/drushimcoil-job-board,2015-09-16T15:00:36Z
artres.com,https://plaintextoffenders.com/post/129257236144/artrescom-fine-art-stock-photography-the-login,2015-09-17T03:00:20Z
peachjar.com,https://plaintextoffenders.com/post/129272200438/peachjarcom-online-flyers-an-otherwise-useful,2015-09-17T09:00:32Z
spotonnetworks.com,https://plaintextoffenders.com/post/129284512668/spotonnetworkscom-wifi-based-isp-i-received-this,2015-09-17T15:00:23Z
empregos.com.br,https://plaintextoffenders.com/post/129324934472/empregoscombr-job-board-i-registered-there,2015-09-18T03:00:27Z
theshavingroom.co.uk,https://plaintextoffenders.com/post/129339788915/theshavingroomcouk-forums,2015-09-18T09:00:18Z
nannyssillysoap.com,https://plaintextoffenders.com/post/129352285073/nannyssillysoapcom-soap,2015-09-18T15:00:36Z
crea-rs.gov.br,https://plaintextoffenders.com/post/129391401392/crea-rsgovbr-professional-engineering,2015-09-19T03:00:26Z
tukui.org,https://plaintextoffenders.com/post/129406992800/tukuiorg-video-game-addons-required-registration,2015-09-19T09:00:24Z
rico.com.vc,https://plaintextoffenders.com/post/129420837751/ricocomvc-online-stock-broker,2015-09-19T15:00:27Z
theglobeandmail.com,https://plaintextoffenders.com/post/129462966131/globeandmailcom-theglobeandmailcom-news-in,2015-09-20T03:00:28Z
globeandmail.com,https://plaintextoffenders.com/post/129462966131/globeandmailcom-theglobeandmailcom-news-in,2015-09-20T03:00:28Z
bvams.com,https://plaintextoffenders.com/post/129479879304/bvafr-bvamscom-mystery-shopping-this-is,2015-09-20T09:00:29Z
bva.fr,https://plaintextoffenders.com/post/129479879304/bvafr-bvamscom-mystery-shopping-this-is,2015-09-20T09:00:29Z
newsdemon.com,https://plaintextoffenders.com/post/129494448743/newsdemoncom-usenet-provider-originally,2015-09-20T15:00:34Z
njtransit.com,https://plaintextoffenders.com/post/129541848670/njtransitcom-transportation,2015-09-21T03:00:23Z
linear.com,https://plaintextoffenders.com/post/129558225234/linearcom-integrated-circuits-plain-text,2015-09-21T09:00:26Z
rawspicebar.com,https://plaintextoffenders.com/post/129570913381/rawspicebarcom-spices-i-suppose-we-should-take,2015-09-21T15:00:30Z
kingsplace.co.uk,https://plaintextoffenders.com/post/129614159977/kingsplacecouk-venue,2015-09-22T03:00:14Z
picarto.tv,https://plaintextoffenders.com/post/129629650218/picartotv-llivestream-service-for-artists-they,2015-09-22T09:00:33Z
mediainsiders.com,https://plaintextoffenders.com/post/129642129237/mediainsiderscom-smartphone-research-rewards,2015-09-22T15:00:20Z
usenetserver.com,https://plaintextoffenders.com/post/129684863875/usenetservercom-usenet-access-username-and,2015-09-23T03:00:29Z
managedtechnicalsupportaccess.com,https://plaintextoffenders.com/post/129700181114/managedtechnicalsupportaccesscom-technical,2015-09-23T09:00:20Z
mynpp.com,https://plaintextoffenders.com/post/129712887534/mynppcom-business-services-organization-this,2015-09-23T15:00:35Z
cpfc.co.uk,https://plaintextoffenders.com/post/129754165013/cpfccouk-football-club,2015-09-24T03:00:17Z
isagenixcorp.com,https://plaintextoffenders.com/post/129769143450/isagenixcom-isagenixcorpcom-pyramid-marketing,2015-09-24T09:00:30Z
isagenix.com,https://plaintextoffenders.com/post/129769143450/isagenixcom-isagenixcorpcom-pyramid-marketing,2015-09-24T09:00:30Z
macmillanhighered.com,https://plaintextoffenders.com/post/129821912445/bfwpubcom-macmillanhigheredcom-education,2015-09-25T03:00:09Z
gadgetfix.com,https://plaintextoffenders.com/post/129836681662/gadgetfixcom-cellphone-replacement-parts,2015-09-25T09:00:06Z
knitting4fun.com,https://plaintextoffenders.com/post/129849040270/knitproneedlescouk-knitting4funcom-knitting,2015-09-25T15:00:35Z
knitproneedles.co.uk,https://plaintextoffenders.com/post/129849040270/knitproneedlescouk-knitting4funcom-knitting,2015-09-25T15:00:35Z
nielsenonlinerewards.com,https://plaintextoffenders.com/post/129887873944/nielsenonlinerewardscom-rewards-program-not-only,2015-09-26T03:00:20Z
beckwithelectric.com,https://plaintextoffenders.com/post/129903086921/beckwithelectriccom-electricity-products-and,2015-09-26T09:00:31Z
sureclose.com,https://plaintextoffenders.com/post/129958317376/stewartcom-sureclosecom-real-estate-they,2015-09-27T03:00:16Z
stewart.com,https://plaintextoffenders.com/post/129958317376/stewartcom-sureclosecom-real-estate-they,2015-09-27T03:00:16Z
spigen.co.uk,https://plaintextoffenders.com/post/129974828193/spigencouk-mobile-phone-covers-when-you-set-up-a,2015-09-27T09:00:07Z
boots.com,https://plaintextoffenders.com/post/129989131240/buyvouchersnet-bootscom-vouchers-i-didnt,2015-09-27T15:00:19Z
buyvouchers.net,https://plaintextoffenders.com/post/129989131240/buyvouchersnet-bootscom-vouchers-i-didnt,2015-09-27T15:00:19Z
wileyplus.com,https://plaintextoffenders.com/post/130035128757/wileypluscom-wileycom-e-learning-sends-the,2015-09-28T03:00:24Z
8minutedating.com,https://plaintextoffenders.com/post/130051251643/8minutedatingcom-dating-events,2015-09-28T09:00:05Z
andertons.co.uk,https://plaintextoffenders.com/post/130063520124/andertonscouk-musical-instruments,2015-09-28T15:00:14Z
wpml.org,https://plaintextoffenders.com/post/130107204690/wpmlorg-blogging-platform-addon-gee-thanks-it,2015-09-29T03:00:27Z
verticallifemag.com.au,https://plaintextoffenders.com/post/130134668560/verticallifemagcomau-rock-climbing-magazine,2015-09-29T15:00:21Z
agentofchange.net,https://plaintextoffenders.com/post/130176273663/agentofchangenet-online-training-would-be-such-a,2015-09-30T03:00:12Z
procon.sp.gov.br,https://plaintextoffenders.com/post/130191513023/proconspgovbr-no-spam-government-registry,2015-09-30T09:00:14Z
citroen.co.uk,https://plaintextoffenders.com/post/130203466274/citroencouk-car-manufacturer-offending-by-means,2015-09-30T15:00:33Z
champps.com,https://plaintextoffenders.com/post/130244159118/mjmsportscom-champpscom-fantasy-sports-league,2015-10-01T03:00:17Z
mjmsports.com,https://plaintextoffenders.com/post/130244159118/mjmsportscom-champpscom-fantasy-sports-league,2015-10-01T03:00:17Z
placeprocanada.com,https://plaintextoffenders.com/post/130259289613/placeprocom-placeprocanadacom-student-co-op-job,2015-10-01T09:00:14Z
placepro.com,https://plaintextoffenders.com/post/130259289613/placeprocom-placeprocanadacom-student-co-op-job,2015-10-01T09:00:14Z
eyo.com.au,https://plaintextoffenders.com/post/130271307401/eyocomau-computer-hardware-retailer,2015-10-01T15:00:33Z
rentila.com,https://plaintextoffenders.com/post/130311317489/rentilacom-rent-management-for-landlords,2015-10-02T03:00:20Z
tribesnext.com,https://plaintextoffenders.com/post/130325897981/tribesnextcom-online-game-their-forum-is-a-plain,2015-10-02T09:00:05Z
ground-based.com,https://plaintextoffenders.com/post/130337701920/ground-basedcom-food-supplements-i-received-my,2015-10-02T15:00:39Z
chatzy.com,https://plaintextoffenders.com/post/130391496934/chatzycom-online-chatroom,2015-10-03T09:00:17Z
crowdsurge.com,https://plaintextoffenders.com/post/130404875040/crowdsurgecom-tickets-sent-to-me-just-after,2015-10-03T15:00:20Z
cloudfile.co,https://plaintextoffenders.com/post/130446739391/cloudfileco-file-sharing,2015-10-04T03:00:11Z
ahrefs.com,https://plaintextoffenders.com/post/130463115298/ahrefscom-seo-software,2015-10-04T09:00:33Z
expeditelectronics.com,https://plaintextoffenders.com/post/130477315293/expeditelectronicscom-electronics-retailer,2015-10-04T15:00:40Z
srsmicrosystems.co.uk,https://plaintextoffenders.com/post/130523821751/srsmicrosystemscouk-photography-equipment,2015-10-05T03:00:21Z
sweetas.net.au,https://plaintextoffenders.com/post/130539711677/sweetasnetau-chocolate,2015-10-05T09:00:14Z
nrmasaferdriving.com.au,https://plaintextoffenders.com/post/130551732064/mynrmacomau-nrmasaferdrivingcomau-motor,2015-10-05T15:00:40Z
mynrma.com.au,https://plaintextoffenders.com/post/130551732064/mynrmacomau-nrmasaferdrivingcomau-motor,2015-10-05T15:00:40Z
simplyenergy.com,https://plaintextoffenders.com/post/130592965592/simplyenergycomau-simplyenergycom-power-and,2015-10-06T03:00:21Z
simplyenergy.com.au,https://plaintextoffenders.com/post/130592965592/simplyenergycomau-simplyenergycom-power-and,2015-10-06T03:00:21Z
lastampa.it,https://plaintextoffenders.com/post/130607780252/lastampait-newspaper,2015-10-06T09:00:20Z
siteadvisor.com,https://plaintextoffenders.com/post/130619444421/siteadvisorcom-website-safety-ratings,2015-10-06T15:00:26Z
ipa.co.uk,https://plaintextoffenders.com/post/130659155336/ipacouk-professional-body-this-is-the-entire,2015-10-07T03:00:38Z
ccv-cvc.ca,https://plaintextoffenders.com/post/130673809424/ccv-cvcca-researcher-cvs,2015-10-07T09:00:09Z
privacypolicies.com,https://plaintextoffenders.com/post/130685533374/privacypoliciescom-privacy-policy-generator,2015-10-07T15:00:20Z
ledgerjournal.org,https://plaintextoffenders.com/post/130724964716/ledgerjournalorg-academic-journal,2015-10-08T03:00:27Z
zooplus.co.uk,https://plaintextoffenders.com/post/130739287316/zoopluscouk-pet-supplies,2015-10-08T09:00:22Z
certifiedcustomercare.com,https://plaintextoffenders.com/post/130750856587/lifetouchcom-certifiedcustomercarecom,2015-10-08T15:00:38Z
lifetouch.com,https://plaintextoffenders.com/post/130750856587/lifetouchcom-certifiedcustomercarecom,2015-10-08T15:00:38Z
akelius.se,https://plaintextoffenders.com/post/130789590846/akeliusse-apartment-rental-company-they-send,2015-10-09T03:00:13Z
northhosts.co.uk,https://plaintextoffenders.com/post/130803957150/northhostscouk-web-hosting-they-store-client,2015-10-09T09:00:12Z
netemprego.gov.pt,https://plaintextoffenders.com/post/130815797661/netempregogovpt-government-agency-this-is-an,2015-10-09T15:00:13Z
boomerangstore.jp,https://plaintextoffenders.com/post/130853671060/boomerangse-boomerangstorecom,2015-10-10T03:00:09Z
boomerangstore.us,https://plaintextoffenders.com/post/130853671060/boomerangse-boomerangstorecom,2015-10-10T03:00:09Z
boomerangstore.co.uk,https://plaintextoffenders.com/post/130853671060/boomerangse-boomerangstorecom,2015-10-10T03:00:09Z
boomerangstore.de,https://plaintextoffenders.com/post/130853671060/boomerangse-boomerangstorecom,2015-10-10T03:00:09Z
boomerangstore.fr,https://plaintextoffenders.com/post/130853671060/boomerangse-boomerangstorecom,2015-10-10T03:00:09Z
boomerangstore.eu,https://plaintextoffenders.com/post/130853671060/boomerangse-boomerangstorecom,2015-10-10T03:00:09Z
boomerangstore.fi,https://plaintextoffenders.com/post/130853671060/boomerangse-boomerangstorecom,2015-10-10T03:00:09Z
boomerangstore.dk,https://plaintextoffenders.com/post/130853671060/boomerangse-boomerangstorecom,2015-10-10T03:00:09Z
boomerangstore.no,https://plaintextoffenders.com/post/130853671060/boomerangse-boomerangstorecom,2015-10-10T03:00:09Z
boomerangstore.se,https://plaintextoffenders.com/post/130853671060/boomerangse-boomerangstorecom,2015-10-10T03:00:09Z
boomerangstore.com,https://plaintextoffenders.com/post/130853671060/boomerangse-boomerangstorecom,2015-10-10T03:00:09Z
boomerang.se,https://plaintextoffenders.com/post/130853671060/boomerangse-boomerangstorecom,2015-10-10T03:00:09Z
hacker.org,https://plaintextoffenders.com/post/130868482790/hackerorg-programming-games-and-forums-hey-guys,2015-10-10T09:00:06Z
apexy.com,https://plaintextoffenders.com/post/130881604082/apexycom-vps,2015-10-10T15:00:22Z
giftandartgallery.town.ie,https://plaintextoffenders.com/post/130920915865/giftandartgallerytownie-jewellery-gifts,2015-10-11T03:00:28Z
techbuy.com.au,https://plaintextoffenders.com/post/130936649094/techbuycomau-computer-parts-and-software-the,2015-10-11T09:00:20Z
tns-gallup.no,https://plaintextoffenders.com/post/130950376351/galluppaneletno-tns-gallupno-marketing,2015-10-11T15:00:39Z
galluppanelet.no,https://plaintextoffenders.com/post/130950376351/galluppaneletno-tns-gallupno-marketing,2015-10-11T15:00:39Z
italotreno.it,https://plaintextoffenders.com/post/130993866359/italotrenoit-train-company-after-registering-to,2015-10-12T03:00:29Z
jblcourses.com,https://plaintextoffenders.com/post/131009979912/jblcoursescom-online-textbooks-and-classes,2015-10-12T09:00:23Z
sav-electroportatif.com,https://plaintextoffenders.com/post/131022057807/sav-electroportatifcom-power-tools-shopping-site,2015-10-12T15:00:24Z
pascalpress.com.au,https://plaintextoffenders.com/post/131064308847/pascalpresscomau-educational-publications,2015-10-13T03:00:19Z
glenlivet.com,https://plaintextoffenders.com/post/131079343340/glenlivetcom-scotch-whisky,2015-10-13T09:00:19Z
ers-online.co.uk,https://plaintextoffenders.com/post/131091120827/parkrun-barcodeorguk-ersltdcouk,2015-10-13T15:00:27Z
ersltd.co.uk,https://plaintextoffenders.com/post/131091120827/parkrun-barcodeorguk-ersltdcouk,2015-10-13T15:00:27Z
parkrun-barcode.org.uk,https://plaintextoffenders.com/post/131091120827/parkrun-barcodeorguk-ersltdcouk,2015-10-13T15:00:27Z
boothleads.com,https://plaintextoffenders.com/post/131131241572/boothleadscom-mobile-app-upon-requesting-a,2015-10-14T03:00:14Z
filmpresskit.de,https://plaintextoffenders.com/post/131145790111/filmpresskitde-press-kits-for-movies-note-this,2015-10-14T09:00:08Z
decisionlogic.net,https://plaintextoffenders.com/post/131157485990/decisionlogiccom-decisionlogicnet-bank,2015-10-14T15:00:28Z
decisionlogic.com,https://plaintextoffenders.com/post/131157485990/decisionlogiccom-decisionlogicnet-bank,2015-10-14T15:00:28Z
legambiente.org,https://plaintextoffenders.com/post/131196753431/puliamoilmondoit-legambienteit-legambienteorg,2015-10-15T03:00:10Z
legambiente.it,https://plaintextoffenders.com/post/131196753431/puliamoilmondoit-legambienteit-legambienteorg,2015-10-15T03:00:10Z
puliamoilmondo.it,https://plaintextoffenders.com/post/131196753431/puliamoilmondoit-legambienteit-legambienteorg,2015-10-15T03:00:10Z
zopnow.com,https://plaintextoffenders.com/post/131210961922/zopnowcom-groceries-delivery,2015-10-15T09:00:23Z
cleanupaustraliaday.org.au,https://plaintextoffenders.com/post/131222362569/cleanupaustraliadayorgau-environmental-event,2015-10-15T15:00:19Z
dhwebsites.com,https://plaintextoffenders.com/post/131260497462/seamlessguttersupplycom-dhwebsitescom-gutters,2015-10-16T03:00:25Z
seamlessguttersupply.com,https://plaintextoffenders.com/post/131260497462/seamlessguttersupplycom-dhwebsitescom-gutters,2015-10-16T03:00:25Z
port-orange.org,https://plaintextoffenders.com/post/131274705199/port-orangeorg-city-government-in-this-case,2015-10-16T09:00:25Z
gov.bc.ca,https://plaintextoffenders.com/post/131286405912/govbcca-government-this-is-from-their-jobs,2015-10-16T15:00:20Z
learningtree.co.jp,https://plaintextoffenders.com/post/131324043673/learningtreecom-learningtreecouk,2015-10-17T03:00:27Z
learningtree.se,https://plaintextoffenders.com/post/131324043673/learningtreecom-learningtreecouk,2015-10-17T03:00:27Z
learningtree.fr,https://plaintextoffenders.com/post/131324043673/learningtreecom-learningtreecouk,2015-10-17T03:00:27Z
learningtree.co.uk,https://plaintextoffenders.com/post/131324043673/learningtreecom-learningtreecouk,2015-10-17T03:00:27Z
learningtree.com,https://plaintextoffenders.com/post/131324043673/learningtreecom-learningtreecouk,2015-10-17T03:00:27Z
retrosuperfuture.com,https://plaintextoffenders.com/post/131338500522/retrosuperfuturecom-eyewear,2015-10-17T09:00:20Z
iit.edu,https://plaintextoffenders.com/post/131351339061/iitedu-university-this-is-from-their-facility,2015-10-17T15:00:31Z
verzendverpakkingenshop.nl,https://plaintextoffenders.com/post/131391034662/verzendverpakkingenshopnl-packaging-materials,2015-10-18T03:00:33Z
chesstelecom.com,https://plaintextoffenders.com/post/131406415579/chesstelecomcom-telecommunication-solutions-i,2015-10-18T09:00:28Z
nicequest.com,https://plaintextoffenders.com/post/131419877595/nicequestcom-survey-service,2015-10-18T15:00:42Z
gochengdoo.com,https://plaintextoffenders.com/post/131464344406/gochengdoocom-classifieds-and-forums,2015-10-19T03:00:24Z
emdeon.com,https://plaintextoffenders.com/post/131479641963/emdeoncom-healthcare-revenue-and-payment,2015-10-19T09:00:19Z
newschoolphotography.com,https://plaintextoffenders.com/post/131531535949/newschoolphotographycom-photography-hilariously,2015-10-20T03:00:26Z
mobeetechnology.com,https://plaintextoffenders.com/post/131545566753/mobeetechnologycom-computer-accessories-needed,2015-10-20T09:00:20Z
safari-india.com,https://plaintextoffenders.com/post/131556958823/safari-indiacom-magazine,2015-10-20T15:00:19Z
predictiveanalyticsworld.com,https://plaintextoffenders.com/post/131596343913/predictiveanalyticsworldcom-professional-event,2015-10-21T03:00:17Z
westsussex.gov.uk,https://plaintextoffenders.com/post/131610595309/westsussexgovuk-country-government-i-sure,2015-10-21T09:00:19Z
usatf.org,https://plaintextoffenders.com/post/131622292195/usatforg-sport-governing-body,2015-10-21T15:00:40Z
eaudugrandlyon.com,https://plaintextoffenders.com/post/131661402128/eaudugrandlyoncom-water-service-just-created-an,2015-10-22T03:00:33Z
oetker.nl,https://plaintextoffenders.com/post/131675407864/oetkernl-baking-goods,2015-10-22T09:00:28Z
paysavvy.com,https://plaintextoffenders.com/post/131724761484/paysavvycom-payroll-hr-and-time-management,2015-10-23T03:00:25Z
baylor.edu,https://plaintextoffenders.com/post/131738524589/bayloredu-university-these-guys-host-a,2015-10-23T09:00:11Z
fundacionsepi.es,https://plaintextoffenders.com/post/131750131992/fundacionsepies-internship-facilitator,2015-10-23T15:00:23Z
cityspb.ru,https://plaintextoffenders.com/post/131787034954/cityspbru-events-calendar,2015-10-24T03:00:16Z
mirasvit.com,https://plaintextoffenders.com/post/131813774566/mirasvitcom-software-extensions,2015-10-24T15:00:22Z
emond.ca,https://plaintextoffenders.com/post/131853394291/emondca-book-publishers-you-need-to-make-an,2015-10-25T03:00:32Z
tee-on.com,https://plaintextoffenders.com/post/131868552247/tee-oncom-golf-reservation-system-this-email-was,2015-10-25T09:00:24Z
dragonfable.com,https://plaintextoffenders.com/post/131881778713/dragonfablecom-online-role-playing-game-i,2015-10-25T15:00:38Z
medcaster.com,https://plaintextoffenders.com/post/131942733693/medcastercom-medical-casters-i-had-to-create-an,2015-10-26T10:00:25Z
moondreamwebstore.com,https://plaintextoffenders.com/post/131956211021/moondreamwebstorecom-specialist-curtains,2015-10-26T16:00:51Z
kinesis-ergo.com,https://plaintextoffenders.com/post/131997109439/kinesis-ergocom-ergonomic-computer-accessories,2015-10-27T04:00:12Z
asvacations.com,https://plaintextoffenders.com/post/132009472134/asvacationscom-airline-vacations-offers-its,2015-10-27T10:00:21Z
citizenm.com,https://plaintextoffenders.com/post/132022551343/hetrascom-citizenmcom-hotel-management-system,2015-10-27T16:00:37Z
hetras.com,https://plaintextoffenders.com/post/132022551343/hetrascom-citizenmcom-hotel-management-system,2015-10-27T16:00:37Z
deziweb.nl,https://plaintextoffenders.com/post/132062897378/deziwebnl-web-hosting,2015-10-28T04:00:22Z
steg-electronics.ch,https://plaintextoffenders.com/post/132075063881/steg-electronicsch-consumer-electronics-i,2015-10-28T10:00:29Z
egged.co.il,https://plaintextoffenders.com/post/132088136036/eggedcoil-public-transportation-password,2015-10-28T16:00:45Z
msuadmissions.org,https://plaintextoffenders.com/post/132127695855/montanaedu-msuadmissionsorg-university,2015-10-29T04:00:18Z
montana.edu,https://plaintextoffenders.com/post/132127695855/montanaedu-msuadmissionsorg-university,2015-10-29T04:00:18Z
livelingua.com,https://plaintextoffenders.com/post/132139835421/livelinguacom-language-lessons-they-just-sent-my,2015-10-29T10:00:18Z
warnerartists.net,https://plaintextoffenders.com/post/132152900760/warnerartistsnet-music-merchandise-this-is-the,2015-10-29T16:00:29Z
zebra.com,https://plaintextoffenders.com/post/132191110638/motorolasolutionscom-zebracom-computer,2015-10-30T04:00:11Z
motorolasolutions.com,https://plaintextoffenders.com/post/132191110638/motorolasolutionscom-zebracom-computer,2015-10-30T04:00:11Z
orzly.co.uk,https://plaintextoffenders.com/post/132202760421/orzlycom-orzlycouk-cellphone-accessories,2015-10-30T10:00:22Z
orzly.com,https://plaintextoffenders.com/post/132202760421/orzlycom-orzlycouk-cellphone-accessories,2015-10-30T10:00:22Z
akkrt.hu,https://plaintextoffenders.com/post/132251067635/szotarnet-akkrthu-publisher-they-emailed-me-my,2015-10-31T04:00:36Z
szotar.net,https://plaintextoffenders.com/post/132251067635/szotarnet-akkrthu-publisher-they-emailed-me-my,2015-10-31T04:00:36Z
duracelldirect.co.uk,https://plaintextoffenders.com/post/132262734208/duracelldirectie-duracelldirectcouk-batteries,2015-10-31T10:00:35Z
duracelldirect.ie,https://plaintextoffenders.com/post/132262734208/duracelldirectie-duracelldirectcouk-batteries,2015-10-31T10:00:35Z
fluccs.com.au,https://plaintextoffenders.com/post/132276440085/fluccscomau-web-hosting-worst-thing-is-this,2015-10-31T16:00:48Z
miinto.no,https://plaintextoffenders.com/post/132311950771/miintono-clothing-they-sent-me-the-generated,2015-11-01T04:00:32Z
occuvax.com,https://plaintextoffenders.com/post/132323892774/occuvaxcom-flu-shot-clinic-you-can-make,2015-11-01T10:00:34Z
clickatell.com,https://plaintextoffenders.com/post/132331893056/clickatellcom-sms-gateway-email-received-when,2015-11-01T14:00:25Z
uniflex.se,https://plaintextoffenders.com/post/132345537896/uniflexse-staffing-created-account-and-they,2015-11-01T18:00:50Z
learnkey.com,https://plaintextoffenders.com/post/132375727370/learnkeycom-online-training-customer-you-are,2015-11-02T02:00:36Z
collaw.edu.au,https://plaintextoffenders.com/post/132389627293/collaweduau-university-all-graduating-law,2015-11-02T06:00:30Z
son-video.com,https://plaintextoffenders.com/post/132397370919/son-videocom-consumer-electronics-the-first,2015-11-02T10:00:34Z
oister.dk,https://plaintextoffenders.com/post/132404947889/oisterdk-telephone-company-they-send-passwords,2015-11-02T14:00:40Z
electrictobacconist.co.uk,https://plaintextoffenders.com/post/132457287413/electrictobacconistcouk-e-cigarettes,2015-11-03T06:00:17Z
macrumors.com,https://plaintextoffenders.com/post/132464554126/macrumorscom-news-aggregator,2015-11-03T10:00:15Z
enap.gov.br,https://plaintextoffenders.com/post/132471558610/enapgovbr-government-when-i-registered-my,2015-11-03T14:00:23Z
holyart.de,https://plaintextoffenders.com/post/132482554835/holyartcom-holyartit-holyartcouk,2015-11-03T18:01:03Z
holyart.fr,https://plaintextoffenders.com/post/132482554835/holyartcom-holyartit-holyartcouk,2015-11-03T18:01:03Z
holyart.es,https://plaintextoffenders.com/post/132482554835/holyartcom-holyartit-holyartcouk,2015-11-03T18:01:03Z
holyart.co.uk,https://plaintextoffenders.com/post/132482554835/holyartcom-holyartit-holyartcouk,2015-11-03T18:01:03Z
holyart.it,https://plaintextoffenders.com/post/132482554835/holyartcom-holyartit-holyartcouk,2015-11-03T18:01:03Z
holyart.com,https://plaintextoffenders.com/post/132482554835/holyartcom-holyartit-holyartcouk,2015-11-03T18:01:03Z
april.fr,https://plaintextoffenders.com/post/132509261632/aprilfr-health-insurance-company,2015-11-04T02:00:38Z
revuedesdeuxmondes.fr,https://plaintextoffenders.com/post/132522284318/revuedesdeuxmondesfr-magazine,2015-11-04T06:00:31Z
designboom.com,https://plaintextoffenders.com/post/132529378792/designboomcom-magazine,2015-11-04T10:00:26Z
hellboundhackers.org,https://plaintextoffenders.com/post/132536329290/hellboundhackersorg-computer-security-forums,2015-11-04T14:00:34Z
alliantenergy.com,https://plaintextoffenders.com/post/132546961571/alliantenergycom-energy-company-they-required,2015-11-04T18:00:29Z
opendrive.com,https://plaintextoffenders.com/post/132586428089/opendrivecom-online-storage-i-dont-think-i-can,2015-11-05T06:00:35Z
meditab.com,https://plaintextoffenders.com/post/132643772993/aairinfo-meditabcom-health-care-provider,2015-11-06T04:00:33Z
aair.info,https://plaintextoffenders.com/post/132643772993/aairinfo-meditabcom-health-care-provider,2015-11-06T04:00:33Z
aggielandoutfitters.com,https://plaintextoffenders.com/post/132656844694/aggielandoutfitterscom-merchandise-retailer,2015-11-06T10:00:25Z
renfe.com,https://plaintextoffenders.com/post/132668816787/renfecom-rail-company-they-send-your-password-in,2015-11-06T16:00:32Z
ncasstraining.co.uk,https://plaintextoffenders.com/post/132706137815/ncasstrainingcouk-training-and-certification,2015-11-07T04:00:11Z
iciparisxl.nl,https://plaintextoffenders.com/post/132719804879/iciparisxlnl-perfumes-in-order-to-make-a,2015-11-07T10:00:13Z
huawei.com,https://plaintextoffenders.com/post/132733424944/huaweicom-telecommunications-equipment-and,2015-11-07T16:00:37Z
wakeupcallme.com,https://plaintextoffenders.com/post/132767433032/wakeupcallmecom-wake-up-calls-plain-text,2015-11-08T02:00:41Z
5nine.com,https://plaintextoffenders.com/post/132779903827/5ninecom-server-software-received-the-password,2015-11-08T06:00:29Z
landandfarm.com,https://plaintextoffenders.com/post/132788818959/landandfarmcom-real-estate,2015-11-08T10:00:30Z
matrikonopc.com,https://plaintextoffenders.com/post/132796963754/matrikonopccom-equipment-data-connectivity,2015-11-08T14:00:40Z
rikordami.it,https://plaintextoffenders.com/post/132810372461/rikordamiit-memo-service,2015-11-08T18:00:38Z
cleanagents.com,https://plaintextoffenders.com/post/132840670094/cleanagentscom-on-demand-cleaning-services,2015-11-09T02:00:17Z
larianvault.com,https://plaintextoffenders.com/post/132854589751/larianvaultcom-video-game-studio-its-worth,2015-11-09T06:00:33Z
liverpoolfc.com,https://plaintextoffenders.com/post/132862421964/liverpoolfccom-football-club-one-of-the-top-10,2015-11-09T10:00:33Z
friendsarena.se,https://plaintextoffenders.com/post/132869291939/friendsarenase-event-tickets-they-also-sell,2015-11-09T14:00:13Z
surreybadminton.co.uk,https://plaintextoffenders.com/post/132880254618/surreybadmintoncouk-sports-league-sent-the,2015-11-09T18:00:16Z
cookie-script.com,https://plaintextoffenders.com/post/132908142135/cookie-scriptcom-web-software-registered-today,2015-11-10T02:00:39Z
zimexport.com,https://plaintextoffenders.com/post/132921446886/zimexportcom-consumer-electronics-complete-with,2015-11-10T06:00:33Z
examcollection.com,https://plaintextoffenders.com/post/132935645374/examcollectioncom-exam-practice-tests,2015-11-10T14:00:28Z
inforferreira.pt,https://plaintextoffenders.com/post/132946153663/inforferreirapt-consumer-electronics,2015-11-10T18:00:38Z
cubicbundle.com,https://plaintextoffenders.com/post/132972873239/cubicbundlecom-video-games-email-received-upon,2015-11-11T02:00:27Z
hlj.com,https://plaintextoffenders.com/post/132986193578/hljcom-hobby-store-password-recovery-sends,2015-11-11T06:00:15Z
favslist.com,https://plaintextoffenders.com/post/132993922525/favslistcom-ranking-they-sent-my-password-in,2015-11-11T10:00:19Z
torrentleech.org,https://plaintextoffenders.com/post/133000750583/torrentleechorg-private-bittorrent-tracker,2015-11-11T14:00:21Z
e-rezervace.cz,https://plaintextoffenders.com/post/133012102091/gutovkacz-e-rezervacecz-sports-center-when,2015-11-11T18:00:39Z
gutovka.cz,https://plaintextoffenders.com/post/133012102091/gutovkacz-e-rezervacecz-sports-center-when,2015-11-11T18:00:39Z
brownells.com,https://plaintextoffenders.com/post/133039487578/brownellscom-sporting-goods-technical-support,2015-11-12T02:00:29Z
insulation4less.co.uk,https://plaintextoffenders.com/post/133052622182/insulation4lesscouk-insulation-sends-plain-text,2015-11-12T06:00:07Z
completesavings.co.uk,https://plaintextoffenders.com/post/133060281456/completesavingscouk-cash-back-so-are-we-not,2015-11-12T10:00:12Z
pbtech.co.nz,https://plaintextoffenders.com/post/133067091055/pbtechconz-computers-and-computer-peripherals,2015-11-12T14:00:19Z
tyco.com,https://plaintextoffenders.com/post/133077976092/tycocom-security-products,2015-11-12T18:00:16Z
intermariswoonmatch.nl,https://plaintextoffenders.com/post/133104683167/intermarisnl-intermariswoonmatchnl-housing,2015-11-13T02:00:26Z
intermaris.nl,https://plaintextoffenders.com/post/133104683167/intermarisnl-intermariswoonmatchnl-housing,2015-11-13T02:00:26Z
yuvajobs.com,https://plaintextoffenders.com/post/133117446424/yuvajobscom-job-board-this-was-what-they-sent,2015-11-13T06:00:28Z
circuitcat.com,https://plaintextoffenders.com/post/133124934441/circuitcatcom-race-track-registering-to-buy,2015-11-13T10:00:28Z
tradedirect365.com.au,https://plaintextoffenders.com/post/133131679856/tradedirect365comau-cfd-trading-large-sums-of,2015-11-13T14:00:35Z
saveonfoodsjobs.com,https://plaintextoffenders.com/post/133142337511/saveonfoodsjobscom-job-application-seems-to-be,2015-11-13T18:00:20Z
minecraftserverlist.eu,https://plaintextoffenders.com/post/133167748039/serverpactcom-minecraftserverlisteu-video-game,2015-11-14T02:00:37Z
serverpact.com,https://plaintextoffenders.com/post/133167748039/serverpactcom-minecraftserverlisteu-video-game,2015-11-14T02:00:37Z
sportino.pt,https://plaintextoffenders.com/post/133179881270/sportinopt-apparel-password-shown-back-at-you,2015-11-14T06:00:31Z
ethicsgame.com,https://plaintextoffenders.com/post/133187977839/ethicsgamecom-ethical-education-this-company,2015-11-14T10:00:15Z
bravofly.com,https://plaintextoffenders.com/post/133195510774/lastminutecom-bravoflycom-online-travel-and,2015-11-14T14:00:32Z
lastminute.com,https://plaintextoffenders.com/post/133195510774/lastminutecom-bravoflycom-online-travel-and,2015-11-14T14:00:32Z
ogame.jp,https://plaintextoffenders.com/post/133207924752/ogamegameforgecom-ogamees-ogamede-ogamefr,2015-11-14T18:00:35Z
ogame.gr,https://plaintextoffenders.com/post/133207924752/ogamegameforgecom-ogamees-ogamede-ogamefr,2015-11-14T18:00:35Z
ogame.co.uk,https://plaintextoffenders.com/post/133207924752/ogamegameforgecom-ogamees-ogamede-ogamefr,2015-11-14T18:00:35Z
ogame.com.tr,https://plaintextoffenders.com/post/133207924752/ogamegameforgecom-ogamees-ogamede-ogamefr,2015-11-14T18:00:35Z
ogame.se,https://plaintextoffenders.com/post/133207924752/ogamegameforgecom-ogamees-ogamede-ogamefr,2015-11-14T18:00:35Z
ogame.fi,https://plaintextoffenders.com/post/133207924752/ogamegameforgecom-ogamees-ogamede-ogamefr,2015-11-14T18:00:35Z
ogame.sk,https://plaintextoffenders.com/post/133207924752/ogamegameforgecom-ogamees-ogamede-ogamefr,2015-11-14T18:00:35Z
ogame.si,https://plaintextoffenders.com/post/133207924752/ogamegameforgecom-ogamees-ogamede-ogamefr,2015-11-14T18:00:35Z
ogame.pt,https://plaintextoffenders.com/post/133207924752/ogamegameforgecom-ogamees-ogamede-ogamefr,2015-11-14T18:00:35Z
ogame.pl,https://plaintextoffenders.com/post/133207924752/ogamegameforgecom-ogamees-ogamede-ogamefr,2015-11-14T18:00:35Z
ogame.nl,https://plaintextoffenders.com/post/133207924752/ogamegameforgecom-ogamees-ogamede-ogamefr,2015-11-14T18:00:35Z
ogame.com.hr,https://plaintextoffenders.com/post/133207924752/ogamegameforgecom-ogamees-ogamede-ogamefr,2015-11-14T18:00:35Z
ogame.dk,https://plaintextoffenders.com/post/133207924752/ogamegameforgecom-ogamees-ogamede-ogamefr,2015-11-14T18:00:35Z
ogame.tw,https://plaintextoffenders.com/post/133207924752/ogamegameforgecom-ogamees-ogamede-ogamefr,2015-11-14T18:00:35Z
ogame.by,https://plaintextoffenders.com/post/133207924752/ogamegameforgecom-ogamees-ogamede-ogamefr,2015-11-14T18:00:35Z
ogame.cc,https://plaintextoffenders.com/post/133207924752/ogamegameforgecom-ogamees-ogamede-ogamefr,2015-11-14T18:00:35Z
ogame.hu,https://plaintextoffenders.com/post/133207924752/ogamegameforgecom-ogamees-ogamede-ogamefr,2015-11-14T18:00:35Z
ogame.no,https://plaintextoffenders.com/post/133207924752/ogamegameforgecom-ogamees-ogamede-ogamefr,2015-11-14T18:00:35Z
ogame.ro,https://plaintextoffenders.com/post/133207924752/ogamegameforgecom-ogamees-ogamede-ogamefr,2015-11-14T18:00:35Z
ogame.ru,https://plaintextoffenders.com/post/133207924752/ogamegameforgecom-ogamees-ogamede-ogamefr,2015-11-14T18:00:35Z
ogame.mx,https://plaintextoffenders.com/post/133207924752/ogamegameforgecom-ogamees-ogamede-ogamefr,2015-11-14T18:00:35Z
ogame.cz,https://plaintextoffenders.com/post/133207924752/ogamegameforgecom-ogamees-ogamede-ogamefr,2015-11-14T18:00:35Z
ogame.org,https://plaintextoffenders.com/post/133207924752/ogamegameforgecom-ogamees-ogamede-ogamefr,2015-11-14T18:00:35Z
ogame.it,https://plaintextoffenders.com/post/133207924752/ogamegameforgecom-ogamees-ogamede-ogamefr,2015-11-14T18:00:35Z
ogame.fr,https://plaintextoffenders.com/post/133207924752/ogamegameforgecom-ogamees-ogamede-ogamefr,2015-11-14T18:00:35Z
ogame.de,https://plaintextoffenders.com/post/133207924752/ogamegameforgecom-ogamees-ogamede-ogamefr,2015-11-14T18:00:35Z
ogame.es,https://plaintextoffenders.com/post/133207924752/ogamegameforgecom-ogamees-ogamede-ogamefr,2015-11-14T18:00:35Z
ogame.gameforge.com,https://plaintextoffenders.com/post/133207924752/ogamegameforgecom-ogamees-ogamede-ogamefr,2015-11-14T18:00:35Z
jenkins-ci.org,https://plaintextoffenders.com/post/133235299001/jenkins-ciorg-ci-server-software-nothing,2015-11-15T02:00:40Z
ingeniussoftware.com,https://plaintextoffenders.com/post/133247618421/ingeniussoftwarecom-computer-telephony,2015-11-15T06:00:15Z
scholarshipscanada.com,https://plaintextoffenders.com/post/133256481811/scholarshipscanadacom-scholarships-they-send,2015-11-15T10:00:12Z
jbox.com,https://plaintextoffenders.com/post/133264522945/jboxcom-online-importers,2015-11-15T14:00:24Z
plusrelocation.com,https://plaintextoffenders.com/post/133277800921/plusrelocationcom-relocation-assistance-services,2015-11-15T18:00:33Z
habitat.co.uk,https://plaintextoffenders.com/post/133307608532/habitatcouk-home-furnishing-retailer,2015-11-16T02:00:27Z
bedrijfscultureelabonnement.nl,https://plaintextoffenders.com/post/133321483856/mijnbcanl-bedrijfscultureelabonnementnl,2015-11-16T06:00:31Z
mijnbca.nl,https://plaintextoffenders.com/post/133321483856/mijnbcanl-bedrijfscultureelabonnementnl,2015-11-16T06:00:31Z
heartsafe.ca,https://plaintextoffenders.com/post/133341057019/heartsafeca-medical-training-and-supplies-their,2015-11-16T16:00:24Z
888sport.com,https://plaintextoffenders.com/post/133381067990/888sportcom-gambling-sent-in-huge-letters-in-an,2015-11-17T04:00:17Z
mosomyclub.com,https://plaintextoffenders.com/post/133394708883/mosomyclubcom-gym-management-software-third,2015-11-17T10:00:20Z
nginx.org,https://plaintextoffenders.com/post/133406173498/nginxorg-server-software-editors-note-welcome,2015-11-17T16:00:27Z
saloniq.com,https://plaintextoffenders.com/post/133444704144/saloniqcom-salon-booking-software-at-least-the,2015-11-18T04:00:29Z
trophiesandmedals.com,https://plaintextoffenders.com/post/133458040548/trophiesandmedalscom-trophies-and-medals-did-not,2015-11-18T10:00:15Z
futoncompany.co.uk,https://plaintextoffenders.com/post/133469517325/futoncompanycouk-furniture,2015-11-18T16:00:20Z
tenrenusa.com,https://plaintextoffenders.com/post/133508243643/tenrenusacom-tea-full-plain-text-email-and,2015-11-19T04:00:33Z
eurogsm.ro,https://plaintextoffenders.com/post/133521863529/eurogsmro-consumer-electronics-for-such-a,2015-11-19T10:00:32Z
lge.com,https://plaintextoffenders.com/post/133533580714/lgecom-electronics-just-requested-a-password,2015-11-19T16:00:42Z
futurolausa.com,https://plaintextoffenders.com/post/133572041730/futurolausacom-smoking-accessories-note-read,2015-11-20T04:00:16Z
pivotel.co.nz,https://plaintextoffenders.com/post/133585717053/pivotelcomau-pivotelconz-satellite-phones,2015-11-20T10:00:17Z
pivotel.com.au,https://plaintextoffenders.com/post/133585717053/pivotelcomau-pivotelconz-satellite-phones,2015-11-20T10:00:17Z
valuemailers.com,https://plaintextoffenders.com/post/133597534477/valuemailerscom-mail-goods-they-emailed-me-my,2015-11-20T16:00:37Z
smartraveller.gov.au,https://plaintextoffenders.com/post/133634120784/smartravellergovau-official-travel-advice,2015-11-21T04:00:25Z
hbm2.com,https://plaintextoffenders.com/post/133647814352/hbm2com-real-estate-forgot-password-email,2015-11-21T10:00:21Z
braggcentral.com,https://plaintextoffenders.com/post/133660929051/billybraggcouk-braggcentralcom-artist,2015-11-21T16:00:16Z
billybragg.co.uk,https://plaintextoffenders.com/post/133660929051/billybraggcouk-braggcentralcom-artist,2015-11-21T16:00:16Z
voodooshield.com,https://plaintextoffenders.com/post/133700183037/voodooshieldcom-antivirus-supposedly-a-security,2015-11-22T04:00:28Z
actstudent.org,https://plaintextoffenders.com/post/133715057176/actorg-actstudentorg-standardized-tests-access,2015-11-22T10:00:35Z
act.org,https://plaintextoffenders.com/post/133715057176/actorg-actstudentorg-standardized-tests-access,2015-11-22T10:00:35Z
mweb.co.za,https://plaintextoffenders.com/post/133728851166/mwebcoza-isp-upgraded-my-line-speed-and-they,2015-11-22T16:00:15Z
mymazda.com,https://plaintextoffenders.com/post/133772582211/mymazdacom-vehicle-information-tracking-access,2015-11-23T04:00:29Z
cuore.ch,https://plaintextoffenders.com/post/133787625047/cuorech-bicycling-apparel,2015-11-23T10:00:27Z
kelsey.co.uk,https://plaintextoffenders.com/post/133799660952/kelseycouk-magazine-publishers-welcome-email,2015-11-23T16:00:41Z
waco-texas.com,https://plaintextoffenders.com/post/133840824080/waco-texascom-city-government-public,2015-11-24T04:00:19Z
pcnation.co.uk,https://plaintextoffenders.com/post/133855068591/pcnationcouk-consumer-electronics,2015-11-24T10:00:07Z
icollege.co,https://plaintextoffenders.com/post/133866886851/icollegeco-e-learning-better-yet-they-even-have,2015-11-24T16:00:30Z
ams.com,https://plaintextoffenders.com/post/133932728882/amscom-electronics,2015-11-25T16:00:26Z
myezyaccess.com,https://plaintextoffenders.com/post/133986762190/myezyaccesscom-patient-portals,2015-11-26T10:00:22Z
neupart.com,https://plaintextoffenders.com/post/133998427362/neupartcom-information-security-management,2015-11-26T16:00:27Z
mcdonalds.com.au,https://plaintextoffenders.com/post/134037274645/mcdonaldscomau-fast-food,2015-11-27T04:00:19Z
humanaonemembers.com,https://plaintextoffenders.com/post/134051100166/humanacom-humanaonememberscom-health-insurance,2015-11-27T10:00:14Z
humana.com,https://plaintextoffenders.com/post/134051100166/humanacom-humanaonememberscom-health-insurance,2015-11-27T10:00:14Z
itembase.com,https://plaintextoffenders.com/post/134062229251/itembasecom-ecommerce-bi-this-account-was,2015-11-27T16:00:14Z
premeo.nl,https://plaintextoffenders.com/post/134100527422/thuisvaccinatienl-premeonl-vaccinations,2015-11-28T04:00:17Z
thuisvaccinatie.nl,https://plaintextoffenders.com/post/134100527422/thuisvaccinatienl-premeonl-vaccinations,2015-11-28T04:00:17Z
hult.edu,https://plaintextoffenders.com/post/134116143443/hultedu-business-school-student-application,2015-11-28T10:00:13Z
immobiliare.it,https://plaintextoffenders.com/post/134129164748/immobiliareit-real-estate-board-this-is-the,2015-11-28T16:00:20Z
ebillet.dk,https://plaintextoffenders.com/post/134169865519/ebilletdk-tickets-got-this-mail-containing-my,2015-11-29T04:00:27Z
novaworld2.com,https://plaintextoffenders.com/post/134186134893/novaworld2com-video-game-developers,2015-11-29T10:00:13Z
my-diary.org,https://plaintextoffenders.com/post/134199718291/my-diaryorg-weblogs-as-seen-in-the-screenshot,2015-11-29T16:00:26Z
native-instruments.com,https://plaintextoffenders.com/post/134244049662/native-instrumentscom-music-software-and-hardware,2015-11-30T04:00:17Z
muizenshop.nl,https://plaintextoffenders.com/post/134271260417/muizenshopnl-computer-mice,2015-11-30T16:00:42Z
theofficialwebshop.com,https://plaintextoffenders.com/post/134310199143/theofficialwebshopcouk-theofficialwebshopcom,2015-12-01T04:00:24Z
theofficialwebshop.co.uk,https://plaintextoffenders.com/post/134310199143/theofficialwebshopcouk-theofficialwebshopcom,2015-12-01T04:00:24Z
estibot.com,https://plaintextoffenders.com/post/134324610682/estibotcom-domain-tools,2015-12-01T10:00:16Z
shapebootstrap.net,https://plaintextoffenders.com/post/134336277128/shapebootstrapnet-website-templates,2015-12-01T16:00:28Z
karvy.com,https://plaintextoffenders.com/post/134375432233/karvycom-financial-services-they-mailed-me-my,2015-12-02T04:00:17Z
namida-fansub.hu,https://plaintextoffenders.com/post/134389858141/namida-fansubhu-subtitles,2015-12-02T10:00:17Z
ilovetour.co.uk,https://plaintextoffenders.com/post/134401898174/ilovetourcouk-student-events-i-assume-their,2015-12-02T16:00:24Z
dickssportinggoods.com,https://plaintextoffenders.com/post/134441044848/dickssportinggoodscom-sports-goods-and-apparel,2015-12-03T04:00:32Z
bvdep.com,https://plaintextoffenders.com/post/134455209526/bvdinfocom-bvdepcom-financial-research-tool,2015-12-03T10:00:22Z
bvdinfo.com,https://plaintextoffenders.com/post/134455209526/bvdinfocom-bvdepcom-financial-research-tool,2015-12-03T10:00:22Z
lydbokforlaget.no,https://plaintextoffenders.com/post/134466970474/lydbokforlagetno-audiobooks-this-is-the-email,2015-12-03T16:00:40Z
realexpayments.com,https://plaintextoffenders.com/post/134505344125/realexpaymentscom-payment-gateway-this-a-password,2015-12-04T04:00:20Z
tiesociety.com,https://plaintextoffenders.com/post/134519347187/tiesocietycom-ties-the-email-even-says-that,2015-12-04T10:00:16Z
hifiman.com,https://plaintextoffenders.com/post/134566856231/hifimancom-audio-products,2015-12-05T04:00:26Z
countdown.co.nz,https://plaintextoffenders.com/post/134580823449/countdownconz-supermarket-they-also-offer-both,2015-12-05T10:00:12Z
asanaclimbing.com,https://plaintextoffenders.com/post/134593265474/asanaclimbingcom-rock-climbing-apparel-password,2015-12-05T16:00:30Z
austin.net.au,https://plaintextoffenders.com/post/134631074439/austinnetau-computer-store-randomly-generate-a,2015-12-06T04:00:11Z
williamhill.com.au,https://plaintextoffenders.com/post/134646275937/williamhillcomau-sports-betting-they,2015-12-06T10:00:10Z
gethuawei.com,https://plaintextoffenders.com/post/134702423537/gethuaweicom-telecommunications-equipment,2015-12-07T04:00:34Z
tds.gb.com,https://plaintextoffenders.com/post/134717631454/tdsgbcom-government-escrow-scheme-oh-dear,2015-12-07T10:00:29Z
umass.edu,https://plaintextoffenders.com/post/134729822789/umassedu-university-a-request-for-a-password,2015-12-07T16:00:38Z
chapeldown.com,https://plaintextoffenders.com/post/134769296385/chapeldowncom-winemaker-and-brewery-they-also,2015-12-08T04:00:36Z
logg.co.uk,https://plaintextoffenders.com/post/134783668750/loggcouk-wood-fuel-suppliers-editors-note,2015-12-08T10:00:23Z
getwebdesignjobs.net,https://plaintextoffenders.com/post/134795706624/getwebdesignjobsnet-job-board,2015-12-08T16:00:16Z
frontrunnershop.be,https://plaintextoffenders.com/post/134834632721/frontrunnernl-frontrunnershopbe-street-wear,2015-12-09T04:00:21Z
frontrunner.nl,https://plaintextoffenders.com/post/134834632721/frontrunnernl-frontrunnershopbe-street-wear,2015-12-09T04:00:21Z
goldenfoxfootwear.com,https://plaintextoffenders.com/post/134848248126/goldenfoxfootwearcom-boots,2015-12-09T10:00:14Z
wirelessthings.net,https://plaintextoffenders.com/post/134860003660/wirelessthingsnet-consumer-electronics-just,2015-12-09T16:00:22Z
ouraring.com,https://plaintextoffenders.com/post/134898516920/ouraringcom-smart-ring-i-asked-for-my-password,2015-12-10T04:00:33Z
weemove.com,https://plaintextoffenders.com/post/134912565177/weemovecom-clubbing-social-network-cherry-on,2015-12-10T10:00:17Z
kozzi.com,https://plaintextoffenders.com/post/134924290643/kozzicom-stock-media-in-an-email-promotional,2015-12-10T16:00:35Z
simplyburgers.gr,https://plaintextoffenders.com/post/134962191447/simplyburgersgr-restaurant-chain,2015-12-11T04:00:17Z
freenas.org,https://plaintextoffenders.com/post/134976041320/freenasorg-computer-peripheral-software,2015-12-11T10:00:14Z
asterisk.org,https://plaintextoffenders.com/post/134987762561/asteriskorg-telephony-software,2015-12-11T16:00:20Z
mionet.com,https://plaintextoffenders.com/post/135024258537/mionetcom-remote-access-software-requested-a,2015-12-12T04:00:33Z
navicat.com,https://plaintextoffenders.com/post/135038444406/navicatcom-database-management-software-access,2015-12-12T10:00:33Z
jobillico.com,https://plaintextoffenders.com/post/135051163468/jobillicocom-job-board-came-across-them-while,2015-12-12T16:00:14Z
minecraft-hosting.pro,https://plaintextoffenders.com/post/135090085226/minecraft-hostingpro-video-game-server-with-the,2015-12-13T04:00:29Z
stopforumspam.com,https://plaintextoffenders.com/post/135105542484/stopforumspamcom-forum-theyre-using-fluxbb-board,2015-12-13T10:00:16Z
hosting.eu,https://plaintextoffenders.com/post/135118904417/hostingeu-domains-and-hosting-from-their-control,2015-12-13T16:00:41Z
castorama.fr,https://plaintextoffenders.com/post/135162318052/castoramafr-diy,2015-12-14T04:00:30Z
safekey.org.uk,https://plaintextoffenders.com/post/135177735530/safekeyorguk-police-initiative-ever-so,2015-12-14T10:00:27Z
kaiserpermanente.org,https://plaintextoffenders.com/post/135189746215/kp2020org-kporg-kaiserpermanenteorg,2015-12-14T16:00:22Z
kp.org,https://plaintextoffenders.com/post/135189746215/kp2020org-kporg-kaiserpermanenteorg,2015-12-14T16:00:22Z
kp2020.org,https://plaintextoffenders.com/post/135189746215/kp2020org-kporg-kaiserpermanenteorg,2015-12-14T16:00:22Z
colette.fr,https://plaintextoffenders.com/post/135229818284/colettefr-fashion-and-accessories-they-probably,2015-12-15T04:00:23Z
hipages.com.au,https://plaintextoffenders.com/post/135244615945/homeimprovementpagescomau-hipagescomau,2015-12-15T10:00:18Z
homeimprovementpages.com.au,https://plaintextoffenders.com/post/135244615945/homeimprovementpagescomau-hipagescomau,2015-12-15T10:00:18Z
wierookshop.eu,https://plaintextoffenders.com/post/135256419594/wierookshopeu-incense-and-aromatic-oils-the,2015-12-15T16:00:13Z
lifeintheuk.net,https://plaintextoffenders.com/post/135295663060/lifeintheuknet-test-prep,2015-12-16T04:00:15Z
atw.hu,https://plaintextoffenders.com/post/135321821741/atwhu-web-hosting,2015-12-16T16:00:16Z
urpowered.com,https://plaintextoffenders.com/post/135373861035/urpoweredcom-gloves-and-audio-headwear,2015-12-17T10:00:17Z
easily.co.uk,https://plaintextoffenders.com/post/135385250543/easilycouk-domain-registrar-and-web-host-okay,2015-12-17T16:00:34Z
rssfeedconverter.com,https://plaintextoffenders.com/post/135422387327/rssgroundcom-rssfeedconvertercom-rss-tools,2015-12-18T04:00:34Z
rssground.com,https://plaintextoffenders.com/post/135422387327/rssgroundcom-rssfeedconvertercom-rss-tools,2015-12-18T04:00:34Z
watfordobserver.co.uk,https://plaintextoffenders.com/post/135436164346/watfordobservercouk-local-news,2015-12-18T10:00:24Z
gomezpeerzone.com,https://plaintextoffenders.com/post/135447666175/gomezpeerzonecom-crowdsourced-website-performance,2015-12-18T16:00:44Z
stratfordfestival.ca,https://plaintextoffenders.com/post/135483437192/stratfordfestivalca-festival,2015-12-19T04:00:22Z
consumeropinioninstitute.com,https://plaintextoffenders.com/post/135497518787/consumeropinioninstitutecom-surveys-this-is,2015-12-19T10:00:10Z
haines.com.au,https://plaintextoffenders.com/post/135509779382/hainescomau-calculators-signed-up-to-see-some,2015-12-19T16:00:34Z
mycuhomeadvantage.com,https://plaintextoffenders.com/post/135547405960/curealtycom-mycuhomeadvantagecom-real-estate,2015-12-20T04:00:16Z
curealty.com,https://plaintextoffenders.com/post/135547405960/curealtycom-mycuhomeadvantagecom-real-estate,2015-12-20T04:00:16Z
bel-me-niet-meer.be,https://plaintextoffenders.com/post/135562492062/bel-me-niet-meerbe-do-not-call-registry-this-is-a,2015-12-20T10:00:08Z
gunsamerica.com,https://plaintextoffenders.com/post/135575322762/gunsamericacom-guns-and-gun-accessories,2015-12-20T16:00:21Z
edenred.com,https://plaintextoffenders.com/post/135616679533/edenredcom-prepaid-corporate-services,2015-12-21T04:00:21Z
shu.ac.uk,https://plaintextoffenders.com/post/135632738527/shuacuk-university-when-creating-a-new-account,2015-12-21T10:00:33Z
podbean.com,https://plaintextoffenders.com/post/135645048220/podbeancom-podcasting-app-it-asks-you-to-sign-in,2015-12-21T16:00:36Z
freeindex.co.uk,https://plaintextoffenders.com/post/135685809232/freeindexcouk-businesses-index-and-reviews-i,2015-12-22T04:00:15Z
mountaingear.com,https://plaintextoffenders.com/post/135701470518/mountaingearcom-outdoor-gear-and-clothing,2015-12-22T10:00:12Z
cdgo.com,https://plaintextoffenders.com/post/135713780028/cdgocom-music-store-the-site-mails-you-your,2015-12-22T16:00:19Z
usaco.org,https://plaintextoffenders.com/post/135753907795/usacoorg-competition-i-received-this-email-when,2015-12-23T04:00:25Z
charter.net,https://plaintextoffenders.com/post/135769981657/charternet-telecommunications-they-might-not,2015-12-23T10:00:29Z
alternativedatinguk.co.uk,https://plaintextoffenders.com/post/135782422307/alternativedatingukcouk-dating,2015-12-23T16:00:30Z
ultraleds.co.uk,https://plaintextoffenders.com/post/135822138525/ultraledscouk-light-bulbs,2015-12-24T04:00:31Z
gearxs.com,https://plaintextoffenders.com/post/135838354459/gearxscom-discount-consumer-products,2015-12-24T10:00:28Z
autohotkey.com,https://plaintextoffenders.com/post/135850673721/autohotkeycom-task-automation-tool-its-a,2015-12-24T16:00:32Z
precisionmanuals.com,https://plaintextoffenders.com/post/135887028292/precisionmanualscom-flight-simulation-addons,2015-12-25T04:00:28Z
asipolicy.com,https://plaintextoffenders.com/post/135901974208/asipolicycom-home-owner-insurance-editing-your,2015-12-25T10:00:27Z
explio.com,https://plaintextoffenders.com/post/135913489274/expliocom-e-learning,2015-12-25T16:00:31Z
hackforums.net,https://plaintextoffenders.com/post/135951028958/hackforumsnet-forums,2015-12-26T04:00:19Z
kashflow.com,https://plaintextoffenders.com/post/135966500913/kashflowcom-accounting-software-stores-password,2015-12-26T10:00:18Z
wipers123.com,https://plaintextoffenders.com/post/135978144441/wipers123com-windshield-wiper-blades,2015-12-26T16:00:28Z
arrl.org,https://plaintextoffenders.com/post/136016623788/arrlorg-professional-association-one-such,2015-12-27T04:00:20Z
passsource.com,https://plaintextoffenders.com/post/136033205833/passsourcecom-apple-wallet-pass-generator,2015-12-27T10:00:28Z
wideanglesoftware.com,https://plaintextoffenders.com/post/136045413911/wideanglesoftwarecom-software-touchcopy-password,2015-12-27T16:00:33Z
meethue.com,https://plaintextoffenders.com/post/136087175688/meethuecom-smart-light-bulb-cloud-access-for,2015-12-28T04:00:16Z
tiger-tx.com,https://plaintextoffenders.com/post/136104414332/tigersanitationcom-tiger-txcom-sanitation,2015-12-28T10:00:08Z
tigersanitation.com,https://plaintextoffenders.com/post/136104414332/tigersanitationcom-tiger-txcom-sanitation,2015-12-28T10:00:08Z
lpionline.com,https://plaintextoffenders.com/post/136116802434/lpionlinecom-management-training-password-sent,2015-12-28T16:00:26Z
dknstore.com,https://plaintextoffenders.com/post/136159107378/dknstorecom-fitness-apparel-and-gear,2015-12-29T04:00:17Z
werkentijdensstudie.nl,https://plaintextoffenders.com/post/136176823372/werkentijdensstudienl-student-jobs,2015-12-29T10:00:14Z
wodifried.com,https://plaintextoffenders.com/post/136189375140/wodifycom-wodifriedcom-gym-management-software,2015-12-29T16:00:27Z
wodify.com,https://plaintextoffenders.com/post/136189375140/wodifycom-wodifriedcom-gym-management-software,2015-12-29T16:00:27Z
truecommerce.com,https://plaintextoffenders.com/post/136231424357/truecommercecom-supply-chain-management-software,2015-12-30T04:00:35Z
refundsmanager.com,https://plaintextoffenders.com/post/136248858576/refundsmanagercom-dispute-case-management-sent,2015-12-30T10:00:33Z
astutium.com,https://plaintextoffenders.com/post/136261310353/astutiumcom-domains-and-web-hosting,2015-12-30T16:00:38Z
mywavevision.com,https://plaintextoffenders.com/post/136302096024/mywavevisioncom-laundry-machine-monitoring,2015-12-31T04:00:12Z
sphero.com,https://plaintextoffenders.com/post/136397952531/spherocom-connected-toys-these-guys-made-the,2016-01-01T18:23:20Z
conservationregistry.org,https://plaintextoffenders.com/post/136433206230/conservationeasementus-conservationregistryorg,2016-01-02T04:00:25Z
conservationeasement.us,https://plaintextoffenders.com/post/136433206230/conservationeasementus-conservationregistryorg,2016-01-02T04:00:25Z
radaris.com,https://plaintextoffenders.com/post/136450807333/radariscom-public-information-aggregator-the,2016-01-02T10:00:27Z
netsite.lu,https://plaintextoffenders.com/post/136463540854/netsitelu-domains-and-web-hosting-mails-me-my,2016-01-02T16:00:27Z
pindat.com,https://plaintextoffenders.com/post/136505934724/pindatcom-travel-blogs-lets-pin-a-note-that-they,2016-01-03T04:00:21Z
intelligentgolf.co.uk,https://plaintextoffenders.com/post/136523918768/glendalegolfcouk-intelligentgolfcouk-golf,2016-01-03T10:00:20Z
glendalegolf.co.uk,https://plaintextoffenders.com/post/136523918768/glendalegolfcouk-intelligentgolfcouk-golf,2016-01-03T10:00:20Z
biznessapps.com,https://plaintextoffenders.com/post/136537123634/biznessappscom-app-developers,2016-01-03T16:00:19Z
image-line.com,https://plaintextoffenders.com/post/136581916845/image-linecom-music-software-this-website-also,2016-01-04T04:00:30Z
miksike.net,https://plaintextoffenders.com/post/136599292415/miksikeee-miksikelt-miksikelv-lefonet,2016-01-04T10:00:28Z
lefo.net,https://plaintextoffenders.com/post/136599292415/miksikeee-miksikelt-miksikelv-lefonet,2016-01-04T10:00:28Z
miksike.lv,https://plaintextoffenders.com/post/136599292415/miksikeee-miksikelt-miksikelv-lefonet,2016-01-04T10:00:28Z
miksike.lt,https://plaintextoffenders.com/post/136599292415/miksikeee-miksikelt-miksikelv-lefonet,2016-01-04T10:00:28Z
miksike.ee,https://plaintextoffenders.com/post/136599292415/miksikeee-miksikelt-miksikelv-lefonet,2016-01-04T10:00:28Z
mytrendyphone.dk,https://plaintextoffenders.com/post/136611876996/mytrendyphonedk-phone-accessories-email-with,2016-01-04T16:00:26Z
acdsee.com,https://plaintextoffenders.com/post/136653914927/acdseecom-photo-editing-software-password-must,2016-01-05T04:00:22Z
europcarzambia.com,https://plaintextoffenders.com/post/136670011227/europcarcouk-europcarcom,2016-01-05T10:00:21Z
europcarvanuatu.com,https://plaintextoffenders.com/post/136670011227/europcarcouk-europcarcom,2016-01-05T10:00:21Z
europcarug.com,https://plaintextoffenders.com/post/136670011227/europcarcouk-europcarcom,2016-01-05T10:00:21Z
europcarqatar.com,https://plaintextoffenders.com/post/136670011227/europcarcouk-europcarcom,2016-01-05T10:00:21Z
europcaroman.com,https://plaintextoffenders.com/post/136670011227/europcarcouk-europcarcom,2016-01-05T10:00:21Z
europcarlaos.com,https://plaintextoffenders.com/post/136670011227/europcarcouk-europcarcom,2016-01-05T10:00:21Z
europcarirak.com,https://plaintextoffenders.com/post/136670011227/europcarcouk-europcarcom,2016-01-05T10:00:21Z
europcargabon.com,https://plaintextoffenders.com/post/136670011227/europcarcouk-europcarcom,2016-01-05T10:00:21Z
europcardubai.com,https://plaintextoffenders.com/post/136670011227/europcarcouk-europcarcom,2016-01-05T10:00:21Z
europcarcameroun.com,https://plaintextoffenders.com/post/136670011227/europcarcouk-europcarcom,2016-01-05T10:00:21Z
europcarasia.com,https://plaintextoffenders.com/post/136670011227/europcarcouk-europcarcom,2016-01-05T10:00:21Z
europcar.ua,https://plaintextoffenders.com/post/136670011227/europcarcouk-europcarcom,2016-01-05T10:00:21Z
europcar.sr,https://plaintextoffenders.com/post/136670011227/europcarcouk-europcarcom,2016-01-05T10:00:21Z
europcar.sk,https://plaintextoffenders.com/post/136670011227/europcarcouk-europcarcom,2016-01-05T10:00:21Z
europcar.si,https://plaintextoffenders.com/post/136670011227/europcarcouk-europcarcom,2016-01-05T10:00:21Z
europcar.se,https://plaintextoffenders.com/post/136670011227/europcarcouk-europcarcom,2016-01-05T10:00:21Z
europcar.ru,https://plaintextoffenders.com/post/136670011227/europcarcouk-europcarcom,2016-01-05T10:00:21Z
europcar.rs,https://plaintextoffenders.com/post/136670011227/europcarcouk-europcarcom,2016-01-05T10:00:21Z
europcar.ro,https://plaintextoffenders.com/post/136670011227/europcarcouk-europcarcom,2016-01-05T10:00:21Z
europcar.pt,https://plaintextoffenders.com/post/136670011227/europcarcouk-europcarcom,2016-01-05T10:00:21Z
europcar.no,https://plaintextoffenders.com/post/136670011227/europcarcouk-europcarcom,2016-01-05T10:00:21Z
europcar.nl,https://plaintextoffenders.com/post/136670011227/europcarcouk-europcarcom,2016-01-05T10:00:21Z
europcar.mu,https://plaintextoffenders.com/post/136670011227/europcarcouk-europcarcom,2016-01-05T10:00:21Z
europcar.ma,https://plaintextoffenders.com/post/136670011227/europcarcouk-europcarcom,2016-01-05T10:00:21Z
europcar.lv,https://plaintextoffenders.com/post/136670011227/europcarcouk-europcarcom,2016-01-05T10:00:21Z
europcar.lu,https://plaintextoffenders.com/post/136670011227/europcarcouk-europcarcom,2016-01-05T10:00:21Z
europcar.lt,https://plaintextoffenders.com/post/136670011227/europcarcouk-europcarcom,2016-01-05T10:00:21Z
europcar.kz,https://plaintextoffenders.com/post/136670011227/europcarcouk-europcarcom,2016-01-05T10:00:21Z
europcar.jp,https://plaintextoffenders.com/post/136670011227/europcarcouk-europcarcom,2016-01-05T10:00:21Z
europcar.jo,https://plaintextoffenders.com/post/136670011227/europcarcouk-europcarcom,2016-01-05T10:00:21Z
europcar.it,https://plaintextoffenders.com/post/136670011227/europcarcouk-europcarcom,2016-01-05T10:00:21Z
europcar.is,https://plaintextoffenders.com/post/136670011227/europcarcouk-europcarcom,2016-01-05T10:00:21Z
europcar.ir,https://plaintextoffenders.com/post/136670011227/europcarcouk-europcarcom,2016-01-05T10:00:21Z
europcar.ie,https://plaintextoffenders.com/post/136670011227/europcarcouk-europcarcom,2016-01-05T10:00:21Z
europcar.hu,https://plaintextoffenders.com/post/136670011227/europcarcouk-europcarcom,2016-01-05T10:00:21Z
europcar.fr,https://plaintextoffenders.com/post/136670011227/europcarcouk-europcarcom,2016-01-05T10:00:21Z
europcar.fi,https://plaintextoffenders.com/post/136670011227/europcarcouk-europcarcom,2016-01-05T10:00:21Z
europcar.es,https://plaintextoffenders.com/post/136670011227/europcarcouk-europcarcom,2016-01-05T10:00:21Z
europcar.ee,https://plaintextoffenders.com/post/136670011227/europcarcouk-europcarcom,2016-01-05T10:00:21Z
europcar.dk,https://plaintextoffenders.com/post/136670011227/europcarcouk-europcarcom,2016-01-05T10:00:21Z
europcar.de,https://plaintextoffenders.com/post/136670011227/europcarcouk-europcarcom,2016-01-05T10:00:21Z
europcar.cz,https://plaintextoffenders.com/post/136670011227/europcarcouk-europcarcom,2016-01-05T10:00:21Z
europcar.com.uy,https://plaintextoffenders.com/post/136670011227/europcarcouk-europcarcom,2016-01-05T10:00:21Z
europcar.com.tr,https://plaintextoffenders.com/post/136670011227/europcarcouk-europcarcom,2016-01-05T10:00:21Z
europcar.com.tn,https://plaintextoffenders.com/post/136670011227/europcarcouk-europcarcom,2016-01-05T10:00:21Z
europcar.com.sg,https://plaintextoffenders.com/post/136670011227/europcarcouk-europcarcom,2016-01-05T10:00:21Z
europcar.com.sa,https://plaintextoffenders.com/post/136670011227/europcarcouk-europcarcom,2016-01-05T10:00:21Z
europcar.com.py,https://plaintextoffenders.com/post/136670011227/europcarcouk-europcarcom,2016-01-05T10:00:21Z
europcar.com.pl,https://plaintextoffenders.com/post/136670011227/europcarcouk-europcarcom,2016-01-05T10:00:21Z
europcar.com.ph,https://plaintextoffenders.com/post/136670011227/europcarcouk-europcarcom,2016-01-05T10:00:21Z
europcar.com.pg,https://plaintextoffenders.com/post/136670011227/europcarcouk-europcarcom,2016-01-05T10:00:21Z
europcar.com.pe,https://plaintextoffenders.com/post/136670011227/europcarcouk-europcarcom,2016-01-05T10:00:21Z
europcar.com.pa,https://plaintextoffenders.com/post/136670011227/europcarcouk-europcarcom,2016-01-05T10:00:21Z
europcar.com.my,https://plaintextoffenders.com/post/136670011227/europcarcouk-europcarcom,2016-01-05T10:00:21Z
europcar.com.mx,https://plaintextoffenders.com/post/136670011227/europcarcouk-europcarcom,2016-01-05T10:00:21Z
europcar.com.mt,https://plaintextoffenders.com/post/136670011227/europcarcouk-europcarcom,2016-01-05T10:00:21Z
europcar.com.mk,https://plaintextoffenders.com/post/136670011227/europcarcouk-europcarcom,2016-01-05T10:00:21Z
europcar.com.lb,https://plaintextoffenders.com/post/136670011227/europcarcouk-europcarcom,2016-01-05T10:00:21Z
europcar.com.kw,https://plaintextoffenders.com/post/136670011227/europcarcouk-europcarcom,2016-01-05T10:00:21Z
europcar.com.hr,https://plaintextoffenders.com/post/136670011227/europcarcouk-europcarcom,2016-01-05T10:00:21Z
europcar.com.fj,https://plaintextoffenders.com/post/136670011227/europcarcouk-europcarcom,2016-01-05T10:00:21Z
europcar.com.do,https://plaintextoffenders.com/post/136670011227/europcarcouk-europcarcom,2016-01-05T10:00:21Z
europcar.com.cy,https://plaintextoffenders.com/post/136670011227/europcarcouk-europcarcom,2016-01-05T10:00:21Z
europcar.com.br,https://plaintextoffenders.com/post/136670011227/europcarcouk-europcarcom,2016-01-05T10:00:21Z
europcar.com.bh,https://plaintextoffenders.com/post/136670011227/europcarcouk-europcarcom,2016-01-05T10:00:21Z
europcar.com.au,https://plaintextoffenders.com/post/136670011227/europcarcouk-europcarcom,2016-01-05T10:00:21Z
europcar.com.ar,https://plaintextoffenders.com/post/136670011227/europcarcouk-europcarcom,2016-01-05T10:00:21Z
europcar.com.al,https://plaintextoffenders.com/post/136670011227/europcarcouk-europcarcom,2016-01-05T10:00:21Z
europcar.co.zw,https://plaintextoffenders.com/post/136670011227/europcarcouk-europcarcom,2016-01-05T10:00:21Z
europcar.co.za,https://plaintextoffenders.com/post/136670011227/europcarcouk-europcarcom,2016-01-05T10:00:21Z
europcar.co.tz,https://plaintextoffenders.com/post/136670011227/europcarcouk-europcarcom,2016-01-05T10:00:21Z
europcar.co.tt,https://plaintextoffenders.com/post/136670011227/europcarcouk-europcarcom,2016-01-05T10:00:21Z
europcar.co.th,https://plaintextoffenders.com/post/136670011227/europcarcouk-europcarcom,2016-01-05T10:00:21Z
europcar.co.nz,https://plaintextoffenders.com/post/136670011227/europcarcouk-europcarcom,2016-01-05T10:00:21Z
europcar.co.mz,https://plaintextoffenders.com/post/136670011227/europcarcouk-europcarcom,2016-01-05T10:00:21Z
europcar.co.kr,https://plaintextoffenders.com/post/136670011227/europcarcouk-europcarcom,2016-01-05T10:00:21Z
europcar.co.ke,https://plaintextoffenders.com/post/136670011227/europcarcouk-europcarcom,2016-01-05T10:00:21Z
europcar.co.in,https://plaintextoffenders.com/post/136670011227/europcarcouk-europcarcom,2016-01-05T10:00:21Z
europcar.co.il,https://plaintextoffenders.com/post/136670011227/europcarcouk-europcarcom,2016-01-05T10:00:21Z
europcar.co.id,https://plaintextoffenders.com/post/136670011227/europcarcouk-europcarcom,2016-01-05T10:00:21Z
europcar.co.cr,https://plaintextoffenders.com/post/136670011227/europcarcouk-europcarcom,2016-01-05T10:00:21Z
europcar.cn,https://plaintextoffenders.com/post/136670011227/europcarcouk-europcarcom,2016-01-05T10:00:21Z
europcar.cl,https://plaintextoffenders.com/post/136670011227/europcarcouk-europcarcom,2016-01-05T10:00:21Z
europcar.ci,https://plaintextoffenders.com/post/136670011227/europcarcouk-europcarcom,2016-01-05T10:00:21Z
europcar.ch,https://plaintextoffenders.com/post/136670011227/europcarcouk-europcarcom,2016-01-05T10:00:21Z
europcar.cd,https://plaintextoffenders.com/post/136670011227/europcarcouk-europcarcom,2016-01-05T10:00:21Z
europcar.by,https://plaintextoffenders.com/post/136670011227/europcarcouk-europcarcom,2016-01-05T10:00:21Z
europcar.bg,https://plaintextoffenders.com/post/136670011227/europcarcouk-europcarcom,2016-01-05T10:00:21Z
europcar.be,https://plaintextoffenders.com/post/136670011227/europcarcouk-europcarcom,2016-01-05T10:00:21Z
europcar.ba,https://plaintextoffenders.com/post/136670011227/europcarcouk-europcarcom,2016-01-05T10:00:21Z
europcar.at,https://plaintextoffenders.com/post/136670011227/europcarcouk-europcarcom,2016-01-05T10:00:21Z
europcar.am,https://plaintextoffenders.com/post/136670011227/europcarcouk-europcarcom,2016-01-05T10:00:21Z
europcar-tahiti.com,https://plaintextoffenders.com/post/136670011227/europcarcouk-europcarcom,2016-01-05T10:00:21Z
europcar-reunion.com,https://plaintextoffenders.com/post/136670011227/europcarcouk-europcarcom,2016-01-05T10:00:21Z
europcar-middleeast.com,https://plaintextoffenders.com/post/136670011227/europcarcouk-europcarcom,2016-01-05T10:00:21Z
europcar-mayotte.com,https://plaintextoffenders.com/post/136670011227/europcarcouk-europcarcom,2016-01-05T10:00:21Z
europcar-martinique.com,https://plaintextoffenders.com/post/136670011227/europcarcouk-europcarcom,2016-01-05T10:00:21Z
europcar-greece.com,https://plaintextoffenders.com/post/136670011227/europcarcouk-europcarcom,2016-01-05T10:00:21Z
europcar-gpe.com,https://plaintextoffenders.com/post/136670011227/europcarcouk-europcarcom,2016-01-05T10:00:21Z
europcar-egypt.com,https://plaintextoffenders.com/post/136670011227/europcarcouk-europcarcom,2016-01-05T10:00:21Z
europcar-curacao.com,https://plaintextoffenders.com/post/136670011227/europcarcouk-europcarcom,2016-01-05T10:00:21Z
europcar-aruba.com,https://plaintextoffenders.com/post/136670011227/europcarcouk-europcarcom,2016-01-05T10:00:21Z
europcar-africa.com,https://plaintextoffenders.com/post/136670011227/europcarcouk-europcarcom,2016-01-05T10:00:21Z
europcar-abudhabi.com,https://plaintextoffenders.com/post/136670011227/europcarcouk-europcarcom,2016-01-05T10:00:21Z
europcar.com,https://plaintextoffenders.com/post/136670011227/europcarcouk-europcarcom,2016-01-05T10:00:21Z
europcar.co.uk,https://plaintextoffenders.com/post/136670011227/europcarcouk-europcarcom,2016-01-05T10:00:21Z
steam-packet.com,https://plaintextoffenders.com/post/136682291718/steam-packetcom-ferry-service-i-havent-yet,2016-01-05T16:00:24Z
costa.co.uk,https://plaintextoffenders.com/post/136722776194/costacouk-caf%C3%A9-chain-not-only-do-they-wipe-your,2016-01-06T04:00:19Z
planetx.co.uk,https://plaintextoffenders.com/post/136738289390/planetxcouk-bicycles,2016-01-06T10:00:17Z
dominos.com.sg,https://plaintextoffenders.com/post/136750513058/dominoscomsg-pizza-delicious-pizza-or,2016-01-06T16:00:35Z
ultracartstore.com,https://plaintextoffenders.com/post/136805585483/ultracartcom-ultracartstorecom-order-processing,2016-01-07T10:00:22Z
ultracart.com,https://plaintextoffenders.com/post/136805585483/ultracartcom-ultracartstorecom-order-processing,2016-01-07T10:00:22Z
theatercastellum.nl,https://plaintextoffenders.com/post/136817415484/theatercastellumnl-theater,2016-01-07T16:00:29Z
bookmatch.nl,https://plaintextoffenders.com/post/136857306621/bookmatchnl-second-hand-books,2016-01-08T04:00:18Z
reversing.kr,https://plaintextoffenders.com/post/136872391225/reversingkr-computer-security-education,2016-01-08T10:00:14Z
realestatewealthnetwork.com,https://plaintextoffenders.com/post/136884306827/realestatewealthnetworkcom-real-estate,2016-01-08T16:00:40Z
liveatc.net,https://plaintextoffenders.com/post/136922811812/liveatcnet-air-traffic-radio,2016-01-09T04:00:15Z
custom-cable.co.uk,https://plaintextoffenders.com/post/136938019706/custom-cablecouk-audio-electronics-after,2016-01-09T10:00:08Z
byojet.com,https://plaintextoffenders.com/post/136950531243/byojetcom-travel-agency-i-was-actually,2016-01-09T16:00:40Z
edublogs.org,https://plaintextoffenders.com/post/136991139607/edublogsorg-blogging-platform,2016-01-10T04:00:16Z
norwegian.no,https://plaintextoffenders.com/post/137007284812/norwegianno-airline-there-are-all-kinds-of,2016-01-10T10:00:19Z
graduatesfirst.com,https://plaintextoffenders.com/post/137020555499/graduatesfirstcom-practice-tests-password,2016-01-10T16:00:29Z
rtherapyclothing.co.uk,https://plaintextoffenders.com/post/137064525040/rtherapyclothingcouk-bags-and-accessories-i,2016-01-11T04:00:13Z
scandinavianbooks.dk,https://plaintextoffenders.com/post/137080493005/scandinavianbooksdk-book-printing-service-i-got,2016-01-11T10:00:13Z
birdseye.nu,https://plaintextoffenders.com/post/137092498026/birdseyenu-drones-and-accessories-important,2016-01-11T16:00:40Z
trymyui.com,https://plaintextoffenders.com/post/137147461592/trymyuicom-usability-testing-service,2016-01-12T10:00:30Z
lionairthai.com,https://plaintextoffenders.com/post/137212282617/lionairthaicom-airline-received-immediately,2016-01-13T10:00:10Z
forumotion.com,https://plaintextoffenders.com/post/137275318103/forumotioncom-forums,2016-01-14T10:00:24Z
guiademoteis.com.br,https://plaintextoffenders.com/post/137339435424/bonsdecamacombr-guiademoteiscombr-motel,2016-01-15T10:00:29Z
bonsdecama.com.br,https://plaintextoffenders.com/post/137339435424/bonsdecamacombr-guiademoteiscombr-motel,2016-01-15T10:00:29Z
ratemyprofessor.com,https://plaintextoffenders.com/post/137402994678/ratemyprofessorcom-reviews-received-this-email,2016-01-16T10:00:20Z
filtersfast.com,https://plaintextoffenders.com/post/137471042312/filtersfastcom-air-filters-their-polite-customer,2016-01-17T10:00:28Z
coastalscents.com,https://plaintextoffenders.com/post/137543386102/coastalscentscom-cosmetics,2016-01-18T10:00:09Z
myknowledgemap.com,https://plaintextoffenders.com/post/137612735936/myshowcaseme-mkmappscom-myknowledgemapcom,2016-01-19T10:00:24Z
mkmapps.com,https://plaintextoffenders.com/post/137612735936/myshowcaseme-mkmappscom-myknowledgemapcom,2016-01-19T10:00:24Z
myshowcase.me,https://plaintextoffenders.com/post/137612735936/myshowcaseme-mkmappscom-myknowledgemapcom,2016-01-19T10:00:24Z
getabine.com,https://plaintextoffenders.com/post/137677813127/abinecom-getabinecom-privacy-software-being-a,2016-01-20T10:00:17Z
abine.com,https://plaintextoffenders.com/post/137677813127/abinecom-getabinecom-privacy-software-being-a,2016-01-20T10:00:17Z
cm-lisboa.pt,https://plaintextoffenders.com/post/137805726192/cm-lisboapt-city-government-their-real-estate,2016-01-22T10:00:15Z
lseg.com,https://plaintextoffenders.com/post/137870230244/lsegcom-stock-exchange-i-decided-to-withdraw-my,2016-01-23T10:00:10Z
worldvision.org.nz,https://plaintextoffenders.com/post/137940212662/worldvisionorgnz-charity-save-the-children,2016-01-24T10:00:28Z
cadmus.com,https://plaintextoffenders.com/post/138012431968/cadmuscom-publishing-services-students-of,2016-01-25T10:00:18Z
alkaviva.com,https://plaintextoffenders.com/post/138078418699/alkavivacom-water-filters-ive-notified-them-of,2016-01-26T10:00:15Z
emaillistverify.com,https://plaintextoffenders.com/post/138143638747/emaillistverifycom-email-deliverability-checker,2016-01-27T10:00:16Z
ecollege.com,https://plaintextoffenders.com/post/138207853535/ecollegecom-education-resources-they-are-a,2016-01-28T10:00:12Z
wowmatcher.com,https://plaintextoffenders.com/post/138271655089/wowmatchercom-online-game-guild-finder-it-has,2016-01-29T10:00:15Z
versio.nl,https://plaintextoffenders.com/post/138400483515/versionl-domain-registrar-and-hosting-lovely,2016-01-31T10:00:33Z
iafstore.com,https://plaintextoffenders.com/post/138471423406/iafstorecom-supplements-password-sent-in,2016-02-01T10:00:12Z
uptimerobot.com,https://plaintextoffenders.com/post/138535925031/uptimerobotcom-website-monitoring-service-after,2016-02-02T10:00:22Z
azote.org,https://plaintextoffenders.com/post/138598655219/azoteorg-domain-names-email-received-after,2016-02-03T10:00:14Z
asce.org,https://plaintextoffenders.com/post/138660748095/asceorg-professional-society,2016-02-04T10:00:13Z
happii.dk,https://plaintextoffenders.com/post/138721922186/happiidk-consumer-electronics,2016-02-05T10:00:13Z
mein-ravensburger.de,https://plaintextoffenders.com/post/138783165586/tiptoicom-ravensburgercom-mein-ravensburgerde,2016-02-06T10:00:09Z
ravensburger.com,https://plaintextoffenders.com/post/138783165586/tiptoicom-ravensburgercom-mein-ravensburgerde,2016-02-06T10:00:09Z
tiptoi.com,https://plaintextoffenders.com/post/138783165586/tiptoicom-ravensburgercom-mein-ravensburgerde,2016-02-06T10:00:09Z
bslhomework.org.uk,https://plaintextoffenders.com/post/138848266014/bslhomeworkorguk-sign-language-study-materials,2016-02-07T10:00:20Z
perforatedpaper.com,https://plaintextoffenders.com/post/138981838337/perforatedpapercom-paper-after-initial-order,2016-02-09T10:00:10Z
sportstiming.dk,https://plaintextoffenders.com/post/139043884849/sportstimingdk-sports-timing-equipment-they-use,2016-02-10T10:00:23Z
jamanetwork.org,https://plaintextoffenders.com/post/139104564073/jamacom-jamanetworkorg-journal-manuscript,2016-02-11T10:00:07Z
jama.com,https://plaintextoffenders.com/post/139104564073/jamacom-jamanetworkorg-journal-manuscript,2016-02-11T10:00:07Z
wink.com,https://plaintextoffenders.com/post/139163886380/winkcom-home-automation-im-less-than-impressed,2016-02-12T10:00:23Z
thecomedystore.co.uk,https://plaintextoffenders.com/post/139222878908/thecomedystorecouk-comedy-clubs-i-guess-their,2016-02-13T10:00:15Z
kombi-nation.co.uk,https://plaintextoffenders.com/post/139285023927/kombi-nationcouk-car-design,2016-02-14T10:00:32Z
39dollarglasses.com,https://plaintextoffenders.com/post/139349367936/39dollarglassescom-eyeglasses-the-customer,2016-02-15T10:00:27Z
bq.com,https://plaintextoffenders.com/post/139415064947/bqcom-consumer-electronics,2016-02-16T10:00:25Z
afmda.org,https://plaintextoffenders.com/post/139476897190/afmdaorg-charity,2016-02-17T10:00:18Z
railpage.com.au,https://plaintextoffenders.com/post/139535395944/railpagecomau-forum-for-rail-enthusiasts,2016-02-18T10:00:17Z
muncha.com,https://plaintextoffenders.com/post/139593616815/munchacom-gift-shop-they-run-number-of-other,2016-02-19T10:00:06Z
rcn.com,https://plaintextoffenders.com/post/139652670498/rcncom-telecommunications-the-site-uses-this,2016-02-20T10:00:09Z
djcity.com.au,https://plaintextoffenders.com/post/139714812042/djcitycomau-dj-equipment-i-have-informed-them,2016-02-21T10:00:13Z
rrhr.com.au,https://plaintextoffenders.com/post/139781715261/rrhrcomau-hr-company-i-have-informed-them-of,2016-02-22T10:00:20Z
kcl.ac.uk,https://plaintextoffenders.com/post/139842643172/kclacuk-university-from-their-application,2016-02-23T10:00:11Z
goneighbour.org,https://plaintextoffenders.com/post/139902881885/goneighbourorg-social-network,2016-02-24T10:00:21Z
opeinairsg.ch,https://plaintextoffenders.com/post/139962706838/opeinairsgch-festival-the-site-sends-passwords,2016-02-25T10:00:32Z
evanscycles.com,https://plaintextoffenders.com/post/140021516523/evanscyclescom-bicycles-whilst-completing-a-job,2016-02-26T10:00:18Z
homebrewshop.be,https://plaintextoffenders.com/post/140079003875/homebrewshopbe-beer-brewing-supplies-the-site,2016-02-27T10:00:26Z
workindenmark.dk,https://plaintextoffenders.com/post/140140609700/workindenmarkdk-live-and-work-information,2016-02-28T10:00:16Z
minecraft-index.com,https://plaintextoffenders.com/post/140205906170/minecraft-indexcom-video-game-servers-this-email,2016-02-29T10:00:25Z
wodapp.nl,https://plaintextoffenders.com/post/140266089197/wodappnl-crossfit-lessons-app,2016-03-01T10:00:30Z
exodushosting.net,https://plaintextoffenders.com/post/140324474779/exodushostingnet-video-game-servers-received,2016-03-02T10:01:32Z
shiki.hu,https://plaintextoffenders.com/post/140382291166/shikihu-forums-they-send-your-username-and,2016-03-03T10:00:15Z
hosthavoc.com,https://plaintextoffenders.com/post/140439317332/hosthavoccom-video-game-server-hosting,2016-03-04T10:00:32Z
planet-cards.co.uk,https://plaintextoffenders.com/post/140496124964/planet-cardscouk-greeting-card-printing-service,2016-03-05T10:00:07Z
thebeardedmancompany.com,https://plaintextoffenders.com/post/140557353029/thebeardedmancompanycom-beard-care-products,2016-03-06T10:00:23Z
pcemail.org,https://plaintextoffenders.com/post/140621893395/palmettocitizensorg-pcemailorg-bank-i-have-a,2016-03-07T10:00:27Z
palmettocitizens.org,https://plaintextoffenders.com/post/140621893395/palmettocitizensorg-pcemailorg-bank-i-have-a,2016-03-07T10:00:27Z
mycuboulder.edu,https://plaintextoffenders.com/post/140680242967/mycuboulderedu-university-seriously-a-premier,2016-03-08T10:00:32Z
hostica.com,https://plaintextoffenders.com/post/140736948900/hosticacom-web-hosting,2016-03-09T10:00:09Z
mastercard.com,https://plaintextoffenders.com/post/140793112752/mastercardcom-credit-card-even-mastercard,2016-03-10T10:00:28Z
freegiftregistry.com.au,https://plaintextoffenders.com/post/140848663170/freegiftregistrycomau-gift-registry-sends,2016-03-11T10:00:15Z
flyingfolk.com,https://plaintextoffenders.com/post/140903287329/flyingfolkcom-drone-parts-and-accessories-i-got,2016-03-12T10:00:33Z
campusce.net,https://plaintextoffenders.com/post/140961698152/csuohioedu-campuscenet-university,2016-03-13T10:00:31Z
csuohio.edu,https://plaintextoffenders.com/post/140961698152/csuohioedu-campuscenet-university,2016-03-13T10:00:31Z
atlantic-umbrella.com,https://plaintextoffenders.com/post/141024212468/atlantic-umbrellacom-umbrella-company-basically,2016-03-14T10:00:12Z
malinandgoetz.com,https://plaintextoffenders.com/post/141082210837/malinandgoetzcom-skincare,2016-03-15T10:00:39Z
wphosting.com.au,https://plaintextoffenders.com/post/141254711776/wphostingcomau-web-hosting,2016-03-18T14:00:28Z
labanda.com.au,https://plaintextoffenders.com/post/141296141700/labandacomau-watch-and-jewellery-parts-and-tools,2016-03-19T06:00:15Z
growtopia1.com,https://plaintextoffenders.com/post/141309779739/growtopiagamecom-growtopia1com-video-game,2016-03-19T14:00:19Z
growtopiagame.com,https://plaintextoffenders.com/post/141309779739/growtopiagamecom-growtopia1com-video-game,2016-03-19T14:00:19Z
yowinner.com,https://plaintextoffenders.com/post/141353645292/wongwingpromoca-yowinnercom-promotion,2016-03-20T06:00:07Z
wongwingpromo.ca,https://plaintextoffenders.com/post/141353645292/wongwingpromoca-yowinnercom-promotion,2016-03-20T06:00:07Z
webkinz.com,https://plaintextoffenders.com/post/141416955079/webkinzcom-toys,2016-03-21T06:00:21Z
minlaering.dk,https://plaintextoffenders.com/post/141430374296/minl%C3%A6ringdk-minlaeringdk-language-learning,2016-03-21T14:00:31Z
minlæring.dk,https://plaintextoffenders.com/post/141430374296/minl%C3%A6ringdk-minlaeringdk-language-learning,2016-03-21T14:00:31Z
questomania.co.il,https://plaintextoffenders.com/post/141474776462/questomaniacoil-escape-rooms,2016-03-22T06:00:05Z
sabonmichal.co.il,https://plaintextoffenders.com/post/141487688510/sabonmichalcoil-soaps,2016-03-22T14:00:21Z
autorefill.com,https://plaintextoffenders.com/post/141532355243/autorefillcom-pre-paid-wireless-payment-they,2016-03-23T06:00:28Z
specialingredients.co.uk,https://plaintextoffenders.com/post/141545808169/specialingredientscouk-specialist-food,2016-03-23T14:00:17Z
wipl-d.com,https://plaintextoffenders.com/post/141589974811/wipl-dcom-electromagnetic-simulation-software,2016-03-24T06:00:14Z
amphenolrf.com,https://plaintextoffenders.com/post/141603200843/amphenolrfcom-rf-connectors-for-consumer,2016-03-24T14:00:19Z
theorchidsource.com,https://plaintextoffenders.com/post/141646565417/theorchidsourcecom-agricultural-forums-totally,2016-03-25T06:00:16Z
naparebates.com,https://plaintextoffenders.com/post/141660117833/naparebatescom-rebates,2016-03-25T14:00:24Z
liteneasy.com.au,https://plaintextoffenders.com/post/141702183357/liteneasycomau-food-manufacturer-their-faq,2016-03-26T05:00:24Z
irrigationcaddy.com,https://plaintextoffenders.com/post/141716357967/irrigationcaddydirectcom-irrigationcaddycom,2016-03-26T13:00:37Z
irrigationcaddydirect.com,https://plaintextoffenders.com/post/141716357967/irrigationcaddydirectcom-irrigationcaddycom,2016-03-26T13:00:37Z
maverickandwolf.com,https://plaintextoffenders.com/post/141760249237/maverickandwolfcom-eyeglasses,2016-03-27T05:00:19Z
impression-rapport.com,https://plaintextoffenders.com/post/141774850772/impression-rapportcom-online-printing,2016-03-27T13:00:32Z
uidaho.edu,https://plaintextoffenders.com/post/141822013951/uidahoedu-university-forgot-admissions-password,2016-03-28T05:00:15Z
hostwinds.com,https://plaintextoffenders.com/post/141836471276/hostwindscom-web-hosting-and-vps-they-should-know,2016-03-28T13:00:33Z
orange.jobs,https://plaintextoffenders.com/post/141882243057/orangejobs-job-board,2016-03-29T05:00:27Z
helloasso.com,https://plaintextoffenders.com/post/141896125431/helloassocom-contributions-platform,2016-03-29T13:00:39Z
brucefield.com,https://plaintextoffenders.com/post/141940106977/brucefieldcom-fashion,2016-03-30T05:00:26Z
ice.it,https://plaintextoffenders.com/post/141953561986/iceit-government-agency-upon-the-registration,2016-03-30T13:00:33Z
multivista.com,https://plaintextoffenders.com/post/141997275625/multivistacom-construction-documentation-password,2016-03-31T05:00:29Z
lidirect.co.uk,https://plaintextoffenders.com/post/142010656741/lidirectcouk-rugby-club-added-bonus-being-the,2016-03-31T13:00:18Z
laspesasemplice.it,https://plaintextoffenders.com/post/142053392862/laspesasempliceit-shopping-app-however-you-sign,2016-04-01T05:00:24Z
directheatingsupplies.co.uk,https://plaintextoffenders.com/post/142106750094/directheatingsuppliescouk-central-heating,2016-04-02T05:00:17Z
thepharmacy.com.au,https://plaintextoffenders.com/post/142119996876/thepharmacycomau-pharmacy-sent-me-plain-text,2016-04-02T13:00:36Z
duplichecker.com,https://plaintextoffenders.com/post/142160267543/duplicheckercom-plagiarism-checker-note-they,2016-04-03T05:00:24Z
yoga.co.il,https://plaintextoffenders.com/post/142175038052/yogashopcoil-yogacoil-yoga-on-top-of,2016-04-03T13:00:17Z
yogashop.co.il,https://plaintextoffenders.com/post/142175038052/yogashopcoil-yogacoil-yoga-on-top-of,2016-04-03T13:00:17Z
washington.edu,https://plaintextoffenders.com/post/142222106183/washingtonedu-university,2016-04-04T05:00:13Z
1000ps.net,https://plaintextoffenders.com/post/142279244330/motorradonlinede-1000psnet-motorcycle-magazine,2016-04-05T05:00:06Z
motorradonline.de,https://plaintextoffenders.com/post/142279244330/motorradonlinede-1000psnet-motorcycle-magazine,2016-04-05T05:00:06Z
webpage-backup.com,https://plaintextoffenders.com/post/142292180301/webpage-backupcom-online-backup-created,2016-04-05T13:00:37Z
betronstore.co.uk,https://plaintextoffenders.com/post/142334535342/betronstorecouk-personal-audio-equipment-ive,2016-04-06T05:00:21Z
nramemberservices.org,https://plaintextoffenders.com/post/142390021961/nramemberservicesorg-arms-association-not-only,2016-04-07T05:00:22Z
blink-now.com,https://plaintextoffenders.com/post/142403116531/blink-nowcom-online-movie-rental,2016-04-07T13:00:36Z
animeboy.org,https://plaintextoffenders.com/post/142444721153/animeboyorg-anime-streaming,2016-04-08T05:00:24Z
dropsend.com,https://plaintextoffenders.com/post/142457658970/dropsendcom-large-file-sending-service-they,2016-04-08T13:00:20Z
partridgeshadleigh.co.uk,https://plaintextoffenders.com/post/142568610791/partridgeshadleighcouk-online-home-and-garden,2016-04-10T13:00:35Z
peppers.com.au,https://plaintextoffenders.com/post/142614825490/pepperscomau-hotel-and-resort-chain,2016-04-11T05:00:21Z
opalbusiness.net,https://plaintextoffenders.com/post/142628008351/opalbusinessnet-talktalk-business-broadband,2016-04-11T13:00:29Z
soymicontador.mx,https://plaintextoffenders.com/post/142683201499/soymicontadormx-mexican-taxes-and-invoices,2016-04-12T13:00:21Z
lolipop.ch,https://plaintextoffenders.com/post/142724132381/lolipopch-swiss-candy-store,2016-04-13T05:00:07Z
lentimania.it,https://plaintextoffenders.com/post/142784596939/lentimaniait-italian-site-to-buy-contact,2016-04-14T09:00:19Z
nationalfurnituresupply.com,https://plaintextoffenders.com/post/142837207012/nationalfurnituresupplycom-online-furniture-store,2016-04-15T09:00:12Z
eurodns.com,https://plaintextoffenders.com/post/142888127200/eurodnscom-domain-registrar,2016-04-16T09:00:24Z
beautifulonraw.com,https://plaintextoffenders.com/post/142941850239/beautifulonrawcom-vegan-beauty-products-and-raw,2016-04-17T09:00:32Z
fridgefiltershop.com,https://plaintextoffenders.com/post/142999247531/fridgefiltershopcom-refrigerator-servicing,2016-04-18T09:00:09Z
gartic.com.br,https://plaintextoffenders.com/post/143052822156/garticcombr-gaming-website,2016-04-19T09:00:14Z
worldofbooks.com.au,https://plaintextoffenders.com/post/143105266309/worldofbookscomau-second-hand-book-retailer,2016-04-20T09:00:30Z
wsdot.wa.gov,https://plaintextoffenders.com/post/143674945783/wsdotwagov-ferry-tickets,2016-05-01T09:00:33Z
themanime.org,https://plaintextoffenders.com/post/143731006297/themanimeorg-anime-discussion,2016-05-02T09:00:10Z
sweepsadvantage.com,https://plaintextoffenders.com/post/143783226255/sweepsadvantagecom-sweepstakes-database,2016-05-03T09:00:32Z
nifflas.lpchip.nl,https://plaintextoffenders.com/post/143834543794/nifflaslpchipnl-nifflas-games-forum,2016-05-04T09:00:25Z
modarchive.org,https://plaintextoffenders.com/post/143885272472/modarchiveorg-module-music-database,2016-05-05T09:00:19Z
mcafeeasap.com,https://plaintextoffenders.com/post/143934686334/mcafeeasapcom-virus-protection-software,2016-05-06T09:00:12Z
ivave.com,https://plaintextoffenders.com/post/143983645491/ivavecom-music-downloads,2016-05-07T09:00:30Z
freesound.org,https://plaintextoffenders.com/post/144034419952/freesoundorg-free-sound-database,2016-05-08T09:00:06Z
fraggednation.com,https://plaintextoffenders.com/post/144089045929/fraggednationcom-shooter-game-database,2016-05-09T09:00:07Z
clickteam.com,https://plaintextoffenders.com/post/144140152100/clickteamcom-game-creation-suites,2016-05-10T09:00:07Z
classic-pc-games.com,https://plaintextoffenders.com/post/144191369136/classic-pc-gamescom-pc-gaming,2016-05-11T09:00:11Z
london4jobs.co.uk,https://plaintextoffenders.com/post/144241357766/london4jobscouk-recruitment-portal-cv-agency,2016-05-12T09:00:27Z
zapplication.org,https://plaintextoffenders.com/post/144290296116/zapplicationorg-art-show-registry,2016-05-13T09:00:25Z
voipfibre.com,https://plaintextoffenders.com/post/144338182054/voipfibrecom-voip-service-provider,2016-05-14T09:00:32Z
heartinternet.uk,https://plaintextoffenders.com/post/144390069353/heartinternetuk-uk-hosting-provider,2016-05-15T09:00:27Z
carrierenterprise.com,https://plaintextoffenders.com/post/144997984673/carrierenterprisecom-hvac-corporate-ordering,2016-05-27T09:00:19Z
lhd.litera.com,https://plaintextoffenders.com/post/145093674544/lhdliteracom-helpdesk-for-software-developer-to,2016-05-29T09:00:23Z
infinitymotorcycles.com,https://plaintextoffenders.com/post/145146037751/infinitymotorcyclescom-uk-motorcycle,2016-05-30T09:00:28Z
jobs.lucasfilm.com,https://plaintextoffenders.com/post/145198430780/jobslucasfilmcom-lucasfilm-recruiting,2016-05-31T09:00:05Z
mobaxterm.mobatek.net,https://plaintextoffenders.com/post/145298739078/mobaxtermmobateknet-moshssh-windows-client,2016-06-02T09:00:05Z
rosegal.com,https://plaintextoffenders.com/post/145348080996/rosegalcom-online-fashion-shop,2016-06-03T09:00:09Z
lewermark.com,https://plaintextoffenders.com/post/171826092643/lewercom-lewermarkcom-health-insurance,2018-03-13T10:00:26Z
lewer.com,https://plaintextoffenders.com/post/171826092643/lewercom-lewermarkcom-health-insurance,2018-03-13T10:00:26Z
511nj.org,https://plaintextoffenders.com/post/171902379101/511njorg-new-jersey-traffic-information-replied,2018-03-15T17:24:41Z
avaresearch.com.au,https://plaintextoffenders.com/post/171919335390/avaresearchcomau-market-research-recruitment,2018-03-16T03:45:30Z
webcity.com.au,https://plaintextoffenders.com/post/171923063966/webcitycomau-webcity-hosting-and-domain-names,2018-03-16T06:19:42Z
diplomasender.com,https://plaintextoffenders.com/post/171932362386/diplomasendercom-they-send-you-your-hseged-or,2018-03-16T15:15:19Z
mobile.free.fr,https://plaintextoffenders.com/post/171951678271/mobilefreefr-french-mobile-carrier-it-is,2018-03-17T03:45:32Z
retrofix.com.au,https://plaintextoffenders.com/post/171958505856/retrofixcomau-retro-console-accessories,2018-03-17T09:30:31Z
leaguetennis.com,https://plaintextoffenders.com/post/171964991386/leaguetenniscom-tennis-league-coordinator-sign-up,2018-03-17T15:15:31Z
trailheadfinefoods.co.uk,https://plaintextoffenders.com/post/171984889893/trailheadfinefoodscouk-snacks-store,2018-03-18T03:45:13Z
rentalbeast.com,https://plaintextoffenders.com/post/171991970448/longandfostercom-rentalbeastcom-rental,2018-03-18T09:30:09Z
longandfoster.com,https://plaintextoffenders.com/post/171991970448/longandfostercom-rentalbeastcom-rental,2018-03-18T09:30:09Z
soundeo.com,https://plaintextoffenders.com/post/171998846369/soundeocom-music-distribution-platform-you-can,2018-03-18T15:15:30Z
creditnet.at,https://plaintextoffenders.com/post/172021136006/creditnetat-financial-intermediary,2018-03-19T03:45:14Z
soccerproject.com,https://plaintextoffenders.com/post/172028233486/soccerprojectcom-online-football-manager-game,2018-03-19T09:30:12Z
internic.ma,https://plaintextoffenders.com/post/172034718671/internicma-domain-registrar-this-was-sent-to-me,2018-03-19T15:15:19Z
theweedtube.com,https://plaintextoffenders.com/post/172034933346/theweedtubecom-a-youtube-clone-for-cannabis,2018-03-19T15:24:14Z
sdsprovider.com,https://plaintextoffenders.com/post/172034973796/msdsprovidercom-sdsprovidercom-material-safety,2018-03-19T15:26:02Z
msdsprovider.com,https://plaintextoffenders.com/post/172034973796/msdsprovidercom-sdsprovidercom-material-safety,2018-03-19T15:26:02Z
ftocapital.com,https://plaintextoffenders.com/post/172034984901/ftocapitalcom-forex-trading-company,2018-03-19T15:26:29Z
smarterasp.net,https://plaintextoffenders.com/post/172035645326/smarteraspnet-web-hosting,2018-03-19T15:53:15Z
securityid.com.au,https://plaintextoffenders.com/post/172062835207/securityidcomau-security-id-cards-id-expect-a,2018-03-20T09:30:15Z
instantoffices.com,https://plaintextoffenders.com/post/172069141168/instantofficescom-office-search-company,2018-03-20T15:15:28Z
adsl2exchanges.com.au,https://plaintextoffenders.com/post/172089924915/adsl2exchangescomau-broadband-comparison-site,2018-03-21T03:45:10Z
thehouseshop.com,https://plaintextoffenders.com/post/172096843807/thehouseshopcom-property-classified-ads,2018-03-21T09:30:06Z
funidelia.ch,https://plaintextoffenders.com/post/172103238021/funideliach-web-shop-in-switzerland-we-believe,2018-03-21T15:15:19Z
cuisinenetguide.co.uk,https://plaintextoffenders.com/post/172124334049/cuisinenetguidecouk-food-delivery-and-table,2018-03-22T03:45:10Z
intersport-rent.fr,https://plaintextoffenders.com/post/172131268422/intersport-rentfr-winter-sport-gear-rental,2018-03-22T09:30:04Z
ninoma.com,https://plaintextoffenders.com/post/172137688479/ninomacom-japanese-figurine-imports,2018-03-22T15:15:23Z
askstaffing.com,https://plaintextoffenders.com/post/172158291921/askstaffingcom-staffing-agency-they-sent-me,2018-03-23T03:45:10Z
jbaoffroad.com,https://plaintextoffenders.com/post/172165068551/4xguardcom-jbaoffroadcom-off-road-parts,2018-03-23T09:30:03Z
4xguard.com,https://plaintextoffenders.com/post/172165068551/4xguardcom-jbaoffroadcom-off-road-parts,2018-03-23T09:30:03Z
ihostfull.com,https://plaintextoffenders.com/post/172171396630/uhostfullcom-ihostfullcom-free-website-hosting,2018-03-23T15:15:04Z
uhostfull.com,https://plaintextoffenders.com/post/172171396630/uhostfullcom-ihostfullcom-free-website-hosting,2018-03-23T15:15:04Z
gsc-game.com,https://plaintextoffenders.com/post/172189343557/gsc-gamecom-game-development-studio-website,2018-03-24T02:45:19Z
classificationweb.net,https://plaintextoffenders.com/post/172196806196/classificationwebnet-library-of-congress,2018-03-24T08:30:12Z
share.zabbix.com,https://plaintextoffenders.com/post/172202844513/sharezabbixcom-repository-of-add-ons-for-zabbix,2018-03-24T14:15:21Z
betanews.com,https://plaintextoffenders.com/post/172223102042/betanewscom-tech-news-i-forgot-about-an-login-for,2018-03-25T02:45:09Z
shop.dacru.be,https://plaintextoffenders.com/post/172231046752/dacrube-shopdacrube-records-retailer,2018-03-25T08:30:05Z
dacru.be,https://plaintextoffenders.com/post/172231046752/dacrube-shopdacrube-records-retailer,2018-03-25T08:30:05Z
ciaorunner.com,https://plaintextoffenders.com/post/172237479357/ciaorunnercom-runners-social-network,2018-03-25T14:15:23Z
manpowergroupsolutions.co.uk,https://plaintextoffenders.com/post/172259701612/manpowergroupsolutionscouk-personnel-services,2018-03-26T02:45:33Z
littlefrog.shop,https://plaintextoffenders.com/post/172267879922/littlefrogshop-baby-wraps-i-bought-something-and,2018-03-26T08:30:05Z
morefromgroup.co.uk,https://plaintextoffenders.com/post/172274127777/morecomputerscom-morefromgroupcouk-computers,2018-03-26T14:15:31Z
morecomputers.com,https://plaintextoffenders.com/post/172274127777/morecomputerscom-morefromgroupcouk-computers,2018-03-26T14:15:31Z
madeinme.com,https://plaintextoffenders.com/post/172284003811/madeinmecom-childrens-books-app-i-received-this,2018-03-26T20:23:00Z
gambettesbox.com,https://plaintextoffenders.com/post/172284072836/gambettesboxcom-fashion-shop-passwort-sent,2018-03-26T20:25:18Z
audiomicro.com,https://plaintextoffenders.com/post/172295190704/audiomicrocom-stock-audio-library,2018-03-27T02:45:16Z
formazionecni.it,https://plaintextoffenders.com/post/172303136576/formazionecniit-italian-council-of-engineers,2018-03-27T08:30:11Z
thegraillords.net,https://plaintextoffenders.com/post/172309215928/thegraillordsnet-web-based-role-playing-game-i,2018-03-27T14:15:23Z
eventim.co.il,https://plaintextoffenders.com/post/172337682507/eventimcoil-event-tickets-sales-site-possibly,2018-03-28T08:30:04Z
offensive-security.com,https://plaintextoffenders.com/post/172364047795/offensive-securitycom-security-training-after,2018-03-29T02:45:31Z
mavic.com,https://plaintextoffenders.com/post/172371998826/maviccom-cycling-brand-mavic-one-of-the-most,2018-03-29T08:30:32Z
flipout.co.uk,https://plaintextoffenders.com/post/172378112862/flipoutcouk-trampoline-parks,2018-03-29T14:15:18Z
duronic.com,https://plaintextoffenders.com/post/172398085597/duroniccom-retailer-a-global-consumer-products,2018-03-30T02:45:24Z
cybasar.at,https://plaintextoffenders.com/post/172406141786/cybasarat-automobile-sales-i-told-them-this-is,2018-03-30T08:30:25Z
myuniversalphotos.com,https://plaintextoffenders.com/post/172407792816/myuniversalphotoscom-universal-studios-photos,2018-03-30T10:14:54Z
dominiondeck.com,https://plaintextoffenders.com/post/172408166146/dominiondeckcom-gaming-resourcessimply-signing-up,2018-03-30T10:38:07Z
pylones.com,https://plaintextoffenders.com/post/172408241306/pylonescom-retailer,2018-03-30T10:42:57Z
pantone.com,https://plaintextoffenders.com/post/172432753906/pantonecom-paint-brand,2018-03-31T02:45:20Z
personaliseyourvest.co.uk,https://plaintextoffenders.com/post/172440678236/personaliseyourvestcouk-personalised-sports,2018-03-31T08:30:19Z
forum.xda-developers.com,https://plaintextoffenders.com/post/172446855570/forumxda-developerscom-android-developers-forum,2018-03-31T14:15:10Z
easyname.eu,https://plaintextoffenders.com/post/172467021968/easynameeu-web-hosting-an-austrian-hosting,2018-04-01T02:45:17Z
sawgrassink.com,https://plaintextoffenders.com/post/172475314816/sawgrassinkcom-artprinting-supplies,2018-04-01T08:30:14Z
ticketone.it,https://plaintextoffenders.com/post/172481816177/ticketoneit-event-ticket-sales,2018-04-01T14:15:30Z
wir-machen-druck.de,https://plaintextoffenders.com/post/172504397106/wir-machen-druckde-printing-services,2018-04-02T02:45:12Z
greenstuffworld.com,https://plaintextoffenders.com/post/172512832591/greenstuffworldcom-hobby-supplies-they-sell,2018-04-02T08:30:07Z
charta.it,https://plaintextoffenders.com/post/172519378042/vivaticketit-chartait-event-ticket-sales-im,2018-04-02T14:15:30Z
vivaticket.it,https://plaintextoffenders.com/post/172519378042/vivaticketit-chartait-event-ticket-sales-im,2018-04-02T14:15:30Z
chillfactore.com,https://plaintextoffenders.com/post/172540466726/chillfactorecom-indoor-ski,2018-04-03T02:45:17Z
appypie.com,https://plaintextoffenders.com/post/172548550855/appypiecom-ios-app-creation,2018-04-03T08:30:09Z
docorga.com,https://plaintextoffenders.com/post/172554842413/docorgacom-health-professionals-content,2018-04-03T14:15:17Z
hairgum.com,https://plaintextoffenders.com/post/172575436917/hairgumcom-hair-care-retailer,2018-04-04T02:45:13Z
nuance.com,https://plaintextoffenders.com/post/172583393971/nuancecom-documentation-healthcare-tech,2018-04-04T08:30:09Z
zeemaps.com,https://plaintextoffenders.com/post/172589525068/zeemapscom-interactive-map-creator-zeemaps-seems,2018-04-04T14:15:30Z
ifoamanagement.it,https://plaintextoffenders.com/post/172609588943/ifoamanagementit-job-recruiting,2018-04-05T02:45:14Z
deepetch.com,https://plaintextoffenders.com/post/172617267617/deepetchcom-image-editing-service,2018-04-05T08:30:08Z
nexxt.com,https://plaintextoffenders.com/post/172623289083/nexxtcom-job-listings,2018-04-05T14:15:22Z
gitaarles.nl,https://plaintextoffenders.com/post/172643130965/gitaarlesnl-online-guitar-lessons,2018-04-06T02:45:11Z
fs1inc.com,https://plaintextoffenders.com/post/172656779151/fs1inccom-refurbished-car-parts-flagship-one,2018-04-06T14:15:15Z
dane.gov.co,https://plaintextoffenders.com/post/172675963778/danegovco-colombian-department-of-statistics,2018-04-07T02:45:32Z
clubpremier.com,https://plaintextoffenders.com/post/172683415016/clubpremiercom-frequent-flier-program,2018-04-07T08:30:31Z
tshirtelephant.com,https://plaintextoffenders.com/post/172689271786/tshirtelephantcom-custom-t-shirts,2018-04-07T14:15:12Z
jump.bg,https://plaintextoffenders.com/post/172709125301/jumpbg-web-hosting,2018-04-08T02:45:17Z
ccs.com,https://plaintextoffenders.com/post/172716898328/ccscom-clothing-retailer-i-created-an-account,2018-04-08T08:30:16Z
dpsnutrition.net,https://plaintextoffenders.com/post/172723239131/dpsnutritionnet-nutritional-supplements-retailer,2018-04-08T14:15:07Z
lazparking.com,https://plaintextoffenders.com/post/172745078503/lazparkingcom-parking-management-services-asking,2018-04-09T02:45:16Z
quickclickhosting.com,https://plaintextoffenders.com/post/172753178163/quickclickhostingcom-web-hosting-youd-have-hoped,2018-04-09T08:30:12Z
vivino.com,https://plaintextoffenders.com/post/172759338473/vivinocom-wine-retailers-aggregator-find-and,2018-04-09T14:15:17Z
bikemi.com,https://plaintextoffenders.com/post/172779658477/bikemicom-bike-sharing-service-milan-bike,2018-04-10T02:45:10Z
applegreen.ie,https://plaintextoffenders.com/post/172787461687/applegreenie-gas-stations-convenience-stores,2018-04-10T08:30:04Z
avast.com,https://plaintextoffenders.com/post/172793541564/avastcom-antivirus,2018-04-10T14:15:12Z
khinsider.com,https://plaintextoffenders.com/post/172813216326/khinsidercom-video-game-fan-site-provides,2018-04-11T02:45:21Z
highseer.com,https://plaintextoffenders.com/post/172820915901/highseercom-hvac-retailer,2018-04-11T08:30:20Z
thetshirtmill.com.au,https://plaintextoffenders.com/post/172826913086/thetshirtmillcomau-custom-printed-clothing,2018-04-11T14:15:11Z
quixa.it,https://plaintextoffenders.com/post/172846691126/quixait-insurance-they-send-you-an-email-with,2018-04-12T02:45:21Z
holdmyphone.com.au,https://plaintextoffenders.com/post/172854431408/holdmyphonecomau-mobile-device-car-holders-i,2018-04-12T08:30:19Z
hrdownloads.com,https://plaintextoffenders.com/post/172860514023/hrdownloadscom-human-resources-resources-was,2018-04-12T14:15:11Z
away4.com,https://plaintextoffenders.com/post/172880196586/away4com-company-vacation-planning,2018-04-13T02:45:11Z
lums.edu.pk,https://plaintextoffenders.com/post/172887809603/lumsedupk-university,2018-04-13T08:30:04Z
financialsecrecyindex.com,https://plaintextoffenders.com/post/172893758401/financialsecrecyindexcom-political-cause-are-you,2018-04-13T14:15:19Z
globalknowledge.co.uk,https://plaintextoffenders.com/post/172912603461/globalknowledgecouk-it-training-an-it-site-for,2018-04-14T02:45:26Z
managedway.com,https://plaintextoffenders.com/post/172919961498/managedwaycom-cloud-computing-managedway-is-a,2018-04-14T08:30:23Z
leyaonline.com,https://plaintextoffenders.com/post/172925875348/leyaonlinecom-book-retailer,2018-04-14T14:15:31Z
directron.com,https://plaintextoffenders.com/post/172945319741/directroncom-computers-and-parts-retailer,2018-04-15T02:45:18Z
cowlingandwilcox.com,https://plaintextoffenders.com/post/172953072843/cowlingandwilcoxcom-art-supplies,2018-04-15T08:30:14Z
eastpak.com,https://plaintextoffenders.com/post/172959396263/eastpakcom-luggage-retailer,2018-04-15T14:15:07Z
klimagassregnskap.no,https://plaintextoffenders.com/post/172981357638/klimagassregnskapno-science-services-a-tool-used,2018-04-16T02:45:17Z
pearsonplaces.com.au,https://plaintextoffenders.com/post/172989388237/pearsonplacescomau-textbook-distributor,2018-04-16T08:30:12Z
hcpc-uk.org,https://plaintextoffenders.com/post/172995347801/hcpc-ukorg-healthcare-regulator-the-health-and,2018-04-16T14:15:17Z
na.org,https://plaintextoffenders.com/post/173016019897/naorg-narcotics-anonymous-narcotics-anonymous,2018-04-17T02:45:23Z
soundeffectsplus.com,https://plaintextoffenders.com/post/173023846676/soundeffectspluscom-stock-sound-effects,2018-04-17T08:30:26Z
simhq.com,https://plaintextoffenders.com/post/173029749336/simhqcom-gaming-forum-simhq-online-forum-for,2018-04-17T14:15:13Z
krikzz.com,https://plaintextoffenders.com/post/173049624511/krikzzcom-retro-video-game-hardware,2018-04-18T02:45:23Z
bath.ac.uk,https://plaintextoffenders.com/post/173057316581/bathacuk-university,2018-04-18T08:30:22Z
theicn.docebosaas.com,https://plaintextoffenders.com/post/173063172891/theicndocebosaascom-child-nutrition-education,2018-04-18T14:15:22Z
notinshops.com.au,https://plaintextoffenders.com/post/173082166588/notinshopscomau-online-retailer,2018-04-19T02:45:20Z
footstoolsandmore.co.uk,https://plaintextoffenders.com/post/173089703622/footstoolsandmorecouk-furniture-retailer,2018-04-19T08:30:14Z
fasteasydefensivedriving.com,https://plaintextoffenders.com/post/173095510496/fasteasydefensivedrivingcom-driving-courses,2018-04-19T14:15:19Z
focus4people.com,https://plaintextoffenders.com/post/173114434820/focus4peoplecom-market-research-recruiters-i-knew,2018-04-20T02:45:25Z
informaticalavoro.it,https://plaintextoffenders.com/post/173121821921/informaticalavoroit-job-listings-job-recruiting,2018-04-20T08:30:25Z
ourfamilychristmaslist.com,https://plaintextoffenders.com/post/173127630528/ourfamilychristmaslistcom-christmas-gift,2018-04-20T14:15:05Z
eb.com,https://plaintextoffenders.com/post/173145686898/ebcom-encyclopedia-britannica-very-very,2018-04-21T02:45:18Z
bookandwalk.hu,https://plaintextoffenders.com/post/173152843951/bookandwalkhu-books-retailer-they-are-emailing,2018-04-21T08:30:12Z
nifeislife.com,https://plaintextoffenders.com/post/173158728282/nifeislifecom-food-retailer,2018-04-21T14:15:07Z
bgrs.com,https://plaintextoffenders.com/post/173177834327/bgrscom-immigrationtravel-compliance-services,2018-04-22T02:45:15Z
imathlete.com,https://plaintextoffenders.com/post/173185356725/imathletecom-athletic-event-aggregator-just,2018-04-22T08:30:09Z
mapstylr.com,https://plaintextoffenders.com/post/173191570075/mapstylrcom-customized-google-maps,2018-04-22T14:15:21Z
leespring.com,https://plaintextoffenders.com/post/173212487741/leespringcom-spring-retailer-sells-springs-and,2018-04-23T02:45:31Z
hfes.org,https://plaintextoffenders.com/post/173220151389/hfesorg-healthcare-website-for-a-professional,2018-04-23T08:30:31Z
traveldocs.com,https://plaintextoffenders.com/post/173226244881/traveldocscom-visa-and-passport-services-sent,2018-04-23T14:15:31Z
finisherpix.com,https://plaintextoffenders.com/post/173246426833/finisherpixcom-athletic-event-photography,2018-04-24T02:45:12Z
prevdentshop.com,https://plaintextoffenders.com/post/173253957676/orthocareshopcom-prevdentshopcom-oral-hygiene,2018-04-24T08:30:04Z
orthocareshop.com,https://plaintextoffenders.com/post/173253957676/orthocareshopcom-prevdentshopcom-oral-hygiene,2018-04-24T08:30:04Z
mrrebates.com,https://plaintextoffenders.com/post/173259906057/mrrebatescom-shopping-discounts,2018-04-24T14:15:25Z
zmart.cl,https://plaintextoffenders.com/post/173279161279/zmartcl-games-toys-retailer-i-clicked-on-the,2018-04-25T02:45:32Z
ruggeddevelopment.com,https://plaintextoffenders.com/post/173286563442/ruggeddevelopmentcom-computers-retailer-i-was,2018-04-25T08:30:32Z
buybackworld.com,https://plaintextoffenders.com/post/173292336073/buybackworldcom-electronics-buyer-this-site-was,2018-04-25T14:15:22Z
boomfestival.org,https://plaintextoffenders.com/post/173311264936/boomfestivalorg-festival-this-is-from-the-ticket,2018-04-26T02:45:28Z
theroomdating.com,https://plaintextoffenders.com/post/173318527586/theroomdatingcom-questionable,2018-04-26T08:30:27Z
rainbowprint.de,https://plaintextoffenders.com/post/173324168634/rainbowprintde-printing-services-passwort-reset,2018-04-26T14:15:19Z
liquideo.com,https://plaintextoffenders.com/post/173342339326/liquideocom-vaporizer-liquid-retailer,2018-04-27T02:45:33Z
tigerpens.co.uk,https://plaintextoffenders.com/post/173349254057/tigerpenscouk-stationery-retailer-today-i,2018-04-27T08:30:04Z
wisetrader.com,https://plaintextoffenders.com/post/173354770914/wisetradercom-currenciescommoditiesstocks,2018-04-27T14:15:29Z
wpopt.net,https://plaintextoffenders.com/post/173372289400/wpoptcom-wpoptnet-web-hosting,2018-04-28T02:45:14Z
wpopt.com,https://plaintextoffenders.com/post/173372289400/wpoptcom-wpoptnet-web-hosting,2018-04-28T02:45:14Z
gamersgate.com,https://plaintextoffenders.com/post/173379261291/gamersgatecom-video-games-retailer,2018-04-28T08:30:07Z
zombiedash.pl,https://plaintextoffenders.com/post/173384900086/zombiedashpl-clothing-retailer-polish,2018-04-28T14:15:16Z
tempor.it,https://plaintextoffenders.com/post/173403035455/temporit-job-agency-italian-job-agency,2018-04-29T02:45:19Z
atisys-domotique.fr,https://plaintextoffenders.com/post/173410240858/atisys-domotiquefr-electronicsparts-retailer,2018-04-29T08:30:24Z
wiklundsimport.se,https://plaintextoffenders.com/post/173436304459/wiklundsimportse-swedish-importer,2018-04-30T02:45:22Z
5gimme5.acomea.it,https://plaintextoffenders.com/post/173443937331/5gimme5it-5gimme5acomeait-savings-management,2018-04-30T08:30:20Z
5gimme5.it,https://plaintextoffenders.com/post/173443937331/5gimme5it-5gimme5acomeait-savings-management,2018-04-30T08:30:20Z
fastlec.co.uk,https://plaintextoffenders.com/post/173449770864/fastleccouk-electrical-supplies-retailer,2018-04-30T14:15:10Z
cloud9.com,https://plaintextoffenders.com/post/173468904140/cloud9com-it-consulting,2018-05-01T02:45:29Z
mydoc.fr,https://plaintextoffenders.com/post/173476317063/mydocfr-medical-appointment-scheduling-this-is-a,2018-05-01T08:30:27Z
ezcosplay.com,https://plaintextoffenders.com/post/173482264957/ezcosplaycom-costumes-retailer-a-site-that-sells,2018-05-01T14:15:11Z
lottosocial.com,https://plaintextoffenders.com/post/173501322796/lottosocialcom-lottery-lotto-social-sending-a,2018-05-02T02:45:17Z
mygadgettree.com.au,https://plaintextoffenders.com/post/173508569691/mygadgettreecomau-mobile-phones-and-components,2018-05-02T08:30:15Z
umbrellar.com,https://plaintextoffenders.com/post/173514222696/domains4lessconz-digiwebconz-umbrellarnz,2018-05-02T14:15:24Z
umbrellar.nz,https://plaintextoffenders.com/post/173514222696/domains4lessconz-digiwebconz-umbrellarnz,2018-05-02T14:15:24Z
digiweb.co.nz,https://plaintextoffenders.com/post/173514222696/domains4lessconz-digiwebconz-umbrellarnz,2018-05-02T14:15:24Z
domains4less.co.nz,https://plaintextoffenders.com/post/173514222696/domains4lessconz-digiwebconz-umbrellarnz,2018-05-02T14:15:24Z
tweez.be,https://plaintextoffenders.com/post/173532843552/tweezbe-blog-belgian-lifestyle-blog,2018-05-03T02:45:28Z
yea.org,https://plaintextoffenders.com/post/173540020752/yeaorg-nonprofit-performing-arts-non-profit,2018-05-03T08:30:26Z
derozedoos.be,https://plaintextoffenders.com/post/173545614513/derozedoosbe-parenthood-information-de-roze-doos,2018-05-03T14:15:24Z
successphotography.com,https://plaintextoffenders.com/post/173564127376/successphotographycom-graduation-photography,2018-05-04T02:45:15Z
parcelpending.com,https://plaintextoffenders.com/post/173571189561/parcelpendingcom-package-management-forced-to,2018-05-04T08:30:08Z
techrabbit.com,https://plaintextoffenders.com/post/173576780325/techrabbitcom-electronics-retailer-in-their,2018-05-04T14:15:30Z
delsol.com,https://plaintextoffenders.com/post/173594386047/delsolcom-color-changing-apparel,2018-05-05T02:45:18Z
easy-speak.org,https://plaintextoffenders.com/post/173601315736/easy-speakorg-toastmasters-information-easy-speak,2018-05-05T08:30:13Z
rcf.it,https://plaintextoffenders.com/post/173606885811/rcfit-speakers-brand-the-most-frustrating-part,2018-05-05T14:15:13Z
mediaticaspa.it,https://plaintextoffenders.com/post/173624747604/mediaticaspait-business-services,2018-05-06T02:45:21Z
carcoins.de,https://plaintextoffenders.com/post/173631894644/carcoinsde-automobile-classifieds-in-bitcoin,2018-05-06T08:30:23Z
eplehuset.no,https://plaintextoffenders.com/post/173637695730/eplehusetno-electronics-retailer-the-password-is,2018-05-06T14:15:10Z
sbb.ch,https://plaintextoffenders.com/post/173657973042/sbbch-swiss-federal-railways-company-wide,2018-05-07T02:45:15Z
poolhost.com,https://plaintextoffenders.com/post/173665514636/poolhostcom-gambling-pools-host,2018-05-07T08:30:15Z
geninfo.com,https://plaintextoffenders.com/post/173671284503/geninfocom-background-checks-service-general,2018-05-07T14:15:14Z
stockinformer.co.uk,https://plaintextoffenders.com/post/173690452083/stockinformercouk-hard-to-find-product-alerts,2018-05-08T02:45:22Z
reprotech.com,https://plaintextoffenders.com/post/173697831342/reprotechcom-medical-equipment-cryo-storage-for,2018-05-08T08:30:20Z
csiesafe.com,https://plaintextoffenders.com/post/173703492857/csiesafecom-secure-messaging-and-storage,2018-05-08T14:15:13Z
astemplates.com,https://plaintextoffenders.com/post/173722293508/astemplatescom-website-creators-themes,2018-05-09T02:45:31Z
esigaretonline.nl,https://plaintextoffenders.com/post/173729664478/esigaretonlinenl-vaporizers-retailer,2018-05-09T08:30:30Z
enterprisecatalyst.co.uk,https://plaintextoffenders.com/post/173735275826/enterprisecatalystcouk-personality,2018-05-09T14:15:14Z
zylax.com.au,https://plaintextoffenders.com/post/173753899651/zylaxcomau-electronics-software-retailer-i,2018-05-10T02:45:32Z
colombiahosting.com.co,https://plaintextoffenders.com/post/173760999822/colombiahostingcomco-web-hosting-it-is-a,2018-05-10T08:30:32Z
shop.jpbooks.co.uk,https://plaintextoffenders.com/post/173766759403/jpbookscouk-shopjpbookscouk-books-retailer,2018-05-10T14:15:19Z
jpbooks.co.uk,https://plaintextoffenders.com/post/173766759403/jpbookscouk-shopjpbookscouk-books-retailer,2018-05-10T14:15:19Z
pacificspecialty.com,https://plaintextoffenders.com/post/173785340810/pacificspecialtycom-insurance-pacific-specialty,2018-05-11T02:45:25Z
emanualonline.com,https://plaintextoffenders.com/post/173792385818/emanualonlinecom-digital-manuals-purchased-a,2018-05-11T08:30:24Z
simple-rates.com,https://plaintextoffenders.com/post/173798063217/simple-ratescom-insurance-rating,2018-05-11T14:15:22Z
careercruising.com,https://plaintextoffenders.com/post/173815673911/careercruisingcom-career-building-resources-used,2018-05-12T02:45:28Z
interwap.ro,https://plaintextoffenders.com/post/173822663206/interwapro-vpn-not-only-that-the-password-was,2018-05-12T08:30:28Z
rotowire.com,https://plaintextoffenders.com/post/173828314471/rotowirecom-fantasy-sports-resources,2018-05-12T14:15:09Z
bandsintown.com,https://plaintextoffenders.com/post/173847237561/bandsintowncom-music-events-near-you-live,2018-05-13T02:45:17Z
txt180.com,https://plaintextoffenders.com/post/173854498166/txt180com-mobile-text-services-sms-messaging,2018-05-13T08:30:12Z
gotimeforce2.com,https://plaintextoffenders.com/post/173860470203/gotimeforce2com-employee-time-tracking-company,2018-05-13T14:15:30Z
bergfuchs.at,https://plaintextoffenders.com/post/173880611922/bergfuchsat-sports-equipment-retailer-austrian,2018-05-14T02:45:10Z
grocerymenus.com,https://plaintextoffenders.com/post/173893901942/grocerymenuscom-groceries-retailer,2018-05-14T14:15:16Z
franklinsports.com,https://plaintextoffenders.com/post/173913194727/franklinsportscom-sports-equipment-retailer,2018-05-15T02:45:12Z
sptrans.com.br,https://plaintextoffenders.com/post/173920582282/sptranscombr-transportation-a-brazilian-public,2018-05-15T08:30:08Z
boutique.ucm.be,https://plaintextoffenders.com/post/173926220982/boutiqueucmbe-banking-servicces,2018-05-15T14:15:18Z
caesar.nl,https://plaintextoffenders.com/post/173945158177/caesarnl-web-developer-web-developer-company,2018-05-16T02:45:21Z
airlines-manager.com,https://plaintextoffenders.com/post/173952481106/airlines-managercom-mobile-game-i-dont,2018-05-16T08:30:22Z
provizsports.com,https://plaintextoffenders.com/post/173958094792/provizsportscom-sports-clothing-retailer,2018-05-16T14:15:11Z
elskling.se,https://plaintextoffenders.com/post/173976765796/elsklingse-electricity-services-cost-comparison,2018-05-17T02:45:23Z
artshub.com.au,https://plaintextoffenders.com/post/173983866406/artshubcomau-arts-professionals-resources,2018-05-17T08:30:22Z
crewavailability.com,https://plaintextoffenders.com/post/174007739667/crewavailabilitycom-calendar-app-emailed-my,2018-05-18T02:45:20Z
nissanfinance.com,https://plaintextoffenders.com/post/174014826891/nissanfinancecom-automobile-financing,2018-05-18T08:30:15Z
doteasy.com,https://plaintextoffenders.com/post/174020435846/doteasycom-domain-registrar-web-hosting,2018-05-18T14:15:23Z
hireright.com,https://plaintextoffenders.com/post/174037647581/hirerightcom-background-check-services,2018-05-19T02:45:33Z
geocities.ws,https://plaintextoffenders.com/post/174044421432/geocitiesws-web-hosting-yahoo-geocities-site,2018-05-19T08:30:03Z
bayareaskibus.com,https://plaintextoffenders.com/post/174067850384/bayareaskibuscom-transportation-skisnowboard,2018-05-20T02:45:24Z
eventready.com,https://plaintextoffenders.com/post/174075055543/eventreadycom-event-organizer-event-organizers,2018-05-20T08:30:26Z
t-mobile.at,https://plaintextoffenders.com/post/174100751368/t-mobileat-internet-and-telecommunications,2018-05-21T02:45:24Z
stayz.com.au,https://plaintextoffenders.com/post/174108249657/stayzcomau-lodging-tried-it-twice-same-password,2018-05-21T08:30:23Z
alfasent.com,https://plaintextoffenders.com/post/174114040683/alfasentcom-package-forwarding-british-forward,2018-05-21T14:15:13Z
hollandforyou.com,https://plaintextoffenders.com/post/174133421882/hollandforyoucom-groceries-retailer-general,2018-05-22T02:45:22Z
vumingo.com,https://plaintextoffenders.com/post/174140867242/vumingocom-online-exam-creator-plaintext,2018-05-22T08:30:19Z
prepaway.com,https://plaintextoffenders.com/post/174146626986/prepawaycom-certification-programs-preparation,2018-05-22T14:15:29Z
singlelogin.org,https://plaintextoffenders.com/post/174165825848/singleloginorg-website-login-service,2018-05-23T02:45:34Z
wildwisp.com,https://plaintextoffenders.com/post/174173197352/wildwispcom-isp-wilderness-wireless-an-idaho,2018-05-23T08:30:03Z
formula1.com,https://plaintextoffenders.com/post/174178916104/formula1com-racing-additional-note-did-not,2018-05-23T14:15:20Z
commonsuburbanclothing.com,https://plaintextoffenders.com/post/174197536567/commonsuburbanclothingcom-clothing-retailer-when,2018-05-24T02:45:25Z
londonfencingclub.co.uk,https://plaintextoffenders.com/post/174204741242/londonfencingclubcouk-fencing-club-hold,2018-05-24T08:30:27Z
fcac-acfc.gc.ca,https://plaintextoffenders.com/post/174210356527/fcac-acfcgcca-government-can-i-submit-stuff-im,2018-05-24T14:15:31Z
racewire.com,https://plaintextoffenders.com/post/174228718098/racewirecom-race-registration-race-registration,2018-05-25T02:45:17Z
nikonians.org,https://plaintextoffenders.com/post/174235868271/nikoniansorg-hobby-forum-nikon-camera-owners-and,2018-05-25T08:30:11Z
getintoivy.com,https://plaintextoffenders.com/post/174241373796/getintoivycom-college-acceptance-guide,2018-05-25T14:15:10Z
handandstone.com,https://plaintextoffenders.com/post/174259026777/handandstonecom-spa-chain,2018-05-26T02:45:18Z
goguide.com.au,https://plaintextoffenders.com/post/174266095801/goguidecomau-businesses-lookup-plain-text,2018-05-26T08:30:18Z
netwrix.com,https://plaintextoffenders.com/post/174271680891/netwrixcom-user-behavior-analysis-netwrix,2018-05-26T14:15:19Z
brit-car.co.uk,https://plaintextoffenders.com/post/174289868006/britcarcom-brit-carcouk-car-parts-retailer-a,2018-05-27T02:45:25Z
britcar.com,https://plaintextoffenders.com/post/174289868006/britcarcom-brit-carcouk-car-parts-retailer-a,2018-05-27T02:45:25Z
aussiebb.com.au,https://plaintextoffenders.com/post/174297153922/aussiebbcomau-isp-aussie-broadband-a-isp-in,2018-05-27T08:30:23Z
socialware.be,https://plaintextoffenders.com/post/174302997582/socialwarebe-free-it-services-they-offer-free-it,2018-05-27T14:15:16Z
iaeste.smartsimple.ie,https://plaintextoffenders.com/post/174336445827/iaestenet-iaestesmartsimpleie-student-exchange,2018-05-28T14:15:08Z
iaeste.net,https://plaintextoffenders.com/post/174336445827/iaestenet-iaestesmartsimpleie-student-exchange,2018-05-28T14:15:08Z
rsststan.ca,https://plaintextoffenders.com/post/174365281951/scienceandtechnologyawarenessnetworkwildapricotor,2018-05-29T09:00:11Z
stanrsst.ca,https://plaintextoffenders.com/post/174365281951/scienceandtechnologyawarenessnetworkwildapricotor,2018-05-29T09:00:11Z
scienceandtechnologyawarenessnetwork.wildapricot.org,https://plaintextoffenders.com/post/174365281951/scienceandtechnologyawarenessnetworkwildapricotor,2018-05-29T09:00:11Z
fun-parc.com,https://plaintextoffenders.com/post/174397869331/fun-parccom-night-club-a-night-club-in-germany,2018-05-30T09:00:17Z
calibro.com,https://plaintextoffenders.com/post/174430227901/calibrocom-books-retailer,2018-05-31T09:00:27Z
jacquieetmicheltv2.net,https://plaintextoffenders.com/post/174462119714/jacquieetmicheltvnet-jacquieetmicheltv2net,2018-06-01T09:00:10Z
jacquieetmicheltv.net,https://plaintextoffenders.com/post/174462119714/jacquieetmicheltvnet-jacquieetmicheltv2net,2018-06-01T09:00:10Z
hvacdirect.com,https://plaintextoffenders.com/post/174493691434/hvacdirectcom-hvac-equipment-retailer-send-upon,2018-06-02T09:00:22Z
iffcotokio.co.in,https://plaintextoffenders.com/post/174525792473/iffcotokiocoin-insurance-provider-iffco-tokio,2018-06-03T09:00:11Z
arubacloud.com,https://plaintextoffenders.com/post/174560058666/arubacloudcom-cloud-computing-cloud-server,2018-06-04T09:00:12Z
allflac.com,https://plaintextoffenders.com/post/174592803311/allflaccom-music-distribution-platform-sent-me-my,2018-06-05T09:00:23Z
prusa3d.com,https://plaintextoffenders.com/post/174625034235/prusa3dcom-3d-printers-purchased-a-3d-printer,2018-06-06T09:00:32Z
hypertrophycoach.com,https://plaintextoffenders.com/post/174656712631/hypertrophycoachcom-workout-plans-email,2018-06-07T09:00:25Z
megekko.nl,https://plaintextoffenders.com/post/174688091999/megekkonl-retailer-i-forgot-my-password-for-the,2018-06-08T09:00:05Z
oscar.eaton.com,https://plaintextoffenders.com/post/174718251777/oscareatoncom-design-validation-tool-an-online,2018-06-09T09:00:10Z
uncc.edu,https://plaintextoffenders.com/post/174749242655/unccedu-university-unc-charlotte-sending-plain,2018-06-10T09:00:03Z
berlitzvirtualclassroom.com,https://plaintextoffenders.com/post/174782785451/berlitzvirtualclassroomcom-virtual-classroom,2018-06-11T09:00:11Z
oneaccount.com,https://plaintextoffenders.com/post/174815193639/oneaccountcom-bank-the-one-account-is-a-uk,2018-06-12T09:00:07Z
trust7.com,https://plaintextoffenders.com/post/174847327668/trust7com-visa-information,2018-06-13T09:00:15Z
univativ.de,https://plaintextoffenders.com/post/174878782574/univativde-job-search-platform-german-recruitment,2018-06-14T09:00:15Z
yoolando.com,https://plaintextoffenders.com/post/174970392307/yoolandocom-candy-retailer,2018-06-17T09:00:12Z
dtxstudio.com,https://plaintextoffenders.com/post/175003874144/dtxstudiocom-dental-software-medical-hybrid-cloud,2018-06-18T09:00:08Z
juno.com,https://plaintextoffenders.com/post/175036991240/junocom-isp-email-i-had-an-e-mail-account-with,2018-06-19T09:00:10Z
mobility.ch,https://plaintextoffenders.com/post/175070182078/mobilitych-car-sharing-swiss-car-sharing-company,2018-06-20T09:00:25Z
ltsecurityinc.com,https://plaintextoffenders.com/post/175134857777/ltsecurityinccom-video-surveillance-company,2018-06-22T09:00:05Z
twinq.nl,https://plaintextoffenders.com/post/175166589675/twinqnl-homeowners-association-saas-company-that,2018-06-23T09:00:08Z
free-range.org.uk,https://plaintextoffenders.com/post/175198840341/free-rangeorguk-gallery-an-exhibition-space-in,2018-06-24T09:00:08Z
arre.co.in,https://plaintextoffenders.com/post/175233358879/arrecoin-content-platform-plaintext-password,2018-06-25T09:00:15Z
securehoster.nl,https://plaintextoffenders.com/post/175267066855/securehosternl-web-hosting,2018-06-26T09:00:17Z
venum.com,https://plaintextoffenders.com/post/175300319631/venumcom-sports-clothing-after-creating-my,2018-06-27T09:00:10Z
tecobuy.com,https://plaintextoffenders.com/post/175334007768/tecobuycom-electronics-retailer,2018-06-28T09:00:07Z
frameitall.com,https://plaintextoffenders.com/post/175367285322/frameitallcom-gardening-retailer,2018-06-29T09:00:21Z
postcashback.co.il,https://plaintextoffenders.com/post/175399490639/postcashbackcoil-cashback-reward-program-is-an,2018-06-30T09:00:21Z
bpmn.studio,https://plaintextoffenders.com/post/175431837426/bpmnstudio-business-management-software,2018-07-01T09:00:11Z
asr-games.net,https://plaintextoffenders.com/post/175466616919/asr-gamesnet-browser-games,2018-07-02T09:00:15Z
ezybook.net,https://plaintextoffenders.com/post/175501302892/ezybooknet-appointment-booking,2018-07-03T09:00:31Z
kiddies-kingdom.com,https://plaintextoffenders.com/post/175535483744/kiddies-kingdomcom-baby-and-nursery-retailer,2018-07-04T09:00:31Z
fahren-lernen.de,https://plaintextoffenders.com/post/175568962546/fahren-lernende-drivers-education-german-website,2018-07-05T09:00:30Z
lemona.ee,https://plaintextoffenders.com/post/175602519010/lemonalt-lemonalv-lemonaee-electronics-and,2018-07-06T09:00:13Z
lemona.lv,https://plaintextoffenders.com/post/175602519010/lemonalt-lemonalv-lemonaee-electronics-and,2018-07-06T09:00:13Z
lemona.lt,https://plaintextoffenders.com/post/175602519010/lemonalt-lemonalv-lemonaee-electronics-and,2018-07-06T09:00:13Z
tobysestate.com.au,https://plaintextoffenders.com/post/175635793514/tobysestatecomau-coffee-supplies-retailer-they,2018-07-07T09:00:13Z
coparents.co.uk,https://plaintextoffenders.com/post/175669191962/coparentscouk-spermegg-donors-website-for,2018-07-08T09:00:09Z
logocrisp.com,https://plaintextoffenders.com/post/175704253524/logocrispcom-logo-creator,2018-07-09T09:00:17Z
healthyplanetcanada.com,https://plaintextoffenders.com/post/175739162725/healthyplanetcanadacom-health-store-healthy,2018-07-10T09:00:21Z
scorptec.com.au,https://plaintextoffenders.com/post/175773975935/scorpteccomau-computer-parts-retailer-australian,2018-07-11T09:00:12Z
ausspecs.com.au,https://plaintextoffenders.com/post/175808707271/ausspecscomau-eyeglasses-retailer-sent-an,2018-07-12T09:00:05Z
londonpowertools.co.uk,https://plaintextoffenders.com/post/175842756457/londonpowertoolscouk-power-tools-retailer,2018-07-13T09:00:27Z
aeroprecisionusa.com,https://plaintextoffenders.com/post/175876018013/aeroprecisionusacom-weapons-manufacturer-sent-to,2018-07-14T09:00:24Z
madmimi.com,https://plaintextoffenders.com/post/175909537442/madmimicom-email-marketing,2018-07-15T09:00:22Z
tcb.co.nz,https://plaintextoffenders.com/post/175945321455/tcbconz-gambling-nz-betting-website-its-even,2018-07-16T09:00:18Z
tesler-soft.com,https://plaintextoffenders.com/post/175980553467/tesler-softcom-stocks-trading,2018-07-17T09:00:28Z
winchester.ac.uk,https://plaintextoffenders.com/post/176015811161/winchesteracuk-university-university-of,2018-07-18T09:00:24Z
follett.com,https://plaintextoffenders.com/post/176050362817/follettcom-education-sends-employees-their,2018-07-19T09:00:13Z
easyidcard.com,https://plaintextoffenders.com/post/176084496129/easyidcardcom-photo-ids,2018-07-20T09:00:29Z
inkstation.com.au,https://plaintextoffenders.com/post/176118348458/inkstationcomau-ink-and-toner-retailer-thanks,2018-07-21T09:00:07Z
dealert.nl,https://plaintextoffenders.com/post/176152372283/dealertnl-shopping-deals,2018-07-22T09:00:18Z
suncamp.nl,https://plaintextoffenders.com/post/176188588697/suncampnl-travel-agency,2018-07-23T09:00:19Z
hw.ac.uk,https://plaintextoffenders.com/post/176224500344/hwacuk-university-i-received-this-email-with-my,2018-07-24T09:00:20Z
kwiaty-warszawa.pl,https://plaintextoffenders.com/post/176259835012/kwiaty-warszawapl-florist-mandragora-polish,2018-07-25T09:00:03Z
teamxlink.co.uk,https://plaintextoffenders.com/post/176295231409/teamxlinkcouk-gaming-network-emails-you-the,2018-07-26T09:00:17Z
hcdistrictclerk.com,https://plaintextoffenders.com/post/176331328971/hcdistrictclerkcom-district-clerk-harris-county,2018-07-27T09:00:13Z
spielmaterial.de,https://plaintextoffenders.com/post/176366421899/spielmaterialde-board-game-pieces-they-tabletop,2018-07-28T09:00:24Z
timehighway.com,https://plaintextoffenders.com/post/176401436934/vancouvertoyotacom-timehighwaycom-car-servicing,2018-07-29T09:00:27Z
vancouvertoyota.com,https://plaintextoffenders.com/post/176401436934/vancouvertoyotacom-timehighwaycom-car-servicing,2018-07-29T09:00:27Z
oncoreservices.com,https://plaintextoffenders.com/post/176438525109/oncoreservicescom-payroll-solution,2018-07-30T09:00:08Z
recovercover.co.uk,https://plaintextoffenders.com/post/176475793969/recovercovercouk-automobile-services-recover,2018-07-31T09:00:06Z
theraces.co.nz,https://plaintextoffenders.com/post/176512170736/nzracingboardconz-tabconz-theracesconz,2018-08-01T09:00:09Z
tab.co.nz,https://plaintextoffenders.com/post/176512170736/nzracingboardconz-tabconz-theracesconz,2018-08-01T09:00:09Z
nzracingboard.co.nz,https://plaintextoffenders.com/post/176512170736/nzracingboardconz-tabconz-theracesconz,2018-08-01T09:00:09Z
necdisplay.com,https://plaintextoffenders.com/post/176547966120/necdisplaycom-electronic-display-manufacturer-nec,2018-08-02T09:00:28Z
appendee.com,https://plaintextoffenders.com/post/176583395381/appendeecom-social-app-a-company-which-has,2018-08-03T09:00:15Z
provinum.com,https://plaintextoffenders.com/post/176617660731/provinumcom-wine-accessories-webshop-related-to,2018-08-04T09:00:05Z
mycreopoint.com,https://plaintextoffenders.com/post/176652663771/mycreopointcom-real-estate-news-aggregator-news,2018-08-05T09:00:18Z
mycablemart.com,https://plaintextoffenders.com/post/176727900090/mycablemartcom-electronics-retailer-stores-your,2018-08-07T09:00:19Z
saint-gobain.com,https://plaintextoffenders.com/post/176763781780/saint-gobaincom-construction-company-signed-up,2018-08-08T09:00:12Z
bilkom.pl,https://plaintextoffenders.com/post/176800243780/bilkompl-railways-polish-national-railway,2018-08-09T09:00:28Z
mtu.de,https://plaintextoffenders.com/post/176836725625/mtude-aeircraft-engines-mtu-aero-engines-ag-is,2018-08-10T09:00:22Z
jackssmallengines.com,https://plaintextoffenders.com/post/176871851717/jackssmallenginescom-engine-parts-spare-parts,2018-08-11T09:00:06Z
bolt.id,https://plaintextoffenders.com/post/176907605813/boltid-mobile-provider-indonesian-4g-provider,2018-08-12T09:00:12Z
ntu.edu.tw,https://plaintextoffenders.com/post/176944890052/ntuedutw-university-sports-center-of-national,2018-08-13T09:00:03Z
aptekaprima24.pl,https://plaintextoffenders.com/post/176981757338/aptekaprima24pl-pharmacy-prima-24-polish-online,2018-08-14T09:00:23Z
coolermaster.com,https://plaintextoffenders.com/post/177017868593/coolermastercom-computer-parts-trying-to-get-rma,2018-08-15T09:00:09Z
cameracentreuk.com,https://plaintextoffenders.com/post/177053261692/cameracentreukcom-cameras-and-optics-camera,2018-08-16T09:00:32Z
casa.it,https://plaintextoffenders.com/post/177088598499/casait-real-estate-aggregator-italian-real-estate,2018-08-17T09:00:14Z
planeteducation.co.uk,https://plaintextoffenders.com/post/177123142382/planeteducationcouk-kids-sports-and-education,2018-08-18T09:00:03Z
alldoorhandles.com,https://plaintextoffenders.com/post/177158399964/alldoorhandlescom-door-handles-retailer,2018-08-19T09:00:08Z
indiesound.com,https://plaintextoffenders.com/post/177194926837/indiesoundcom-music-sharing-this-came-from,2018-08-20T09:00:15Z
mortality.org,https://plaintextoffenders.com/post/177230814376/mortalityorg-birthdeathpopulation-rates,2018-08-21T09:00:12Z
otzovik.com,https://plaintextoffenders.com/post/177266044269/otzovikcom-reviews,2018-08-22T09:00:27Z
avid.com,https://plaintextoffenders.com/post/177301440817/avidcom-video-and-audio-editing-software-its,2018-08-23T09:00:28Z
tcd.ie,https://plaintextoffenders.com/post/177336228967/tcdie-college-online-historical-archive-run-by,2018-08-24T09:00:02Z
creativeswithoutborders.org,https://plaintextoffenders.com/post/177370205656/creativeswithoutbordersorg-charity-even-creatives,2018-08-25T09:00:23Z
efarma.com,https://plaintextoffenders.com/post/177404886783/efarmacom-pharmacy-after-the-registration-they,2018-08-26T09:00:19Z
visualgov.com,https://plaintextoffenders.com/post/177446272441/visualgovcom-tax-services-from-my-small-cities,2018-08-27T13:00:26Z
vgmods.net,https://plaintextoffenders.com/post/177452041992/vgmodsnet-gaming-online-modding-repository-and,2018-08-27T17:00:10Z
8dio.com,https://plaintextoffenders.com/post/177481326109/8diocom-virtual-instruments,2018-08-28T13:00:04Z
tastyboom.com,https://plaintextoffenders.com/post/177487294896/tastyboomcom-food-delivery-email-sent-to-inbox,2018-08-28T17:00:11Z
minecraft.tools,https://plaintextoffenders.com/post/177516198483/minecrafttools-gaming-various-generators-for,2018-08-29T13:00:08Z
bijoux-cupillard.com,https://plaintextoffenders.com/post/177522448238/bijoux-cupillardcom-jewellery-retailer-french,2018-08-29T17:00:16Z
biovea.com,https://plaintextoffenders.com/post/177551642352/bioveacom-dietary-supplements-plaintext-password,2018-08-30T13:00:11Z
learncentral.com,https://plaintextoffenders.com/post/177557692843/learncentralcom-security-training-security-lms,2018-08-30T17:00:11Z
heightsfinance.com,https://plaintextoffenders.com/post/177585941435/heightsfinancecom-loans-loan-company-makes-me-a,2018-08-31T13:00:11Z
neoseeker.com,https://plaintextoffenders.com/post/177592066059/neoseekercom-gaming-please-this-email-contains,2018-08-31T17:00:16Z
hl.co.uk,https://plaintextoffenders.com/post/177620000088/hlcouk-financial-services-hargreaves-lansdown-is,2018-09-01T13:00:20Z
flyuia.com,https://plaintextoffenders.com/post/177626391986/flyuiacom-airline-ukraine-airlines-loyalty-club,2018-09-01T17:00:23Z
hostingmatters.com,https://plaintextoffenders.com/post/177655146014/hostingmatterscom-web-hosting,2018-09-02T13:00:08Z
segpay.com,https://plaintextoffenders.com/post/177661801991/segpaycom-payment-service-i-had-an-account-to-a,2018-09-02T17:00:12Z
miamidadeforeclosures.com,https://plaintextoffenders.com/post/177691863943/miamidadeforeclosurescom-real-estate-county-real,2018-09-03T13:00:04Z
wgcshop.com,https://plaintextoffenders.com/post/177698496442/wgcshopcom-toys-airsoft-supplier-from-hong-kong,2018-09-03T17:00:12Z
seur.com,https://plaintextoffenders.com/post/177729672217/seurcom-transportation-large-european,2018-09-04T13:00:19Z
mgsm.pl,https://plaintextoffenders.com/post/177735623886/mgsmpl-mobile-phones-catalog-a-mobile-phone,2018-09-04T17:00:25Z
joemonster.org,https://plaintextoffenders.com/post/177765266530/joemonsterorg-blog-a-social-site,2018-09-05T13:00:16Z
movaglobes.com,https://plaintextoffenders.com/post/177771059265/movaglobescom-globe-retailer-making-and-selling,2018-09-05T17:00:20Z
peoplefinders.com,https://plaintextoffenders.com/post/177800259221/peoplefinderscom-background-checks-public,2018-09-06T13:00:13Z
teleflora.com,https://plaintextoffenders.com/post/177806018274/telefloracom-flower-delivery-floral-delivery,2018-09-06T17:00:20Z
smu.edu.sg,https://plaintextoffenders.com/post/177833968136/smuedusg-university-singapore-management,2018-09-07T13:00:28Z
baskinrobbins.com,https://plaintextoffenders.com/post/177839493877/dunkinbrandscom-baskinrobbinscom-ice-cream,2018-09-07T17:00:11Z
dunkinbrands.com,https://plaintextoffenders.com/post/177839493877/dunkinbrandscom-baskinrobbinscom-ice-cream,2018-09-07T17:00:11Z
bestbenefitsclub.com,https://plaintextoffenders.com/post/177867161932/bestbenefitsclubcom-discounts-employee-discount,2018-09-08T13:00:15Z
strikedeck.com,https://plaintextoffenders.com/post/177873213677/strikedeckcom-customer-success-platform-performed,2018-09-08T17:00:19Z
jozibugs.co.za,https://plaintextoffenders.com/post/177902316884/jozibugscoza-feeder-insects-supplier-email-was,2018-09-09T13:00:18Z
reliantparking.com,https://plaintextoffenders.com/post/177908742662/reliantparkingcom-parking-management-reliant,2018-09-09T17:00:06Z
pletter.com,https://plaintextoffenders.com/post/177939149700/therapeuticresearchcom-trchealthcarecom,2018-09-10T13:00:11Z
trchealthcare.com,https://plaintextoffenders.com/post/177939149700/therapeuticresearchcom-trchealthcarecom,2018-09-10T13:00:11Z
therapeuticresearch.com,https://plaintextoffenders.com/post/177939149700/therapeuticresearchcom-trchealthcarecom,2018-09-10T13:00:11Z
surveyclub.com,https://plaintextoffenders.com/post/177945011260/surveyclubcom-surveys-this-is-included-in-all,2018-09-10T17:00:25Z
autoentreprenons.fr,https://plaintextoffenders.com/post/177974027227/autoentreprenonsfr-entrepreneur-services-website,2018-09-11T13:00:04Z
echolink.org,https://plaintextoffenders.com/post/177979404836/echolinkorg-radio-software-keep-your-password-in,2018-09-11T17:00:15Z
euroland.com,https://plaintextoffenders.com/post/178007236919/eurolandcom-financial-services,2018-09-12T13:00:15Z
iliad.it,https://plaintextoffenders.com/post/178012822618/iliadit-mobile-network-carrier-iliad-italia-is-an,2018-09-12T17:00:18Z
homeschoolcompliance.com,https://plaintextoffenders.com/post/178040937517/homeschoolcompliancecom-education-services-what,2018-09-13T13:00:18Z
arcaplanet.it,https://plaintextoffenders.com/post/178046678000/arcaplanetit-pet-store,2018-09-13T17:00:33Z
domainhole.com,https://plaintextoffenders.com/post/178074573345/domainholecom-domain-name-registrar,2018-09-14T13:00:16Z
scandichotels.com,https://plaintextoffenders.com/post/178080394717/scandichotelscom-hotel-scandinavian-hotel-chain,2018-09-14T17:00:20Z
bedloft.com,https://plaintextoffenders.com/post/178107825974/bedloftcom-electronics-rental-the-website-itself,2018-09-15T13:00:10Z
iheartradio.com,https://plaintextoffenders.com/post/178113963642/iheartradiocom-internet-radio,2018-09-15T17:00:14Z
lumosity.com,https://plaintextoffenders.com/post/178142117198/lumositycom-brain-training-games-i-explained-how,2018-09-16T13:00:03Z
optimaleoptique.com,https://plaintextoffenders.com/post/178148433858/optimaleoptiquecom-eyeglasses-retailer,2018-09-16T17:00:16Z
ciber.com,https://plaintextoffenders.com/post/178178161547/cibercom-it-consulting-pretty-straightforward-i,2018-09-17T13:00:31Z
telstra.com,https://plaintextoffenders.com/post/178183808183/telstracom-telecom-telstra-just-sent-me-my,2018-09-17T17:00:15Z
volksusa.com,https://plaintextoffenders.com/post/178212139254/volksusacom-anime-merchandise-retailer-anime,2018-09-18T13:00:10Z
minus33.com,https://plaintextoffenders.com/post/178217958551/minus33com-clothes-retailer,2018-09-18T17:00:18Z
brentmailphotography.com,https://plaintextoffenders.com/post/178245930764/shareinspirecreatecom-brentmailphotographycom,2018-09-19T13:00:08Z
shareinspirecreate.com,https://plaintextoffenders.com/post/178245930764/shareinspirecreatecom-brentmailphotographycom,2018-09-19T13:00:08Z
trailerpartsdepot.com,https://plaintextoffenders.com/post/178251651188/trailerpartsdepotcom-trailer-parts-retailer,2018-09-19T17:00:24Z
dcunited.com,https://plaintextoffenders.com/post/178279257356/dcunitedcom-sporting-tickets-dc-united-audi-field,2018-09-20T13:00:07Z
steadypower.com,https://plaintextoffenders.com/post/178284820396/steadypowercom-electrical-supplies-retailer,2018-09-20T17:00:29Z
exceltestzone.com.au,https://plaintextoffenders.com/post/178311994552/exceltestzonecomau-education-emails-you-your,2018-09-21T13:00:24Z
gettyimages.com,https://plaintextoffenders.com/post/178317638763/gettyimagescom-stock-photosmusic,2018-09-21T17:00:09Z
tarasov-mobile.com,https://plaintextoffenders.com/post/178344140552/chaos-controlmobi-tarasov-mobilecom-task,2018-09-22T13:00:23Z
chaos-control.mobi,https://plaintextoffenders.com/post/178344140552/chaos-controlmobi-tarasov-mobilecom-task,2018-09-22T13:00:23Z
mascus.co.za,https://plaintextoffenders.com/post/178350034193/mascusde-mascushr-mascusbe-mascuscz,2018-09-22T17:00:27Z
mascus.it.ao,https://plaintextoffenders.com/post/178350034193/mascusde-mascushr-mascusbe-mascuscz,2018-09-22T17:00:27Z
mascus.co.nz,https://plaintextoffenders.com/post/178350034193/mascusde-mascushr-mascusbe-mascuscz,2018-09-22T17:00:27Z
mascus.com.au,https://plaintextoffenders.com/post/178350034193/mascusde-mascushr-mascusbe-mascuscz,2018-09-22T17:00:27Z
mascus.com.pe,https://plaintextoffenders.com/post/178350034193/mascusde-mascushr-mascusbe-mascuscz,2018-09-22T17:00:27Z
mascus.com.mx,https://plaintextoffenders.com/post/178350034193/mascusde-mascushr-mascusbe-mascuscz,2018-09-22T17:00:27Z
mascus.com.co,https://plaintextoffenders.com/post/178350034193/mascusde-mascushr-mascusbe-mascuscz,2018-09-22T17:00:27Z
mascus.com.br,https://plaintextoffenders.com/post/178350034193/mascusde-mascushr-mascusbe-mascuscz,2018-09-22T17:00:27Z
mascus.co.th,https://plaintextoffenders.com/post/178350034193/mascusde-mascushr-mascusbe-mascuscz,2018-09-22T17:00:27Z
mascus.com.tw,https://plaintextoffenders.com/post/178350034193/mascusde-mascushr-mascusbe-mascuscz,2018-09-22T17:00:27Z
mascus.com.sg,https://plaintextoffenders.com/post/178350034193/mascusde-mascushr-mascusbe-mascuscz,2018-09-22T17:00:27Z
mascus.com.my,https://plaintextoffenders.com/post/178350034193/mascusde-mascushr-mascusbe-mascuscz,2018-09-22T17:00:27Z
mascus.co.kr,https://plaintextoffenders.com/post/178350034193/mascusde-mascushr-mascusbe-mascuscz,2018-09-22T17:00:27Z
mascus.co.id,https://plaintextoffenders.com/post/178350034193/mascusde-mascushr-mascusbe-mascuscz,2018-09-22T17:00:27Z
mascus.com.ua,https://plaintextoffenders.com/post/178350034193/mascusde-mascushr-mascusbe-mascuscz,2018-09-22T17:00:27Z
mascus.co.uk,https://plaintextoffenders.com/post/178350034193/mascusde-mascushr-mascusbe-mascuscz,2018-09-22T17:00:27Z
mascus.com.tr,https://plaintextoffenders.com/post/178350034193/mascusde-mascushr-mascusbe-mascuscz,2018-09-22T17:00:27Z
mascus.ca,https://plaintextoffenders.com/post/178350034193/mascusde-mascushr-mascusbe-mascuscz,2018-09-22T17:00:27Z
cnmasike.com,https://plaintextoffenders.com/post/178350034193/mascusde-mascushr-mascusbe-mascuscz,2018-09-22T17:00:27Z
mascus.in,https://plaintextoffenders.com/post/178350034193/mascusde-mascushr-mascusbe-mascuscz,2018-09-22T17:00:27Z
mascus.jp,https://plaintextoffenders.com/post/178350034193/mascusde-mascushr-mascusbe-mascuscz,2018-09-22T17:00:27Z
mascus.kz,https://plaintextoffenders.com/post/178350034193/mascusde-mascushr-mascusbe-mascuscz,2018-09-22T17:00:27Z
mascus.vn,https://plaintextoffenders.com/post/178350034193/mascusde-mascushr-mascusbe-mascuscz,2018-09-22T17:00:27Z
mascus.ph,https://plaintextoffenders.com/post/178350034193/mascusde-mascushr-mascusbe-mascuscz,2018-09-22T17:00:27Z
mascus.ua,https://plaintextoffenders.com/post/178350034193/mascusde-mascushr-mascusbe-mascuscz,2018-09-22T17:00:27Z
mascus.ru,https://plaintextoffenders.com/post/178350034193/mascusde-mascushr-mascusbe-mascuscz,2018-09-22T17:00:27Z
mascus.bg,https://plaintextoffenders.com/post/178350034193/mascusde-mascushr-mascusbe-mascuscz,2018-09-22T17:00:27Z
mascus.by,https://plaintextoffenders.com/post/178350034193/mascusde-mascushr-mascusbe-mascuscz,2018-09-22T17:00:27Z
mascus.gr,https://plaintextoffenders.com/post/178350034193/mascusde-mascushr-mascusbe-mascuscz,2018-09-22T17:00:27Z
mascus.se,https://plaintextoffenders.com/post/178350034193/mascusde-mascushr-mascusbe-mascuscz,2018-09-22T17:00:27Z
mascus.fi,https://plaintextoffenders.com/post/178350034193/mascusde-mascushr-mascusbe-mascuscz,2018-09-22T17:00:27Z
mascus.rs,https://plaintextoffenders.com/post/178350034193/mascusde-mascushr-mascusbe-mascuscz,2018-09-22T17:00:27Z
mascus.sk,https://plaintextoffenders.com/post/178350034193/mascusde-mascushr-mascusbe-mascuscz,2018-09-22T17:00:27Z
mascus.si,https://plaintextoffenders.com/post/178350034193/mascusde-mascushr-mascusbe-mascuscz,2018-09-22T17:00:27Z
mascus.ch,https://plaintextoffenders.com/post/178350034193/mascusde-mascushr-mascusbe-mascuscz,2018-09-22T17:00:27Z
mascus.ro,https://plaintextoffenders.com/post/178350034193/mascusde-mascushr-mascusbe-mascuscz,2018-09-22T17:00:27Z
mascus.pt,https://plaintextoffenders.com/post/178350034193/mascusde-mascushr-mascusbe-mascuscz,2018-09-22T17:00:27Z
mascus.pl,https://plaintextoffenders.com/post/178350034193/mascusde-mascushr-mascusbe-mascuscz,2018-09-22T17:00:27Z
mascus.at,https://plaintextoffenders.com/post/178350034193/mascusde-mascushr-mascusbe-mascuscz,2018-09-22T17:00:27Z
mascus.no,https://plaintextoffenders.com/post/178350034193/mascusde-mascushr-mascusbe-mascuscz,2018-09-22T17:00:27Z
mascus.nl,https://plaintextoffenders.com/post/178350034193/mascusde-mascushr-mascusbe-mascuscz,2018-09-22T17:00:27Z
mascus.hu,https://plaintextoffenders.com/post/178350034193/mascusde-mascushr-mascusbe-mascuscz,2018-09-22T17:00:27Z
mascus.lu,https://plaintextoffenders.com/post/178350034193/mascusde-mascushr-mascusbe-mascuscz,2018-09-22T17:00:27Z
mascus.lt,https://plaintextoffenders.com/post/178350034193/mascusde-mascushr-mascusbe-mascuscz,2018-09-22T17:00:27Z
mascus.li,https://plaintextoffenders.com/post/178350034193/mascusde-mascushr-mascusbe-mascuscz,2018-09-22T17:00:27Z
mascus.lv,https://plaintextoffenders.com/post/178350034193/mascusde-mascushr-mascusbe-mascuscz,2018-09-22T17:00:27Z
mascus.ie,https://plaintextoffenders.com/post/178350034193/mascusde-mascushr-mascusbe-mascuscz,2018-09-22T17:00:27Z
mascus.fr,https://plaintextoffenders.com/post/178350034193/mascusde-mascushr-mascusbe-mascuscz,2018-09-22T17:00:27Z
mascus.es,https://plaintextoffenders.com/post/178350034193/mascusde-mascushr-mascusbe-mascuscz,2018-09-22T17:00:27Z
mascus.ee,https://plaintextoffenders.com/post/178350034193/mascusde-mascushr-mascusbe-mascuscz,2018-09-22T17:00:27Z
mascus.dk,https://plaintextoffenders.com/post/178350034193/mascusde-mascushr-mascusbe-mascuscz,2018-09-22T17:00:27Z
mascus.me,https://plaintextoffenders.com/post/178350034193/mascusde-mascushr-mascusbe-mascuscz,2018-09-22T17:00:27Z
mascus.cz,https://plaintextoffenders.com/post/178350034193/mascusde-mascushr-mascusbe-mascuscz,2018-09-22T17:00:27Z
mascus.be,https://plaintextoffenders.com/post/178350034193/mascusde-mascushr-mascusbe-mascuscz,2018-09-22T17:00:27Z
mascus.hr,https://plaintextoffenders.com/post/178350034193/mascusde-mascushr-mascusbe-mascuscz,2018-09-22T17:00:27Z
mascus.de,https://plaintextoffenders.com/post/178350034193/mascusde-mascushr-mascusbe-mascuscz,2018-09-22T17:00:27Z
4wheelparts.com,https://plaintextoffenders.com/post/178377369478/4wheelpartscom-car-parts-4wheelpartscom-with-an,2018-09-23T13:00:18Z
lcec.net,https://plaintextoffenders.com/post/178383719041/lcecnet-electric-company-electric-provider-for,2018-09-23T17:00:14Z
dropzone.com,https://plaintextoffenders.com/post/178412784128/dropzonecom-skydiving-resources,2018-09-24T13:00:09Z
elmhurst1925.com,https://plaintextoffenders.com/post/178418431762/elmhurst1925com-nut-milk-retailer,2018-09-24T17:00:12Z
tristategt.org,https://plaintextoffenders.com/post/178446212812/tristategtorg-electric-company-tri-state,2018-09-25T13:00:14Z
mycustomcar.com.au,https://plaintextoffenders.com/post/178451695268/mycustomcarcomau-custom-car-seat-covers-sells,2018-09-25T17:00:26Z
rotring.com,https://plaintextoffenders.com/post/178479022267/rotringcom-stationary-retailer-rotringcom-sell,2018-09-26T13:00:12Z
ontheballbowling.com,https://plaintextoffenders.com/post/178484531187/ontheballbowlingcom-custom-bowling-balls-website,2018-09-26T17:00:21Z
canadacomputers.com,https://plaintextoffenders.com/post/178515292472/canadacomputerscom-electronics-retailer-account,2018-09-27T17:00:11Z
toluna.com,https://plaintextoffenders.com/post/178540478611/tolunacom-social-app,2018-09-28T13:00:04Z
gunauction.com,https://plaintextoffenders.com/post/178545594137/gunauctioncom-guns-marketplace-buy-and-sell-guns,2018-09-28T17:00:28Z
britannica.com,https://plaintextoffenders.com/post/178570067202/britannicacom-online-encyclopedia-renowned-online,2018-09-29T13:00:14Z
scubatoys.com,https://plaintextoffenders.com/post/178575520371/scubatoyscom-scuba-gear-scubatoyscom-forgotten,2018-09-29T17:00:25Z
chileplants.com,https://plaintextoffenders.com/post/178600971196/chileplantscom-live-plants-retailer,2018-09-30T13:00:25Z
link-tap.com,https://plaintextoffenders.com/post/178606846535/link-tapcom-wireless-water-timer,2018-09-30T17:00:32Z
autoportee-discount.fr,https://plaintextoffenders.com/post/178633963099/autoportee-discountfr-motorized-farming,2018-10-01T13:00:09Z
419eater.com,https://plaintextoffenders.com/post/178639289319/419eatercom-scam-tracker-i-posted-on-the-forums,2018-10-01T17:00:11Z
mersenne.org,https://plaintextoffenders.com/post/178665097386/mersenneorg-distributed-computing-math-project,2018-10-02T13:00:22Z
woodturningz.com,https://plaintextoffenders.com/post/178670300082/woodturningzcom-paint-and-pens-retailer-wood,2018-10-02T17:00:26Z
greysheet.com,https://plaintextoffenders.com/post/178695966361/greysheetcom-rare-coin-pricing-this-letter-head,2018-10-03T13:00:18Z
libraryelf.com,https://plaintextoffenders.com/post/178701238652/libraryelfcom-library-reminders-this-is-the,2018-10-03T17:00:23Z
cvcrow.com,https://plaintextoffenders.com/post/178726891470/cvcrowcom-digital-cv-creator,2018-10-04T13:00:32Z
leap.com.au,https://plaintextoffenders.com/post/178732093082/leapcomau-legal-software,2018-10-04T17:00:07Z
rentperfect.com,https://plaintextoffenders.com/post/178757701612/rentperfectcom-tenant-screening-solutions,2018-10-05T13:00:05Z
pmgschoolwear.co.uk,https://plaintextoffenders.com/post/178762811802/pmgschoolwearcouk-schoolwear,2018-10-05T17:00:14Z
tretorn.com,https://plaintextoffenders.com/post/178787549434/tretorncom-clothing-just-received-this-email-from,2018-10-06T13:00:30Z
crossoversymmetry.com,https://plaintextoffenders.com/post/178793085138/crossoversymmetrycom-fitness,2018-10-06T17:00:32Z
sqlmaestro.com,https://plaintextoffenders.com/post/178818787242/sqlmaestrocom-database-software-they-create,2018-10-07T13:00:14Z
arisitwarranties.com.au,https://plaintextoffenders.com/post/178824741200/arisitwarrantiescomauhome-appliances-warranties,2018-10-07T17:00:24Z
emcp.com,https://plaintextoffenders.com/post/178852625832/emcpcomebook-reader,2018-10-08T13:00:08Z
osmozware.fr,https://plaintextoffenders.com/post/178858219207/ozwfr-keriofr-osmozwarefrmail-client,2018-10-08T17:00:27Z
kerio.fr,https://plaintextoffenders.com/post/178858219207/ozwfr-keriofr-osmozwarefrmail-client,2018-10-08T17:00:27Z
ozw.fr,https://plaintextoffenders.com/post/178858219207/ozwfr-keriofr-osmozwarefrmail-client,2018-10-08T17:00:27Z
maccmodels.co.uk,https://plaintextoffenders.com/post/178885255043/maccmodelscouk-engineering-supplies,2018-10-09T13:00:32Z
textsfromlastnight.com,https://plaintextoffenders.com/post/178890549481/textsfromlastnightcom-social-plaintext-password,2018-10-09T17:00:16Z
brinkshome.com,https://plaintextoffenders.com/post/178916929907/brinkshomecomhome-security-brinks-home-security,2018-10-10T13:00:31Z
americandatabank.com,https://plaintextoffenders.com/post/178922043576/compliocom-americandatabankcommedical-records,2018-10-10T17:00:08Z
complio.com,https://plaintextoffenders.com/post/178922043576/compliocom-americandatabankcommedical-records,2018-10-10T17:00:08Z
oba.nl,https://plaintextoffenders.com/post/178948054796/obanl-library-openbare-bibliotheek-amsterdam,2018-10-11T13:00:20Z
autocrit.com,https://plaintextoffenders.com/post/178953187116/autocritcom-book-editing-service-their-reset,2018-10-11T17:00:22Z
italiansonline.net,https://plaintextoffenders.com/post/178978863084/italiansonlinenet-social-network-extra-points,2018-10-12T13:00:07Z
stemgraduates.co.uk,https://plaintextoffenders.com/post/178984155272/stemgraduatescouk-job-agency-went-to-request-a,2018-10-12T17:00:28Z
ecocarton.fr,https://plaintextoffenders.com/post/179009877637/ecocartonfr-cardboard-box-retailer-ecocarton-is-a,2018-10-13T13:00:16Z
source-israel.co.il,https://plaintextoffenders.com/post/179015546413/source-israelcoil-outdoors-gear-ordered-sandals,2018-10-13T17:00:22Z
xhamster.com,https://plaintextoffenders.com/post/179042385866/xhamstercom-pornography-xhamstercom-after,2018-10-14T13:00:29Z
2game.com,https://plaintextoffenders.com/post/179048468179/2gamecom-video-games-retailer-emails-password-in,2018-10-14T17:00:06Z
aqva.co.uk,https://plaintextoffenders.com/post/179077436067/aqvacouk-bathroom-store-in-additional-to-my,2018-10-15T13:00:05Z
starfurniture.com,https://plaintextoffenders.com/post/179083268237/starfurniturecom-furniture-retailer,2018-10-15T17:00:14Z
steelnavel.com,https://plaintextoffenders.com/post/179111397606/steelnavelcom-body-jewellery-retailer,2018-10-16T13:00:30Z
cityofdubuque.org,https://plaintextoffenders.com/post/179117128886/cityofdubuqueorg-municipality,2018-10-16T17:00:33Z
thevapetrader.co.za,https://plaintextoffenders.com/post/179144688552/thevapetradercoza-vape-marketplace-received-my,2018-10-17T13:00:05Z
studentwork.com,https://plaintextoffenders.com/post/179150518168/studentworkfi-studentworkcom-job-recruitment,2018-10-17T17:00:09Z
studentwork.fi,https://plaintextoffenders.com/post/179150518168/studentworkfi-studentworkcom-job-recruitment,2018-10-17T17:00:09Z
lemon64.com,https://plaintextoffenders.com/post/179177861852/lemon64com-gaming,2018-10-18T13:00:17Z
gherlock.com/polar_water,https://plaintextoffenders.com/post/179183522117/gherlockcompolarwater-mineral-water-i-signed-up,2018-10-18T17:00:27Z
murchies.com,https://plaintextoffenders.com/post/179210540680/murchiescom-tea-coffee-retailer-canadian-tea,2018-10-19T13:00:09Z
encontrociencia.pt,https://plaintextoffenders.com/post/179216018695/encontrocienciapt-science-conference-ci%C3%AAncia,2018-10-19T17:00:13Z
freepdfhosting.com,https://plaintextoffenders.com/post/179242569336/freepdfhostingcom-free-pdf-hosting-service-when,2018-10-20T13:00:05Z
fishhippie.com,https://plaintextoffenders.com/post/179248411196/fishhippiecom-clothing-retailer-retail-clothing,2018-10-20T17:00:11Z
conjuguemos.com,https://plaintextoffenders.com/post/179276032467/conjuguemoscom-language-education,2018-10-21T13:00:14Z
ssm.com.my,https://plaintextoffenders.com/post/179282354344/ssmcommy-companies-commission-of-malaysia,2018-10-21T17:00:18Z
totalwireless.com,https://plaintextoffenders.com/post/179312308227/totalwirelesscom-mobile-carrier-this-was-sent-to,2018-10-22T13:00:29Z
binnys.com,https://plaintextoffenders.com/post/179318157996/binnyscom-alcohol-retailer,2018-10-22T17:00:15Z
worldofkungfu.net,https://plaintextoffenders.com/post/179347526892/worldofkungfunet-online-game,2018-10-23T13:00:33Z
triviacrack.com,https://plaintextoffenders.com/post/179353352551/triviacrackcom-trivia-game-trivia-crack-has-over,2018-10-23T17:00:18Z
beaverlac.co.za,https://plaintextoffenders.com/post/179382111766/beaverlaccoza-campsite-password-sent-in-email,2018-10-24T13:00:07Z
saferchildrenyork.org.uk,https://plaintextoffenders.com/post/179387852922/saferchildrenyorkorguk-safety-education-provide,2018-10-24T17:00:14Z
123print.co.uk,https://plaintextoffenders.com/post/179416267242/123printcouk-printing-services,2018-10-25T13:00:20Z
aasmartfuel.co.nz,https://plaintextoffenders.com/post/179421995237/aasmartfuelconz-discount-program-aa-smartfuel,2018-10-25T17:00:23Z
leasebusters.com,https://plaintextoffenders.com/post/179449774337/leasebusterscom-car-lease,2018-10-26T13:00:08Z
bioadvancedlab.com,https://plaintextoffenders.com/post/179455390750/bioadvancedlabcom-nutrition-supplements,2018-10-26T17:00:21Z
ketrade.com.sg,https://plaintextoffenders.com/post/179482244507/ketradecomsg-stockbroking-stockbroking-arm-of,2018-10-27T13:00:21Z
bitsofwar.com,https://plaintextoffenders.com/post/179488195481/bitsofwarcom-tabletop-gaming-i-love-the-part,2018-10-27T17:00:24Z
fattura24.com,https://plaintextoffenders.com/post/179515815286/fattura24com-invoicing-services-fattura24-is-a,2018-10-28T13:00:15Z
lampshoponline.com,https://plaintextoffenders.com/post/179522277601/lampshoponlinecom-lighting-retailer-just,2018-10-28T17:00:21Z
mediasignage.com,https://plaintextoffenders.com/post/179553563314/digitalsignagecom-mediasignagecom-digital,2018-10-29T14:00:08Z
digitalsignage.com,https://plaintextoffenders.com/post/179553563314/digitalsignagecom-mediasignagecom-digital,2018-10-29T14:00:08Z
bubbl.us,https://plaintextoffenders.com/post/179559646447/bubblus-brainstorming-flow-chartmind-map,2018-10-29T18:00:13Z
semiconductorstore.com,https://plaintextoffenders.com/post/179587767804/semiconductorstorecom-electronics-parts,2018-10-30T14:00:12Z
joneslist.com,https://plaintextoffenders.com/post/180411059614/joneslistcom-email-distribution-lists,2018-11-23T14:00:31Z
singlemuslim.com,https://plaintextoffenders.com/post/180416834910/singlemuslimcom-dating-singlemuslimcom-is-a,2018-11-23T18:00:15Z
energy.gov,https://plaintextoffenders.com/post/180444962560/energygov-us-department-of-energy-heres-another,2018-11-24T14:00:06Z
precolandia.com.br,https://plaintextoffenders.com/post/180451291538/precolandiacombr-household-retailer,2018-11-24T18:00:10Z
energisa.com.br,https://plaintextoffenders.com/post/180480561382/energisacombr-electricity-provider-energisa,2018-11-25T14:00:06Z
sellphone24.com,https://plaintextoffenders.com/post/180487031138/sellphone24com-cellphone-sell-back-no-no-no-no,2018-11-25T18:00:07Z
thairoom.ca,https://plaintextoffenders.com/post/180517321117/thairoomca-restaurant,2018-11-26T14:00:20Z
ditzo.nl,https://plaintextoffenders.com/post/180523015604/ditzonl-insurance-ditzo-is-a-online-only,2018-11-26T18:00:06Z
coremetrics.com,https://plaintextoffenders.com/post/180551962636/coremetricscom-digital-analytics-on-ibm-analytics,2018-11-27T14:00:10Z
cafestudy.com,https://plaintextoffenders.com/post/180557662241/cafestudycom-social-confirmation-email-with,2018-11-27T18:00:18Z
digipare.com.br,https://plaintextoffenders.com/post/180585836607/digiparecombr-parking-app,2018-11-28T14:00:06Z
washify.com,https://plaintextoffenders.com/post/180591715231/washifycom-car-wash-management-a-management-site,2018-11-28T18:00:13Z
rfconcepts.co.uk,https://plaintextoffenders.com/post/180619073415/rfconceptscouk-surveillance-one-of-the-leading,2018-11-29T14:00:29Z
near.co.uk,https://plaintextoffenders.com/post/180624739478/nearcouk-business-directory-registration-on,2018-11-29T18:00:30Z
rentickle.com,https://plaintextoffenders.com/post/180652204454/renticklecom-household-items-rental-renting,2018-11-30T14:00:21Z
jumpinshop.com,https://plaintextoffenders.com/post/180657646137/jumpinshopcom-clothing-retailer-sent-my,2018-11-30T18:00:27Z
model-kartei.de,https://plaintextoffenders.com/post/180683854448/model-karteide-modeling-networking-the-website-is,2018-12-01T14:00:26Z
cemarketplace.net,https://plaintextoffenders.com/post/180689650936/cemarketplacenet-real-estate-education-michigans,2018-12-01T18:00:10Z
posttenebraslab.ch,https://plaintextoffenders.com/post/180717424351/saitisnet-fixmech-posttenebraslabch-email,2018-12-02T14:00:11Z
fixme.ch,https://plaintextoffenders.com/post/180717424351/saitisnet-fixmech-posttenebraslabch-email,2018-12-02T14:00:11Z
saitis.net,https://plaintextoffenders.com/post/180717424351/saitisnet-fixmech-posttenebraslabch-email,2018-12-02T14:00:11Z
n-somerset.gov.uk,https://plaintextoffenders.com/post/180723846004/n-somersetgovuk-local-council-north-somerset,2018-12-02T18:00:13Z
rollingpaperdepot.com,https://plaintextoffenders.com/post/180753960884/rollingpaperdepotcom-smoking-accessories-retailer,2018-12-03T14:00:11Z
pontomaisweb.com.br,https://plaintextoffenders.com/post/180759753607/pontomaiswebcombr-time-card-app,2018-12-03T18:00:29Z
worldmanager.com,https://plaintextoffenders.com/post/180791897561/worldmanagercom-hrm-lms-business-process-cloud,2018-12-04T14:00:23Z
upstox.com,https://plaintextoffenders.com/post/180798009113/upstoxcom-stock-trading-upstox-is-an-indian-share,2018-12-04T18:00:31Z
miscanguritos.com,https://plaintextoffenders.com/post/180826818830/miscanguritoscom-baby-products-retailer-this-is,2018-12-05T14:00:29Z
sss.gov.ph,https://plaintextoffenders.com/post/180832565219/sssgovph-philippine-social-security-system,2018-12-05T18:00:16Z
traveliowa.com,https://plaintextoffenders.com/post/180859511471/traveliowacom-tourism-iowa-tourism-site,2018-12-06T14:00:32Z
buddybackup.com,https://plaintextoffenders.com/post/180865125491/buddybackupcom-data-backup-your-buddybackup-forum,2018-12-06T18:00:32Z
ictc-ctic.ca,https://plaintextoffenders.com/post/180890859964/ictc-cticca-nonprofit-organization-sent,2018-12-07T14:00:04Z
songtr.ee,https://plaintextoffenders.com/post/180896131984/songtree-audio-editing-n-track-stuidio-app-on,2018-12-07T18:00:06Z
adguard.com,https://plaintextoffenders.com/post/180920967457/adguardcom-ad-blocker-on-twitter-theyve-said,2018-12-08T14:00:16Z
mygeoworld.com,https://plaintextoffenders.com/post/180926385246/mygeoworldcom-professional-network,2018-12-08T18:00:15Z
kellycareernetwork.com,https://plaintextoffenders.com/post/180952013279/kellycareernetworkcom-job-search,2018-12-09T14:00:15Z
mmoga.de,https://plaintextoffenders.com/post/180958056568/mmogacom-mmogade-games-retailer-mmogacom,2018-12-09T18:00:19Z
mmoga.com,https://plaintextoffenders.com/post/180958056568/mmogacom-mmogade-games-retailer-mmogacom,2018-12-09T18:00:19Z
mytaglist.com,https://plaintextoffenders.com/post/180984980936/wirelesstagnet-mytaglistcom-bluetooth-sensors,2018-12-10T14:00:04Z
wirelesstag.net,https://plaintextoffenders.com/post/180984980936/wirelesstagnet-mytaglistcom-bluetooth-sensors,2018-12-10T14:00:04Z
shoppingsquare.com.au,https://plaintextoffenders.com/post/180990591804/shoppingsquarecomau-electronics-retailer,2018-12-10T18:00:22Z
ratemyserver.net,https://plaintextoffenders.com/post/181016544064/ratemyservernet-gaming-place-to-find-and-rate,2018-12-11T14:00:06Z
forensit.com,https://plaintextoffenders.com/post/181021828711/forensitcom-user-management-its-2018-companies,2018-12-11T18:00:25Z
excelarace.com,https://plaintextoffenders.com/post/181046603442/excelaracecom-race-registration,2018-12-12T14:00:12Z
pubdirecte.com,https://plaintextoffenders.com/post/181051882698/pubdirectecom-online-advertising-asking-for-a,2018-12-12T18:00:22Z
laboiteapizza.com,https://plaintextoffenders.com/post/181077898852/laboiteapizzacom-pizza-delivery-service-after-i,2018-12-13T14:00:14Z
publicationslist.org,https://plaintextoffenders.com/post/181083088902/publicationslistorg-academic-research-archive,2018-12-13T18:00:18Z
lonestarauctioneers.com,https://plaintextoffenders.com/post/181107922224/lsoauctionscom-lonestarauctioneerscom-auctions,2018-12-14T14:00:20Z
lsoauctions.com,https://plaintextoffenders.com/post/181107922224/lsoauctionscom-lonestarauctioneerscom-auctions,2018-12-14T14:00:20Z
oaaa.org,https://plaintextoffenders.com/post/181112964043/oaaaorg-advertising-association-outdoor,2018-12-14T18:00:23Z
rodekruis.be,https://plaintextoffenders.com/post/181137534920/rodekruisbe-blood-donations-belgian-website-to,2018-12-15T14:00:13Z
gameladen.com,https://plaintextoffenders.com/post/181173219537/gameladencom-video-games-retailer,2018-12-16T18:00:04Z
nablacosmetics.com,https://plaintextoffenders.com/post/181202123350/nablacosmeticscom-cosmetics-sent-after-creating,2018-12-17T18:00:09Z
renovatorstore.com.au,https://plaintextoffenders.com/post/181219848633/renovatorstorecomau-home-renovation-supplies,2018-12-18T14:00:04Z
pointstreak.com,https://plaintextoffenders.com/post/181224040675/pointstreakcom-sports-statistics-sports-league,2018-12-18T18:00:14Z
jbc.es,https://plaintextoffenders.com/post/181244556375/jbctoolscom-jbces-soldering-tools-retailer,2018-12-19T14:00:09Z
jbctools.com,https://plaintextoffenders.com/post/181244556375/jbctoolscom-jbces-soldering-tools-retailer,2018-12-19T14:00:09Z
paintstormstudio.com,https://plaintextoffenders.com/post/181248781439/paintstormstudiocom-digital-art-software,2018-12-19T18:00:05Z
coreldraw.com,https://plaintextoffenders.com/post/181269167539/designercom-coreldrawcom-graphic-design,2018-12-20T14:00:21Z
designer.com,https://plaintextoffenders.com/post/181269167539/designercom-coreldrawcom-graphic-design,2018-12-20T14:00:21Z
barnes.com.au,https://plaintextoffenders.com/post/181273442242/barnescomau-sculpting-supplies-barnescomau-is,2018-12-20T18:00:23Z
halomaps.org,https://plaintextoffenders.com/post/181294693099/halomapsorg-gaming-the-emails-they-send-are,2018-12-21T14:00:31Z
mobilmedia.hr,https://plaintextoffenders.com/post/181299204096/mobilmediahr-electronics-retailer-a-croatian-web,2018-12-21T18:00:15Z
brightstar.com,https://plaintextoffenders.com/post/181319965687/brightstarcom-electronics-trade-in,2018-12-22T14:00:18Z
whizlabs.com,https://plaintextoffenders.com/post/181324728094/whizlabscom-it-training-certification,2018-12-22T18:00:05Z
franprix.fr,https://plaintextoffenders.com/post/181346680392/franprixfr-supermarket,2018-12-23T14:00:30Z
pentairwater.com,https://plaintextoffenders.com/post/181351572348/pentairwatercom-water-filtration-pool-pumps,2018-12-23T18:00:32Z
indiajoy.in,https://plaintextoffenders.com/post/181374411556/indiajoyin-events-website,2018-12-24T14:00:09Z
threadless.com,https://plaintextoffenders.com/post/181379239407/threadlesscom-t-shirts-marketplace-when-i,2018-12-24T18:00:11Z
elecrow.com,https://plaintextoffenders.com/post/181400691744/elecrowcom-electronics-retailer-this-is-an-email,2018-12-25T14:00:03Z
glodan.com,https://plaintextoffenders.com/post/181405333952/glodancom-paper-retailer-password-reset-request,2018-12-25T18:00:04Z
dv247.com,https://plaintextoffenders.com/post/181428181127/dv247com-musical-instruments-retailer,2018-12-26T14:00:26Z
toolwire.com,https://plaintextoffenders.com/post/181433408331/toolwirecom-education,2018-12-26T18:00:27Z
ledzon.com.au,https://plaintextoffenders.com/post/181457527381/ledzoncomau-lighting-retailer,2018-12-27T14:00:24Z
net10wireless.com,https://plaintextoffenders.com/post/181462789186/net10wirelesscom-mobile-network-provider-the,2018-12-27T18:00:30Z
easywp.com,https://plaintextoffenders.com/post/181487755154/easywpcom-managed-wordpress-site-hosting-seems,2018-12-28T14:00:22Z
thorntons-law.co.uk,https://plaintextoffenders.com/post/181493117051/thorntons-lawcouk-lawyer-both-on-account,2018-12-28T18:00:32Z
teknozone.it,https://plaintextoffenders.com/post/181519139295/teknozoneit-electronics-retailer-italian,2018-12-29T14:00:08Z
laithwaites.co.uk,https://plaintextoffenders.com/post/181524208966/laithwaitescouk-wine-retailer,2018-12-29T18:00:31Z
ligalefv.com,https://plaintextoffenders.com/post/181549685514/ligalefvcom-gaming-brazilian-website-that,2018-12-30T14:00:08Z
realtimesoft.com,https://plaintextoffenders.com/post/181555460087/realtimesoftcomsoftware,2018-12-30T18:00:16Z
suarezfilatelia.com,https://plaintextoffenders.com/post/181582442168/suarezfilateliacom-coinagepostage-collectors,2018-12-31T14:00:11Z
lindy.com.au,https://plaintextoffenders.com/post/181587658154/lindycomau-electronics-retailer-sell-cables,2018-12-31T18:00:09Z
q-workshop.com,https://plaintextoffenders.com/post/181611883658/q-workshopcom-gaming-dice-manufacturer,2019-01-01T14:00:11Z
rgbdirect.co.uk,https://plaintextoffenders.com/post/181617066441/rgbdirectcouk-electronics-retailer-forgotten,2019-01-01T18:00:16Z
thoughtfoods.co.uk,https://plaintextoffenders.com/post/181644834227/thoughtfoodscouk-supplements-and-nootropic,2019-01-02T14:00:16Z
motta.com.br,https://plaintextoffenders.com/post/181650179877/portaldepassagenscombr-mottacombr-bus,2019-01-02T18:00:20Z
portaldepassagens.com.br,https://plaintextoffenders.com/post/181650179877/portaldepassagenscombr-mottacombr-bus,2019-01-02T18:00:20Z
voogueme.com,https://plaintextoffenders.com/post/181680086613/vooguemecom-eyewear-retailer-not-only-did-this,2019-01-03T16:00:13Z
yakaboo.ua,https://plaintextoffenders.com/post/181710798435/yakabooua-books-retailer,2019-01-04T16:00:05Z
amartfurniture.com.au,https://plaintextoffenders.com/post/181741705378/amartfurniturecomau-furniture-store-email-sent,2019-01-05T16:00:17Z
reapermini.com,https://plaintextoffenders.com/post/181774279771/reaperminicom-dnd-supplies,2019-01-06T16:00:12Z
opentimeclock.com,https://plaintextoffenders.com/post/181808416942/opentimeclockcom-time-clock-open-timeclock-sends,2019-01-07T16:00:04Z
cppmembers.com,https://plaintextoffenders.com/post/181839909300/cppmemberscom-debitcredit-card-protection-not,2019-01-08T16:00:06Z
msi.com,https://plaintextoffenders.com/post/181952196039/msicom-computer-hardware-msi-computers-has-a,2019-01-12T16:00:09Z
thebetterlife.com,https://plaintextoffenders.com/post/181979202422/thebetterlifecom-self-help-thebetterlife-a-site,2019-01-13T16:00:06Z
panasonic.com,https://plaintextoffenders.com/post/182006948670/panasoniccom-electromechanical-solutions,2019-01-14T16:00:16Z
dcnetworks.org,https://plaintextoffenders.com/post/182033281958/dcnetworksorg-governmental-services-dc,2019-01-15T16:00:34Z
enterthevault.com,https://plaintextoffenders.com/post/182059988107/enterthevaultcom-concert-tickets-ignores-any,2019-01-16T16:00:24Z
machsupport.com,https://plaintextoffenders.com/post/182086610795/machsupportcom-machining-software-oh-thats-my,2019-01-17T16:00:24Z
cx.com.au,https://plaintextoffenders.com/post/182112782600/cxcomau-computer-hardware-retailer,2019-01-18T16:00:28Z
sweetch.ch,https://plaintextoffenders.com/post/182138041838/sweetchch-e-cigarette-retailer-sweetchch-running,2019-01-19T16:00:08Z
egosnet.eu,https://plaintextoffenders.com/post/182164503612/egosneteu-academic-organization,2019-01-20T16:00:21Z
submarinoviagens.com.br,https://plaintextoffenders.com/post/182191949848/submarinoviagenscombr-travel-agency-online,2019-01-21T16:00:25Z
webuntis.com,https://plaintextoffenders.com/post/182219339427/webuntiscom-school-information-just-wanted-to,2019-01-22T16:00:11Z
freewha.com,https://plaintextoffenders.com/post/182245832856/freewebhostingareacom-freewhacom-web-host-i,2019-01-23T16:00:25Z
freewebhostingarea.com,https://plaintextoffenders.com/post/182245832856/freewebhostingareacom-freewhacom-web-host-i,2019-01-23T16:00:25Z
adecco.es,https://plaintextoffenders.com/post/182271629685/adeccoes-human-resources,2019-01-24T16:00:28Z
aievolution.com,https://plaintextoffenders.com/post/182297350950/aievolutioncom-event-registration-the-national,2019-01-25T16:00:21Z
anglingdirect.co.uk,https://plaintextoffenders.com/post/182321915722/anglingdirectcouk-fishing-supplies,2019-01-26T16:00:31Z
armynavydeals.com,https://plaintextoffenders.com/post/182347242133/armynavydealscom-military-clothing-accessories,2019-01-27T16:00:15Z
moto125.pl,https://plaintextoffenders.com/post/182373800841/moto125pl-motorcycle-parts-moto125pl-polish,2019-01-28T16:00:33Z
te.eg,https://plaintextoffenders.com/post/182399705359/teeg-telecom-telecomegypt-httpteeg-egypts,2019-01-29T16:00:30Z
worldsim.com,https://plaintextoffenders.com/post/182425302846/worldsimcom-travel-sim-cards-thanks-for-emailing,2019-01-30T16:00:26Z
getlinuxjobs.com,https://plaintextoffenders.com/post/182451011096/getlinuxjobscom-job-listings-et-tu-getlinuxjobs,2019-01-31T16:00:05Z
pratt.org,https://plaintextoffenders.com/post/182476045567/prattorg-community-arts-center,2019-02-01T16:00:29Z
batterionline.no,https://plaintextoffenders.com/post/182500431683/batterionlineno-batteries-retailer-emails-back,2019-02-02T16:00:08Z
locagestion.org,https://plaintextoffenders.com/post/182526666043/locagestionorg-rental-management-this-is-where-i,2019-02-03T16:00:14Z
imparosulweb.eu,https://plaintextoffenders.com/post/182554756726/imparosulwebeu-digital-textbooks-this-is-a,2019-02-04T16:00:14Z
u-picardie.fr,https://plaintextoffenders.com/post/182581297359/u-picardiefr-university-its-in-france-at-my,2019-02-05T16:00:24Z
editionslibertalia.com,https://plaintextoffenders.com/post/182607331106/editionslibertaliacom-books-libertalia-is-a,2019-02-06T16:00:15Z
fascinations.net,https://plaintextoffenders.com/post/182633364747/fascinationsnet-adult-toys-fascinations-a,2019-02-07T16:00:06Z
sigtunahem.se,https://plaintextoffenders.com/post/182658788645/sigtunahemse-housing-this-site-lets-you-register,2019-02-08T16:00:06Z
federtennis.it,https://plaintextoffenders.com/post/182683685372/federtennisit-tennis-federation,2019-02-09T16:00:18Z
nrgi.dk,https://plaintextoffenders.com/post/182709634913/nrgidk-electric-company-auto-generated-password,2019-02-10T16:00:03Z
sickgen.com,https://plaintextoffenders.com/post/182736885428/sickgencom-account-generator-sickgen-sends-the,2019-02-11T16:00:13Z
platypusoutdoors.com.au,https://plaintextoffenders.com/post/182760282514/platypusoutdoorscomau-outdoors-clothing,2019-02-12T16:00:13Z
slomsuniforms.com,https://plaintextoffenders.com/post/182783037021/slomsuniformscom-uniforms,2019-02-13T16:00:05Z
aecon.com,https://plaintextoffenders.com/post/182805296025/aeconcom-construction-aecon-canadian,2019-02-14T16:00:32Z
apollo.pl,https://plaintextoffenders.com/post/182826311942/apollopl-electronics-retailer-in-the-registration,2019-02-15T16:00:16Z
bcbid.gov.bc.ca,https://plaintextoffenders.com/post/182847598734/bcbidgovbcca-government-site-used-by-the,2019-02-16T16:00:03Z
cm.be,https://plaintextoffenders.com/post/182869811289/cmjobsbe-cmbe-health-insurance,2019-02-17T16:00:28Z
cmjobs.be,https://plaintextoffenders.com/post/182869811289/cmjobsbe-cmbe-health-insurance,2019-02-17T16:00:28Z
fnp.com,https://plaintextoffenders.com/post/182893174772/fnpcom-flower-delivery-fnpcom-the-largest,2019-02-18T16:00:23Z
familyzone.com,https://plaintextoffenders.com/post/182916072053/familyzonecom-online-activity-monitoring-family,2019-02-19T16:00:04Z
mindscope.com,https://plaintextoffenders.com/post/182938290084/mindscopecom-staffing-registered-as-i-was,2019-02-20T16:00:09Z
nelson.com,https://plaintextoffenders.com/post/182960449132/mynelsoncom-nelsoncom-textbooks-they-make,2019-02-21T16:00:23Z
mynelson.com,https://plaintextoffenders.com/post/182960449132/mynelsoncom-nelsoncom-textbooks-they-make,2019-02-21T16:00:23Z
bloomex.com.au,https://plaintextoffenders.com/post/182982040889/bloomexcomaufloristflorist,2019-02-22T16:00:24Z
callabike.de,https://plaintextoffenders.com/post/183003265866/callabikede-bicycle-rental-bicycle-rental,2019-02-23T16:00:07Z
cece.org,https://plaintextoffenders.com/post/183025755456/ceceorg-students-union-in-spanish-the-circled,2019-02-24T16:00:14Z
gov.gg,https://plaintextoffenders.com/post/183049913405/govgg-government-states-of-guernsey-online,2019-02-25T16:00:08Z
urbandead.com,https://plaintextoffenders.com/post/183072791742/urbandeadcom-game-web-game-does-not-allow,2019-02-26T16:00:13Z
homeose.fr,https://plaintextoffenders.com/post/183095821160/homeosefr-clothing-retailer-clothes-for-men,2019-02-27T16:00:06Z
hrmplus.net,https://plaintextoffenders.com/post/183119078331/hrmplusnet-job-recruiting-a-educational-job,2019-02-28T16:00:32Z
fowh.org.uk,https://plaintextoffenders.com/post/183405099665/fowhorgukhospice-fundraising-events,2019-03-12T16:00:24Z
motoreparto.com,https://plaintextoffenders.com/post/183427387542/motorepartocom-food-ordering-motorepartocom-a,2019-03-13T16:00:30Z
equafleece.co.uk,https://plaintextoffenders.com/post/183451275670/equafleececouk-dog-clothes-equafleece-dog,2019-03-14T16:00:08Z
abandonia.com,https://plaintextoffenders.com/post/183474182596/abandoniacom-gaming-abandoniacom-after-a,2019-03-15T16:00:15Z
resume.com,https://plaintextoffenders.com/post/183496419341/resumecom-resume-generator-resume-templates-and,2019-03-16T16:00:08Z
studies.co.il,https://plaintextoffenders.com/post/183519511600/studiescoil-education-they-offer-video-courses,2019-03-17T16:00:10Z
rate.ee,https://plaintextoffenders.com/post/183543296693/rateee-picture-rating-rateee-picture-rating,2019-03-18T16:00:26Z
gigsgigscloud.com,https://plaintextoffenders.com/post/183565914775/gigsgigscloudcom-cloud-computing-they-are-a-tech,2019-03-19T16:00:34Z
userbenchmark.com,https://plaintextoffenders.com/post/183587319928/userbenchmarkcom-software-popular-pc-performance,2019-03-20T16:00:11Z
stockwatch.com,https://plaintextoffenders.com/post/183609823512/stockwatchcom-stock-information-stockwatchcom,2019-03-21T16:00:32Z
smartygrants.com.au,https://plaintextoffenders.com/post/183630861603/smartygrantscomau-grants-management-online,2019-03-22T16:00:11Z
auroraenergy.com.au,https://plaintextoffenders.com/post/183651531967/auroraenergycomau-electric-company-electricity,2019-03-23T16:00:28Z
resnetworking.com,https://plaintextoffenders.com/post/183675149236/resnetworkingcom-tech-services-residential,2019-03-24T16:00:13Z
cwu.org,https://plaintextoffenders.com/post/183699965021/cwuorg-workers-union-uks-communications-workers,2019-03-25T16:00:12Z
thelawpages.com,https://plaintextoffenders.com/post/183724247438/thelawpagescom-legal-resources,2019-03-26T16:00:30Z
faxbetter.com,https://plaintextoffenders.com/post/183748324775/faxbettercom-fax-services-what-they-do-internet,2019-03-27T16:00:26Z
ngs.eu,https://plaintextoffenders.com/post/183772494416/ngseu-electronics-electronics-manufacturer,2019-03-28T16:00:22Z
vbcorner.net,https://plaintextoffenders.com/post/183796557286/vbcornernet-software-development,2019-03-29T16:00:13Z
avord.com,https://plaintextoffenders.com/post/183818938385/avordcom-security-avord-is-the-worlds-largest,2019-03-30T15:00:07Z
kidscasting.com,https://plaintextoffenders.com/post/183842893856/kidscastingcom-casting-open-casting-calls-for,2019-03-31T15:00:11Z
dnddice.com,https://plaintextoffenders.com/post/183868251957/dnddicecom-gaming-accessories-retail-site-they,2019-04-01T15:00:08Z
insidecareers.co.uk,https://plaintextoffenders.com/post/183891858941/insidecareerscouk-jobs-isnt-the-best-way-of,2019-04-02T15:00:22Z
shop.multipick.com,https://plaintextoffenders.com/post/183914849272/shopmultipickcom-lock-picking-german-lock,2019-04-03T15:00:12Z
tpsonline.org.uk,https://plaintextoffenders.com/post/183939126421/tpsonlineorguk-telephone-preference-service-uk,2019-04-04T15:00:29Z
orderport.net,https://plaintextoffenders.com/post/183963650727/orderportnet-wine-subscriptions-provides-pos-and,2019-04-05T15:00:11Z
rymes.com,https://plaintextoffenders.com/post/183987383406/rymescom-propane-and-heating-oil-delivery-company,2019-04-06T15:00:10Z
texasguntrader.com,https://plaintextoffenders.com/post/184011464281/texasguntradercom-guns-for-sale-classifieds,2019-04-07T15:00:10Z
meloncube.net,https://plaintextoffenders.com/post/184036316278/meloncubenet-gaming-meloncube-url,2019-04-08T15:00:15Z
cprewritten.net,https://plaintextoffenders.com/post/184061050744/cprewrittennet-game-a-remake-of-disneys-club,2019-04-09T15:00:14Z
eventbee.com,https://plaintextoffenders.com/post/184085513093/eventbeecom-ticketing-platform-after-clicking-the,2019-04-10T15:00:31Z
co.pg.md.us,https://plaintextoffenders.com/post/184109626959/dpiepermitsprincegeorgescountymdgov-copgmdus,2019-04-11T15:00:15Z
dpiepermits.princegeorgescountymd.gov,https://plaintextoffenders.com/post/184109626959/dpiepermitsprincegeorgescountymdgov-copgmdus,2019-04-11T15:00:15Z
smartsims.com,https://plaintextoffenders.com/post/184133328644/smartsimscom-market-simulations-smartsimscom,2019-04-12T15:00:11Z
autoentrepreneur.urssaf.fr,https://plaintextoffenders.com/post/184156294016/autoentrepreneururssaffr-business-management,2019-04-13T15:00:22Z
americandreamvacations.net,https://plaintextoffenders.com/post/184179638062/americandreamvacationsnet-motorhome-travel,2019-04-14T15:00:10Z
johnallans.com,https://plaintextoffenders.com/post/184203801892/johnallanscom-mens-grooming-club,2019-04-15T15:00:17Z
cocubes.com,https://plaintextoffenders.com/post/184227179941/cocubescom-hiring-platform-just-know-that-they,2019-04-16T15:00:27Z
reseau-gesat.com,https://plaintextoffenders.com/post/184250224306/reseau-gesatcomsheltered-workshopsthis-site-is-a,2019-04-17T15:00:12Z
311.columbus.gov,https://plaintextoffenders.com/post/184272987280/311columbusgov-municipal-administration-for,2019-04-18T15:00:31Z
etraining-tv.com,https://plaintextoffenders.com/post/184296013548/etraining-tvcom-training-library,2019-04-19T15:00:03Z
sneakershop.nl,https://plaintextoffenders.com/post/184319266176/sneakershopnl-shoe-store-after-registering-with,2019-04-20T15:00:22Z
dessol.com,https://plaintextoffenders.com/post/184342442835/mailbigfilecom-dessolcom-email-service-send,2019-04-21T15:00:15Z
mailbigfile.com,https://plaintextoffenders.com/post/184342442835/mailbigfilecom-dessolcom-email-service-send,2019-04-21T15:00:15Z
cinestar.de,https://plaintextoffenders.com/post/184366659381/cinestarde-movie-tickets-cinestar-is-the-biggest,2019-04-22T15:00:16Z
brakewarehouse.com,https://plaintextoffenders.com/post/184390251883/brakewarehousecom-brake-parts,2019-04-23T15:00:29Z
burningman.org,https://plaintextoffenders.com/post/184413228681/burningmanorg-festival,2019-04-24T15:00:08Z
yourhomedepot.com.au,https://plaintextoffenders.com/post/184436061061/yourhomedepotcomau-household-items-retailer,2019-04-25T15:00:08Z
babyandtoddlertown.com.au,https://plaintextoffenders.com/post/184459293946/babyandtoddlertowncomau-baby-store,2019-04-26T15:00:15Z
emka.si,https://plaintextoffenders.com/post/184481750696/emkasi-e-books-retailer-slovenian-e-book-store,2019-04-27T15:00:22Z
asrock.com,https://plaintextoffenders.com/post/184504654977/eventasrockcom-asrockcom-mailing-rebate-center,2019-04-28T15:00:20Z
event.asrock.com,https://plaintextoffenders.com/post/184504654977/eventasrockcom-asrockcom-mailing-rebate-center,2019-04-28T15:00:20Z
bluehost.com,https://plaintextoffenders.com/post/184528763687/bluehostcom-web-hosting,2019-04-29T15:00:23Z
el-driver.ch,https://plaintextoffenders.com/post/184552161823/el-driverch-driving-education-swiss-driving,2019-04-30T15:00:31Z
mcfit.com,https://plaintextoffenders.com/post/184575404585/mcfitcom-fitness-centers-european-fitness-center,2019-05-01T15:00:31Z
reggiebeer.com,https://plaintextoffenders.com/post/184599113658/reggiebeercom-software-this-email-is-sent,2019-05-02T15:00:09Z
n-vu.com,https://plaintextoffenders.com/post/184621955007/n-vucom-online-galleries-online-galleries-and,2019-05-03T15:00:07Z
almic.ee,https://plaintextoffenders.com/post/184644223486/almicee-it-services-estonian-it-services-company,2019-05-04T15:00:18Z
yonsei.ac.kr,https://plaintextoffenders.com/post/184667028642/yonseiackr-university-domain-south-korean,2019-05-05T15:00:18Z
cardholder.com.au,https://plaintextoffenders.com/post/184690740454/cardholdercomau-gambling-cardholdercomau,2019-05-06T15:00:24Z
plustrac2.com,https://plaintextoffenders.com/post/184714356227/plustraccom-plustrac2com-medical-supplies,2019-05-07T15:00:19Z
plustrac.com,https://plaintextoffenders.com/post/184714356227/plustraccom-plustrac2com-medical-supplies,2019-05-07T15:00:19Z
antikvarium.hu,https://plaintextoffenders.com/post/184737271207/antikvariumhu-second-hand-books-biggest,2019-05-08T15:00:27Z
locationiq.com,https://plaintextoffenders.com/post/184760301427/locationiqcom-geolocation-forward-and-reverse,2019-05-09T15:00:29Z
babydash.com.my,https://plaintextoffenders.com/post/185451883414/babydashcommy-baby-products-retailer,2019-06-08T15:00:11Z
joesandbox.com,https://plaintextoffenders.com/post/185473528296/joesandboxcom-malware-analysis-service,2019-06-09T15:00:12Z
recitaltix.com,https://plaintextoffenders.com/post/185497004040/recitaltixcom-dance-recital-tickets,2019-06-10T15:00:08Z
satorisan.com,https://plaintextoffenders.com/post/185520054010/satorisancom-shoes-retailer-satorisancom-is-a,2019-06-11T15:00:20Z
rowermevo.pl,https://plaintextoffenders.com/post/185542555847/rowermevopl-bike-rental-its-city-bike-system,2019-06-12T15:00:20Z
thclabelsolutions.com,https://plaintextoffenders.com/post/185565096248/thclabelsolutionscom-label-making-products,2019-06-13T15:00:27Z
l-com.com,https://plaintextoffenders.com/post/185588193741/l-comcom-electronics-parts-retailer,2019-06-14T15:00:30Z
sarahah.com,https://plaintextoffenders.com/post/185610007271/sarahahcom-social-network-sends-new-password-via,2019-06-15T15:00:31Z
easykeys.com,https://plaintextoffenders.com/post/185656161186/easykeyscom-keys-retailer-easykeyscom-which,2019-06-17T15:00:15Z
arthurholmes.co.nz,https://plaintextoffenders.com/post/185680275357/arthurholmesconz-glassworks-retailer,2019-06-18T15:00:30Z
kilobaitas.lt,https://plaintextoffenders.com/post/185703605402/kilobaitaslt-electronics-retailer-kilobaitas,2019-06-19T15:00:11Z
stickeryeti.com,https://plaintextoffenders.com/post/185726742296/stickeryeticom-custom-stickers-a-website-for,2019-06-20T15:00:12Z
audionews.org,https://plaintextoffenders.com/post/185749496178/audionewsorg-forum-private-bittorent,2019-06-21T15:00:12Z
collarspace.com,https://plaintextoffenders.com/post/185771586674/collarspacecom-social,2019-06-22T15:00:23Z
found.ee,https://plaintextoffenders.com/post/185793805800/foundee-advertising,2019-06-23T15:00:14Z
refinemenssalon.com,https://plaintextoffenders.com/post/185817338501/refinemenssaloncomhair-salonthe-password-sent-to,2019-06-24T15:00:06Z
rathnafanhouse.co.in,https://plaintextoffenders.com/post/185840792786/rathnafanhousecoin-household-appliances-retailer,2019-06-25T15:00:17Z
thestagenetwork.com,https://plaintextoffenders.com/post/185863863822/thestagenetworkcom-musicals-streaming-the-site-is,2019-06-26T15:00:31Z
wingstore.aero,https://plaintextoffenders.com/post/185886840642/wingstoreaeroskydiving-equipment-retailer,2019-06-27T15:00:12Z
hostmantis.com,https://plaintextoffenders.com/post/185909861507/hostmantiscom-web-host,2019-06-28T15:00:17Z
tiendaazul.com,https://plaintextoffenders.com/post/185932150624/tiendaazulcom-household-appliances-retailer,2019-06-29T15:00:20Z
synologynotification.com,https://plaintextoffenders.com/post/185954802289/synologycom-synologyamericacom,2019-06-30T15:00:16Z
synologyamerica.com,https://plaintextoffenders.com/post/185954802289/synologycom-synologyamericacom,2019-06-30T15:00:16Z
synology.com,https://plaintextoffenders.com/post/185954802289/synologycom-synologyamericacom,2019-06-30T15:00:16Z
cvbankas.lt,https://plaintextoffenders.com/post/185978837856/cvbankaslt-job-listings-job-offers-cv-creator,2019-07-01T15:00:26Z
devre.la,https://plaintextoffenders.com/post/186002561641/devrela-clothing-retailer,2019-07-02T15:00:20Z
lanecc.edu,https://plaintextoffenders.com/post/186025956407/laneccedu-college-i-think-they-are-confused-about,2019-07-03T15:00:03Z
onlinelogin.ca,https://plaintextoffenders.com/post/186049743269/bistrainercom-onlineloginca-business-training,2019-07-04T15:00:12Z
bistrainer.com,https://plaintextoffenders.com/post/186049743269/bistrainercom-onlineloginca-business-training,2019-07-04T15:00:12Z
germanvps.com,https://plaintextoffenders.com/post/186072178554/germanvpscom-virtual-private-servers,2019-07-05T15:00:14Z
menusifu.com,https://plaintextoffenders.com/post/186094853507/menusifucom-restaurant-menus-creating-an-account,2019-07-06T15:00:31Z
missoandfriends.com,https://plaintextoffenders.com/post/186117353650/missoandfriendscom-social-a-social-media,2019-07-07T15:00:09Z
classmates.com,https://plaintextoffenders.com/post/186141687528/classmatescom-social,2019-07-08T15:00:30Z
orbizone.fi,https://plaintextoffenders.com/post/186165316915/orbizonefi-social-social-app-with-opinion,2019-07-09T15:00:26Z
winscp.net,https://plaintextoffenders.com/post/186188737165/winscpnet-software-winscpnet-tool-to-connect,2019-07-10T15:00:05Z
ourdailybottle.com,https://plaintextoffenders.com/post/186212200578/ourdailybottlecom-wine-retailer-the-mail-was,2019-07-11T15:00:07Z
salescamp.io,https://plaintextoffenders.com/post/186235703246/salescampio-referral-marketing-salescamp-saas,2019-07-12T15:00:17Z
sdarot.pm,https://plaintextoffenders.com/post/186258470194/sdarottv-sdarotpm-streaming-a-well-known,2019-07-13T15:00:26Z
sdarot.tv,https://plaintextoffenders.com/post/186258470194/sdarottv-sdarotpm-streaming-a-well-known,2019-07-13T15:00:26Z
mygiftdna.pl,https://plaintextoffenders.com/post/186281432754/mygiftdnapl-gifts-retailer-polish-shop-with,2019-07-14T15:00:03Z
wedj.com,https://plaintextoffenders.com/post/186305592350/wedjcom-business-listings-wedj-is-a-business,2019-07-15T15:00:16Z
indt.com,https://plaintextoffenders.com/post/186329543187/indtcom-training-indtcom-it-is-a-training,2019-07-16T15:00:28Z
easyvirtualfair.com,https://plaintextoffenders.com/post/186353490811/easyvirtualfaircom-virtual-fairs-petronas-is,2019-07-17T15:00:27Z
certiport.com,https://plaintextoffenders.com/post/186376692041/certiportcom-pearsonvuecom-software,2019-07-18T15:00:10Z
beaba.com,https://plaintextoffenders.com/post/186400156776/beabacom-baby-products-retailer,2019-07-19T15:00:05Z
gomvfc.com.au,https://plaintextoffenders.com/post/186423129394/gomvfccomau-soccer-club-member-portal-for,2019-07-20T15:00:19Z
theappliancedepot.co.uk,https://plaintextoffenders.com/post/186446002091/theappliancedepotcouk-household-appliances,2019-07-21T15:00:27Z
transportation.org,https://plaintextoffenders.com/post/186469640535/transportationorg-government-transportationorg,2019-07-22T15:00:31Z
theaudioscene.net,https://plaintextoffenders.com/post/186493458396/theaudioscenenet-bittorrent-tracker-bittorrent,2019-07-23T15:00:13Z
raksmart.com,https://plaintextoffenders.com/post/186517310946/raksmartcom-web-host-leading-hosting-company-with,2019-07-24T15:00:26Z
allgifts.ie,https://plaintextoffenders.com/post/186540365451/allgiftsie-gifts-and-vouchers-they-have-sent-me,2019-07-25T15:00:03Z
abletun.es,https://plaintextoffenders.com/post/186563065455/abletunescom-abletunes-audio-software-they-sell,2019-07-26T15:00:21Z
abletunes.com,https://plaintextoffenders.com/post/186563065455/abletunescom-abletunes-audio-software-they-sell,2019-07-26T15:00:21Z
leaptel.com.au,https://plaintextoffenders.com/post/186584956133/leaptelcomau-isp,2019-07-27T15:00:05Z
julianbakery.com,https://plaintextoffenders.com/post/186981455060/julianbakerycom-bakery-create-an-account-and-have,2019-08-13T15:00:06Z
airbrushmakeup.com,https://plaintextoffenders.com/post/187005076161/dinaircom-airbrushmakeupcom-makeup-retailer,2019-08-14T15:00:26Z
dinair.com,https://plaintextoffenders.com/post/187005076161/dinaircom-airbrushmakeupcom-makeup-retailer,2019-08-14T15:00:26Z
hugheslimousines.com.au,https://plaintextoffenders.com/post/187028261966/hugheslimousinescomau-limousine-service,2019-08-15T15:00:30Z
2captcha.com,https://plaintextoffenders.com/post/187051907841/2captchacom-captcha-solver-meet-in-the-middle,2019-08-16T15:00:12Z
grandprix.com.au,https://plaintextoffenders.com/post/187074036524/grandprixcomau-racing-one-year-ago-i-emailed,2019-08-17T15:00:04Z
arrowexterminators.com,https://plaintextoffenders.com/post/187096202534/arrowexterminatorscom-pest-control,2019-08-18T15:00:04Z
sarv.com,https://plaintextoffenders.com/post/187143096620/sarvcom-business-solutions-ai-unified,2019-08-20T15:00:16Z
asurahosting.com,https://plaintextoffenders.com/post/187166091183/asurahostingcom-web-hosting,2019-08-21T15:00:22Z
kjell.com,https://plaintextoffenders.com/post/187189493257/kjellcom-electronics-retailer,2019-08-22T15:00:12Z
usbornebooksathome.co.uk,https://plaintextoffenders.com/post/187213019164/usbornebooksathomecouk-childrens-books-sales,2019-08-23T15:00:03Z
tui.co.nz,https://plaintextoffenders.com/post/188170030514/tuiconz-brewery,2019-10-06T15:00:27Z
topcatch.co.nz,https://plaintextoffenders.com/post/188192688813/topcatchconz-tackle-shop,2019-10-07T15:00:13Z
emezen.hu,https://plaintextoffenders.com/post/188214611007/emezenhuelectronics-retailer,2019-10-08T15:00:25Z
braeuwirth.com,https://plaintextoffenders.com/post/188235922042/braeuwirthcom-hotel-restaurant,2019-10-09T15:00:09Z
barproducts.com,https://plaintextoffenders.com/post/188257300650/barproductscom-bartending-supplies,2019-10-10T15:00:12Z
agingcare.com,https://plaintextoffenders.com/post/188279080522/agingcarecom-elder-care-forgot-password-link,2019-10-11T15:00:10Z
comwave.net,https://plaintextoffenders.com/post/188300053411/comwavenet-voip-provider,2019-10-12T15:00:29Z
hifi-forum.de,https://plaintextoffenders.com/post/188584264662/hifi-forumde-forum,2019-10-25T15:00:19Z
medife.com.ar,https://plaintextoffenders.com/post/188606499261/medifecomar-medical-provider,2019-10-26T15:00:11Z
doorshed.co.nz,https://plaintextoffenders.com/post/188629830587/doorshedconz-doors-retailer,2019-10-27T15:00:30Z
interspace.net,https://plaintextoffenders.com/post/188655438228/interspacenet-web-hosting,2019-10-28T16:00:27Z
web-oke.nl,https://plaintextoffenders.com/post/188678753998/web-okenl-web-hosting,2019-10-29T16:00:19Z
coddan.co.uk,https://plaintextoffenders.com/post/188701136254/coddancouk-company-formation-agency,2019-10-30T16:00:05Z
eatfirstordering.com,https://plaintextoffenders.com/post/188723771994/eatfirstorderingcom-food-delivery,2019-10-31T16:00:20Z
oneskyapp.com,https://plaintextoffenders.com/post/188767154741/oneskyappcom-translation-service,2019-11-02T16:00:28Z
viazul.com,https://plaintextoffenders.com/post/188789603693/viazulcom-bus-traveling-agency,2019-11-03T16:00:26Z
willow.tv,https://plaintextoffenders.com/post/188813211519/willowtv-cricket-streaming,2019-11-04T16:00:07Z
lease-advice.org,https://plaintextoffenders.com/post/188835948792/lease-adviceorg-leasehold-advisory-service-lease,2019-11-05T16:00:13Z
sqlite-workbench.com,https://plaintextoffenders.com/post/188858926850/sqlite-workbenchcom-software,2019-11-06T16:00:23Z
fsdata.se,https://plaintextoffenders.com/post/188881339866/fsdatase-web-hosting-i-received-this-e-mail-upon,2019-11-07T16:00:06Z
comhem.se,https://plaintextoffenders.com/post/188904479581/comhemse-broadbandtvmobile-provider,2019-11-08T16:00:19Z
lcn.com,https://plaintextoffenders.com/post/189240958321/lcncom-domain-registrar-and-web-hosting,2019-11-23T03:20:37Z
myleague.com,https://plaintextoffenders.com/post/189240965981/myleaguecom-gaming,2019-11-23T03:21:08Z
perdisco.com,https://plaintextoffenders.com/post/189240976156/perdiscocom-education,2019-11-23T03:21:51Z
auvergnerhonealpes.digital,https://plaintextoffenders.com/post/189240991566/auvergnerhonealpesdigital-directory-for-digital,2019-11-23T03:22:54Z
fff.fr,https://plaintextoffenders.com/post/189240998036/ffffr-football,2019-11-23T03:23:22Z
covercraft.com,https://plaintextoffenders.com/post/189241013571/covercraftcom-car-covers,2019-11-23T03:24:23Z
armslist.com,https://plaintextoffenders.com/post/189241026121/armslistcom-firearms-classifieds,2019-11-23T03:25:15Z
unrealsoftware.de,https://plaintextoffenders.com/post/189241035201/unrealsoftwarede-software-developer,2019-11-23T03:25:54Z
clique.center,https://plaintextoffenders.com/post/189241046236/cliquecenter-payment-processing-an-invoicing-app,2019-11-23T03:26:40Z
whoisxmlapi.com,https://plaintextoffenders.com/post/189241062336/whoisxmlapicom-whois-lookup-service-gathering,2019-11-23T03:27:48Z
prepaidonline.com,https://plaintextoffenders.com/post/189241079101/prepaidonlinecom-prepaid-calling-cards-retailer,2019-11-23T03:29:00Z
twirpx.com,https://plaintextoffenders.com/post/189249183716/twirpxcom-education,2019-11-23T15:21:13Z
flyingreturns.co.in,https://plaintextoffenders.com/post/189249214891/loyaltyplusaero-flyingreturnscoin-airline,2019-11-23T15:23:18Z
loyaltyplus.aero,https://plaintextoffenders.com/post/189249214891/loyaltyplusaero-flyingreturnscoin-airline,2019-11-23T15:23:18Z
myfax.com,https://plaintextoffenders.com/post/189249766381/myfaxcom-online-fax-service-provider,2019-11-23T16:00:11Z
mandarincorner.org,https://plaintextoffenders.com/post/189270080167/mandarincornerorg-language-resources,2019-11-24T16:00:20Z
console5.com,https://plaintextoffenders.com/post/189291683758/console5com-electronics-parts,2019-11-25T16:00:14Z
shenzhenaudio.com,https://plaintextoffenders.com/post/189312112674/shenzhenaudiocom-electronics-retailer,2019-11-26T16:00:24Z
directsave.co.uk,https://plaintextoffenders.com/post/189332154026/directsavecouk-telecommunications-provider,2019-11-27T16:00:19Z
shakeshack.com,https://plaintextoffenders.com/post/189351999842/shakeshackcom-hamburger-restaurant-chain,2019-11-28T16:00:12Z
strategy.bg,https://plaintextoffenders.com/post/189371682128/strategybgconsultations,2019-11-29T16:00:03Z
caldaiemurali.it,https://plaintextoffenders.com/post/189391499146/caldaiemuraliit-appliances-retailer,2019-11-30T16:00:15Z
aubay.it,https://plaintextoffenders.com/post/189412002117/aubayit-jobs-recruitment,2019-12-01T16:00:08Z
bluecirclesports.com,https://plaintextoffenders.com/post/189433374241/bluecirclesportscom-sports-this-was-the-reply-i,2019-12-02T16:00:17Z
letsplayparty.com,https://plaintextoffenders.com/post/189453298801/letsplaypartycom-gymboree-emails-phone-number-and,2019-12-03T16:00:31Z
easyflowers.com.au,https://plaintextoffenders.com/post/189472652996/easyflowerscomauflowers-deliverythey-sell,2019-12-04T16:00:20Z
butchersequipment.co.uk,https://plaintextoffenders.com/post/189492305828/butchersequipmentcouk-butchers-supplies,2019-12-05T16:00:27Z
stagemanagement.com,https://plaintextoffenders.com/post/189512050386/stagemanagementcom-stage-management-this-is-a,2019-12-06T16:00:10Z
alicubi.it,https://plaintextoffenders.com/post/189531611716/progettopercorsiit-alicubiit-student-resources,2019-12-07T16:00:20Z
progettopercorsi.it,https://plaintextoffenders.com/post/189531611716/progettopercorsiit-alicubiit-student-resources,2019-12-07T16:00:20Z
scale75.com,https://plaintextoffenders.com/post/189552113838/scale75com-gaming-retailer,2019-12-08T16:00:21Z
enigmasoftware.com,https://plaintextoffenders.com/post/189573342591/enigmasoftwarecom-cyber-security,2019-12-09T16:00:32Z
mamaroma.ru,https://plaintextoffenders.com/post/189592634178/mamaromaru-restaurant,2019-12-10T16:00:14Z
weapon762.com,https://plaintextoffenders.com/post/189610933561/weapon762com-gun-replicas,2019-12-11T16:00:27Z
mirasmart.com,https://plaintextoffenders.com/post/189647296212/mirasmartcom-medical-mandatory-abstract,2019-12-13T16:00:45Z
the-digital-insurer.com,https://plaintextoffenders.com/post/189666452963/the-digital-insurercom-digital-insurance,2019-12-14T16:01:13Z
ituonline.com,https://plaintextoffenders.com/post/189684904366/itulearningcom-ituonlinecom-it-courses,2019-12-15T16:00:44Z
itulearning.com,https://plaintextoffenders.com/post/189684904366/itulearningcom-ituonlinecom-it-courses,2019-12-15T16:00:44Z
nonograms.org,https://plaintextoffenders.com/post/189703885136/nonogramsorg-puzzles-games,2019-12-16T16:00:46Z
formulamod.com,https://plaintextoffenders.com/post/189722110926/formulamodcom-electronics-parts,2019-12-17T16:00:56Z
kpoptickets.com,https://plaintextoffenders.com/post/189732539271/kpopticketscom-concert-tickets,2019-12-18T04:05:23Z
dirtvision.com,https://plaintextoffenders.com/post/189739933340/dirtvisioncom-race-streaming,2019-12-18T16:00:36Z
pokemon.co.jp,https://plaintextoffenders.com/post/189758010538/pokemoncojp-video-games-not-sure-if-theres,2019-12-19T16:08:06Z
drivethrurpg.com,https://plaintextoffenders.com/post/189775805986/drivethrurpgcom-video-games-the-biggest,2019-12-20T16:00:44Z
sushi-shop.pl,https://plaintextoffenders.com/post/189793129753/sushi-shoppl-cookware-a-few-minutes-why-so-long,2019-12-21T16:00:39Z
lampornu.se,https://plaintextoffenders.com/post/189810609029/lampornuse-led-lights,2019-12-22T16:00:54Z
freerepublic.com,https://plaintextoffenders.com/post/189828791605/freerepubliccom-forum-free-republic-sends-you-an,2019-12-23T16:00:40Z
executiveplacements.com,https://plaintextoffenders.com/post/189846755960/executiveplacementscom-job-placements,2019-12-24T16:01:58Z
byet.host,https://plaintextoffenders.com/post/189882348991/byethost-web-hosting,2019-12-26T16:00:46Z
greenwoodresources.com,https://plaintextoffenders.com/post/189900934458/greenwoodresourcescom-lumber,2019-12-27T16:00:55Z
radiotronics.co.uk,https://plaintextoffenders.com/post/189919509899/radiotronicscouk-radio-retailer,2019-12-28T16:00:58Z
directessays.com,https://plaintextoffenders.com/post/189938385272/directessayscom-essays,2019-12-29T16:01:04Z
aucklandcouncil.govt.nz,https://plaintextoffenders.com/post/189958396966/aucklandcouncilgovtnz-government,2019-12-30T16:18:16Z
copopalhinhas.pt,https://plaintextoffenders.com/post/189977978486/copopalhinhaspt-kitchenware-retailer,2019-12-31T16:01:11Z
afsupply.com,https://plaintextoffenders.com/post/189996312928/afsupplycom-kitchen-and-bathroom-fixtures,2020-01-01T16:00:38Z
practicalpentestlabs.com,https://plaintextoffenders.com/post/190038759838/practicalpentestlabscom-computer-hacking,2020-01-03T16:01:00Z
notjusttravel.co.uk,https://plaintextoffenders.com/post/190059338430/notjusttravelcouk-travel-booking,2020-01-04T16:01:04Z
uci.edu,https://plaintextoffenders.com/post/190080201129/uciedu-university,2020-01-05T16:01:13Z
tiscali.it,https://plaintextoffenders.com/post/190101915700/tiscaliit-internet-and-mobile-service-provider,2020-01-06T16:01:02Z
micro.ms,https://plaintextoffenders.com/post/190122203126/microms-scooter-retailer,2020-01-07T16:01:06Z
resortime.com,https://plaintextoffenders.com/post/190141882394/resortimecom-timeshare-rentals,2020-01-08T16:00:43Z
gtbets.eu,https://plaintextoffenders.com/post/190161000345/gtbetseu-sports-betting-they-deny-altogether,2020-01-09T16:00:59Z
r-project.org,https://plaintextoffenders.com/post/190179521506/r-projectorg-software-mailing-list,2020-01-10T16:00:44Z
databook.cz,https://plaintextoffenders.com/post/190197858473/databookcz-ebooks,2020-01-11T16:00:54Z
snailshop.cz,https://plaintextoffenders.com/post/190216940957/snailshopcz-electronics-parts-retailer-upon,2020-01-12T16:00:49Z
glamourcamgirls.com,https://plaintextoffenders.com/post/190236353348/glamourcamgirlscom-adult-entertainment,2020-01-13T16:00:36Z
r2r-ede.nl,https://plaintextoffenders.com/post/190254854979/r2r-edenl-electronics-retailer-its-in-dutch-i,2020-01-14T16:00:29Z
ncore.cc,https://plaintextoffenders.com/post/190273017641/ncorecc-torrent-tracker-they-are-a-hungarian,2020-01-15T16:00:51Z
mysmokingshop.co.uk,https://plaintextoffenders.com/post/190291150157/mysmokingshopcouk-tobacco-store,2020-01-16T16:01:13Z
worldstrides.org,https://plaintextoffenders.com/post/190308997732/worldstridesorg-education,2020-01-17T16:00:42Z
sunshineconfectionery.com.au,https://plaintextoffenders.com/post/190326381151/sunshineconfectionerycomau-sweets-retailer,2020-01-18T16:00:42Z
cwbgroup.org,https://plaintextoffenders.com/post/190345045766/cwbgrouporg-canadian-welding-bureau,2020-01-19T16:00:45Z
jems.sbc.org.br,https://plaintextoffenders.com/post/190385324262/jemssbcorgbr-event-management-system-conference,2020-01-21T16:01:01Z
snarenshop.nl,https://plaintextoffenders.com/post/190404326716/snarenshopnl-musical-instrument-supplies-your,2020-01-22T16:00:47Z
myfit24.eu,https://plaintextoffenders.com/post/190441255681/myfit24eu-fitness-and-supplements-retailer-your,2020-01-24T16:01:08Z
xfreehd.com,https://plaintextoffenders.com/post/190459091521/xfreehdcom-pornography,2020-01-25T16:00:46Z
christysports.com,https://plaintextoffenders.com/post/190477548351/christysportscom-ski-and-snowboard-equipment-they,2020-01-26T16:01:17Z
worldbank.org,https://plaintextoffenders.com/post/190552092110/worldbankorg-international-financial-institution,2020-01-30T16:02:08Z
gamingscotland.com,https://plaintextoffenders.com/post/190588164853/gamingscotlandcom-gaming-events,2020-02-01T16:01:47Z
refurbished.nl,https://plaintextoffenders.com/post/190699772252/refurbishednl-refurbished-electronics-sends,2020-02-07T16:01:27Z
codeclosers.to,https://plaintextoffenders.com/post/190717830381/codeclosersto-gaming,2020-02-08T16:00:47Z
fabermusicstore.com,https://plaintextoffenders.com/post/190736128372/fabermusiccom-fabermusicstorecom-sheet-music,2020-02-09T16:00:43Z
fabermusic.com,https://plaintextoffenders.com/post/190736128372/fabermusiccom-fabermusicstorecom-sheet-music,2020-02-09T16:00:43Z
japancardirect.com,https://plaintextoffenders.com/post/190755066161/japancardirectcom-car-importer,2020-02-10T16:00:48Z
vanishedvpn.com,https://plaintextoffenders.com/post/617105854872911872/vanishedvpncom-vpn-account-details-to,2020-05-03T15:00:04Z
bome.com,https://plaintextoffenders.com/post/617196566025043968/bomecom-software-a-very-popular-midi-translator,2020-05-04T15:01:53Z
n1.ru,https://plaintextoffenders.com/post/617287175098204160/n1ru-real-estate-aggregator,2020-05-05T15:02:04Z
dominos.nl,https://plaintextoffenders.com/post/617377698895069184/dominosnl-restaurant-chain,2020-05-06T15:00:54Z
grupogasca.com,https://plaintextoffenders.com/post/619642651464040448/gascagourmetcom-grupogascacom-catering-service,2020-05-31T15:01:22Z
gascagourmet.com,https://plaintextoffenders.com/post/619642651464040448/gascagourmetcom-grupogascacom-catering-service,2020-05-31T15:01:22Z
hiredesk.net,https://plaintextoffenders.com/post/619823868020998144/hiredesknet-human-resources,2020-06-02T15:01:43Z
prtb.ie,https://plaintextoffenders.com/post/619914446692876288/rtbie-prtbiegovernmentresidential-tenancy-board,2020-06-03T15:01:26Z
rtb.ie,https://plaintextoffenders.com/post/619914446692876288/rtbie-prtbiegovernmentresidential-tenancy-board,2020-06-03T15:01:26Z
freshersworld.com,https://plaintextoffenders.com/post/620005057607467009/freshersworldcom-job-search,2020-06-04T15:01:39Z
auctionzip.com,https://plaintextoffenders.com/post/620095663545450496/auctionzipcom-auctions,2020-06-05T15:01:48Z
myvirpus.com,https://plaintextoffenders.com/post/620548621946011648/virpuscommyvirpuscom-virtual-private-server,2020-06-10T15:01:22Z
virpus.com,https://plaintextoffenders.com/post/620548621946011648/virpuscommyvirpuscom-virtual-private-server,2020-06-10T15:01:22Z
rgshop.eu,https://plaintextoffenders.com/post/620639232530268160/rgshopeu-gardening-supplies,2020-06-11T15:01:35Z
loginizer.com,https://plaintextoffenders.com/post/620729822469079040/loginizercom-login-security-software-a-wordpress,2020-06-12T15:01:29Z
cheerzone.com,https://plaintextoffenders.com/post/620820419314876417/cheerzonecom-cheerleading-supplies,2020-06-13T15:01:28Z
ashford.com,https://plaintextoffenders.com/post/620911011309993984/ashfordcom-luxury-watches-retailer,2020-06-14T15:01:24Z
mobilinc.com,https://plaintextoffenders.com/post/621001602270150657/mobilinccom-iot,2020-06-15T15:01:18Z
lampdirect.nl,https://plaintextoffenders.com/post/621092206149861376/lampdirectnl-lightbulbs-retailer,2020-06-16T15:01:25Z
natashadenona.com,https://plaintextoffenders.com/post/621182923857690625/natashadenonacom-makeup,2020-06-17T15:03:20Z
swiftcloud.co.uk,https://plaintextoffenders.com/post/621635787209031680/swiftcloudcouk-marketing,2020-06-22T15:01:24Z
loyaltypartner.com,https://plaintextoffenders.com/post/621816983553441793/loyaltypartnercom-customer-management,2020-06-24T15:01:26Z
fiber.salt.ch,https://plaintextoffenders.com/post/621907603942948866/fibersaltch-telecom,2020-06-25T15:01:49Z
zoomgrants.com,https://plaintextoffenders.com/post/621998193451859969/zoomgrantscom-applications-management,2020-06-26T15:01:41Z
taxiapp.lu,https://plaintextoffenders.com/post/622088781166673920/taxiapplutransportation,2020-06-27T15:01:33Z
internet.lu,https://plaintextoffenders.com/post/622179356971794433/internetlu-internet-service-provider,2020-06-28T15:01:12Z
religarehealthinsurance.com,https://plaintextoffenders.com/post/622269946392608768/religarehealthinsurancecomhealth-insurance,2020-06-29T15:01:05Z
tumwater.wa.us,https://plaintextoffenders.com/post/622360558107262976/citumwaterwa-tumwaterwaus-local-government,2020-06-30T15:01:19Z
ci.tumwater.wa,https://plaintextoffenders.com/post/622360558107262976/citumwaterwa-tumwaterwaus-local-government,2020-06-30T15:01:19Z
eurodk.de,https://plaintextoffenders.com/post/622632364110168064/eurodkde-computer-hardware-retailer,2020-07-03T15:01:34Z
volorecovery.com,https://plaintextoffenders.com/post/622722979862888448/volosaascom-volorecoverycom-security-services,2020-07-04T15:01:52Z
volosaas.com,https://plaintextoffenders.com/post/622722979862888448/volosaascom-volorecoverycom-security-services,2020-07-04T15:01:52Z
sigdobrasil.com.br,https://plaintextoffenders.com/post/626709173314453504/sigdobrasilcombr-weapons-retailer,2020-08-17T15:00:42Z
lolcloud.lu,https://plaintextoffenders.com/post/628611706769244160/lolcloudluisp,2020-09-07T15:00:39Z
thedjshop.co.uk,https://plaintextoffenders.com/post/628702342049611776/thedjshopcouk-music-equipment-retailer,2020-09-08T15:01:16Z
fabrikcycles.de,https://plaintextoffenders.com/post/628792908241420289/fabrikcyclesdebicycle-components-store,2020-09-09T15:00:46Z
originfitness.com,https://plaintextoffenders.com/post/628883495407828992/originfitnesscom-gym-equipment,2020-09-10T15:00:37Z
movistar.com.uy,https://plaintextoffenders.com/post/628974096028434433/movistarcomuymobile-carrier,2020-09-11T15:00:41Z
rpol.net,https://plaintextoffenders.com/post/629064692942487552/rpolnet-roleplay-forum,2020-09-12T15:00:41Z
beleuchtungdirekt.de,https://plaintextoffenders.com/post/629155281114464256/beleuchtungdirektde-lights-reseller,2020-09-13T15:00:32Z
varbi.com,https://plaintextoffenders.com/post/629245883363524609/varbicom-recruitment-system,2020-09-14T15:00:37Z
simplymailsolutions.com,https://plaintextoffenders.com/post/629517681439195136/simplymailsolutionscom-cloud-business-services,2020-09-17T15:00:44Z
qnx.com,https://plaintextoffenders.com/post/629608281322733568/qnxcom-software-development-platform,2020-09-18T15:00:47Z
pianoworld.com,https://plaintextoffenders.com/post/629698859166253056/pianoworldcom-piano-technology-forum,2020-09-19T15:00:29Z
gg2u.org,https://plaintextoffenders.com/post/629880069318443009/gg2uorg-paid-surveys,2020-09-21T15:00:44Z
bialetti.it,https://plaintextoffenders.com/post/629970666205085696/bialettiit-coffee-store,2020-09-22T15:00:44Z
diadorafitness.it,https://plaintextoffenders.com/post/630061250436562945/diadorafitnessit-sport-reseller,2020-09-23T15:00:32Z
consumers.org.il,https://plaintextoffenders.com/post/630151879552319488/when-you-present-a-complaint-at-consumersorgil,2020-09-24T15:01:02Z
boltandnut.com.au,https://plaintextoffenders.com/post/630242458128760832/bolt-and-nut-company-just-sent-me-my-password,2020-09-25T15:00:45Z
norwegian.com,https://plaintextoffenders.com/post/630333047731093504/domain-norwegiancom-sent-a-new-automatically,2020-09-26T15:00:38Z
ifastnet.com,https://plaintextoffenders.com/post/630423661189496832/signed-up-for-hosting-not-too-happy-the-website,2020-09-27T15:00:54Z
grassrootsmysteryshopping.com,https://plaintextoffenders.com/post/630514238558961664/grassroots-mystery-shopping,2020-09-28T15:00:35Z
votewatcheurope.eu,https://plaintextoffenders.com/post/630604838640697344/votewatcheuvotematcheu-a-portal-for-finding,2020-09-29T15:00:38Z
votewatch.eu,https://plaintextoffenders.com/post/630604838640697344/votewatcheuvotematcheu-a-portal-for-finding,2020-09-29T15:00:38Z
alaskausa.org,https://plaintextoffenders.com/post/631692002344501248/alaskausaorggovernment-applying-to-work-at-a,2020-10-11T15:00:38Z
n2elite.ca,https://plaintextoffenders.com/post/631782599682146304/n2eliteca-a-retailer-of-hacking-and-modding,2020-10-12T15:00:38Z
emovieposter.com,https://plaintextoffenders.com/post/636406851644293120/emoviepostercommovie-posters,2020-12-02T16:01:09Z
crazyparts.co.nz,https://plaintextoffenders.com/post/636497434333298688/crazypartsconz-phone-parts-wholesaler,2020-12-03T16:00:55Z
hesge.ch,https://plaintextoffenders.com/post/636588025805193217/hes-soch-hesgech-education,2020-12-04T16:00:50Z
hes-so.ch,https://plaintextoffenders.com/post/636588025805193217/hes-soch-hesgech-education,2020-12-04T16:00:50Z
zdaemon.org,https://plaintextoffenders.com/post/636678615199858688/zdaemonorg-gaming,2020-12-05T16:00:43Z
pmkaubamaja.ee,https://plaintextoffenders.com/post/636769213918429184/pmkaubamajaee-farming-goods,2020-12-06T16:00:44Z
moph.gov.lb,https://plaintextoffenders.com/post/638309381314953216/mophgovlb-government,2020-12-23T16:01:02Z
trade-ideas.com,https://plaintextoffenders.com/post/638399979589976064/trade-ideascom-stock-trading-password-is-stored,2020-12-24T16:01:04Z
maison21g.com,https://plaintextoffenders.com/post/638490546638389248/maison21gcom-custom-perfumes,2020-12-25T16:00:35Z
homelet.co.uk,https://plaintextoffenders.com/post/638581138509725697/homeletcouk-insurance-there-was-no-password,2020-12-26T16:00:30Z
brazzers.com,https://plaintextoffenders.com/post/638671746308964352/brazzerscom-pornography,2020-12-27T16:00:41Z
sofadreams.com,https://plaintextoffenders.com/post/638762343798636544/sofadreamscom-sofas,2020-12-28T16:00:41Z
taqueriatsunami.com,https://plaintextoffenders.com/post/638852939068424192/taqueriatsunamicom-restaurant-underlying-crm,2020-12-29T16:00:39Z
farmae.it,https://plaintextoffenders.com/post/638943536489840640/farmaeit-pharmacy,2020-12-30T16:00:40Z
rtionline.gov.in,https://plaintextoffenders.com/post/639034134936829952/rtionlinegovin-government-government-of-india,2020-12-31T16:00:41Z
ggtoor.com,https://plaintextoffenders.com/post/639124724620918784/ggtoorcom-esports-tournaments-loginsignup-form,2021-01-01T16:00:34Z
booksnmore.gr,https://plaintextoffenders.com/post/639215331733340160/booksnmoregrbooks-online-bookstore-in-greece,2021-01-02T16:00:44Z
copel.com,https://plaintextoffenders.com/post/639305934451179521/copelcom-energy,2021-01-03T16:00:49Z
volonte-co.com,https://plaintextoffenders.com/post/639396523859476480/volonte-cocom-music-books,2021-01-04T16:00:42Z
globepackaging.co.uk,https://plaintextoffenders.com/post/639487131267612672/globepackagingcoukpackaging-supplies-i-created,2021-01-05T16:00:52Z
nationalmoparts.com,https://plaintextoffenders.com/post/639577725262282753/nationalmopartscom-auto-parts-online-canadian,2021-01-06T16:00:49Z
turbobit.net,https://plaintextoffenders.com/post/639668321564950529/turbobitnet-cloud-storage,2021-01-07T16:00:49Z
swingingheaven.za.com,https://plaintextoffenders.com/post/639758893102383105/swingingheavenca-swingingheavencouk,2021-01-08T16:00:25Z
swingingheaven.co.uk,https://plaintextoffenders.com/post/639758893102383105/swingingheavenca-swingingheavencouk,2021-01-08T16:00:25Z
swingingheaven.ca,https://plaintextoffenders.com/post/639758893102383105/swingingheavenca-swingingheavencouk,2021-01-08T16:00:25Z
ghostpath.com,https://plaintextoffenders.com/post/639849546390913029/ghostpathcom-vpn,2021-01-09T16:01:18Z
kensingtonappliances.co.uk,https://plaintextoffenders.com/post/639940139618123776/kensingtonappliancescoukdomestic-appliances,2021-01-10T16:01:15Z
c4dzone.com,https://plaintextoffenders.com/post/640030703793340416/c4dzonecom-computer-graphics,2021-01-11T16:00:43Z
groundwork.org.uk,https://plaintextoffenders.com/post/640121305514033152/groundworkorgukcharity,2021-01-12T16:00:48Z
bike4travel.nl,https://plaintextoffenders.com/post/640211885907640320/bike4travelnl-bicycle-parts,2021-01-13T16:00:32Z
pikkado.com,https://plaintextoffenders.com/post/640302490370424832/pikkadocom-gift-exchange-planner,2021-01-14T16:00:39Z
riservata.accademiasantagiulia.it,https://plaintextoffenders.com/post/640393081035931648/riservataaccademiasantagiuliait-academy,2021-01-15T16:00:33Z
produccion.gob.ar,https://plaintextoffenders.com/post/640483671782096896/producciongobar-government,2021-01-16T16:00:27Z
toolingu.com,https://plaintextoffenders.com/post/640574281214033920/toolingucom-workforce-training,2021-01-17T16:00:39Z
dc.gov,https://plaintextoffenders.com/post/640664889650774017/dcgov-government,2021-01-18T16:00:50Z
ehrmanblog.org,https://plaintextoffenders.com/post/640755479497310209/ehrmanblogorg-blog,2021-01-19T16:00:43Z
mobirise.com,https://plaintextoffenders.com/post/640846077537419264/mobirisecom-website-builder-email-sent-with-your,2021-01-20T16:00:44Z
lls.com,https://plaintextoffenders.com/post/640936677829967872/coldwebcouk-llscomfood-and-lodging-services,2021-01-21T16:00:48Z
coldweb.co.uk,https://plaintextoffenders.com/post/640936677829967872/coldwebcouk-llscomfood-and-lodging-services,2021-01-21T16:00:48Z
pokerth.net,https://plaintextoffenders.com/post/641027279630352385/pokerthnetpoker-software,2021-01-22T16:00:52Z
gtu.ac.in,https://plaintextoffenders.com/post/641117857231650816/gtuacin-university,2021-01-23T16:00:34Z
triabeauty.com,https://plaintextoffenders.com/post/641570850724773888/triabeautycom-beauty-products-when-first-creating,2021-01-28T16:00:42Z
ostrava.cz,https://plaintextoffenders.com/post/641661450835853312/ostravacz-municipality,2021-01-29T16:00:45Z
easypaymetrocard.com,https://plaintextoffenders.com/post/641752038023266305/easypaymetrocardcom-subway-fares,2021-01-30T16:00:36Z
ct.gov,https://plaintextoffenders.com/post/643926398236508161/ctgov-government-connecticut-department-of-labor,2021-02-23T16:01:07Z
saia.com,https://plaintextoffenders.com/post/644017001526968320/saiacom-shipping,2021-02-24T16:01:13Z
fastestvpn.com,https://plaintextoffenders.com/post/644107579344191488/fastestvpncom-vpn-the-account-section-of-the,2021-02-25T16:00:55Z
soriana.com,https://plaintextoffenders.com/post/644198171471462400/sorianacom-supermarket,2021-02-26T16:00:50Z
cheneliere.ca,https://plaintextoffenders.com/post/644288782239170560/cheneliereca-educational-books-publisher,2021-02-27T16:01:03Z
vassallo.com.ar,https://plaintextoffenders.com/post/644379371332845568/vassallocomar-pharmacy,2021-02-28T16:00:56Z
kki.go.id,https://plaintextoffenders.com/post/644469958606192640/kkigoid-medical-council-konsili-kedokteran,2021-03-01T16:00:47Z
safetydriversed.com,https://plaintextoffenders.com/post/644560539070103552/safetydriversedcom-drivers-education,2021-03-02T16:00:31Z
pepeenergy.com,https://plaintextoffenders.com/post/645194730769104896/pepeenergycom-energy-company,2021-03-09T16:00:43Z
opiniumresearch.co.uk,https://plaintextoffenders.com/post/645285335539040256/opiniumcouk-opiniumresearchcouk-market,2021-03-10T16:00:51Z
opinium.co.uk,https://plaintextoffenders.com/post/645285335539040256/opiniumcouk-opiniumresearchcouk-market,2021-03-10T16:00:51Z
auto24.ee,https://plaintextoffenders.com/post/645375925677162496/auto24ee-used-cars,2021-03-11T16:00:44Z
online4baby.com,https://plaintextoffenders.com/post/645466518592897025/online4babycom-baby-products,2021-03-12T16:00:40Z
samdb.org,https://plaintextoffenders.com/post/645557112821432320/samdborg-software,2021-03-13T16:00:38Z
partedmagic.com,https://plaintextoffenders.com/post/645647730102976512/partedmagiccom-disk-software,2021-03-14T16:00:57Z
myth-weavers.com,https://plaintextoffenders.com/post/645738299924824064/myth-weaverscom-gaming,2021-03-15T16:00:31Z
tvtropes.org,https://plaintextoffenders.com/post/645828936954216448/tvtropesorg-pop-culture-wiki,2021-03-16T16:01:09Z
shootdotedit.com,https://plaintextoffenders.com/post/645919536554622976/shootdoteditcom-photography,2021-03-17T16:01:12Z
nonograms.ru,https://plaintextoffenders.com/post/646010154308059136/nonogramsru-gaming,2021-03-18T16:01:32Z
dlh.net,https://plaintextoffenders.com/post/646100697307283456/dlhnet-gaming-this-is-particularly-interesting,2021-03-19T16:00:40Z
hexrpg.com,https://plaintextoffenders.com/post/646372493027950593/hexrpgcom-game,2021-03-22T16:00:45Z
ardenneresidences.com,https://plaintextoffenders.com/post/646463171104849920/ardenneresidencescom-lodging,2021-03-23T16:02:02Z
sence.gob.cl,https://plaintextoffenders.com/post/646553699367469056/sencegobcl-government,2021-03-24T16:00:57Z
maif.fr,https://plaintextoffenders.com/post/646644289319927808/maiffr-insurance,2021-03-25T16:00:50Z
simplyss.com,https://plaintextoffenders.com/post/646734940771352576/simplysscom-self-storage,2021-03-26T16:01:42Z
vermont.gov,https://plaintextoffenders.com/post/646821684105625600/vermontgov-government-office-of-the-vermont,2021-03-27T15:00:27Z
certbolt.com,https://plaintextoffenders.com/post/646912292202725376/certboltcom-certification-exams,2021-03-28T15:00:37Z
richdad.com,https://plaintextoffenders.com/post/647002911179784192/richdadcom-finance,2021-03-29T15:00:59Z
ghiseul.ro,https://plaintextoffenders.com/post/648180658562367488/ghiseulrofinancial-services-the-site-deals-with,2021-04-11T15:00:46Z
divinebox.fr,https://plaintextoffenders.com/post/648271264775045120/divineboxfrfoods-retailer-they-sell-stuff-made,2021-04-12T15:00:55Z
tuxlervpn.com,https://plaintextoffenders.com/post/648361835622531072/tuxlervpncomvpn,2021-04-13T15:00:30Z
crbdirect.org.uk,https://plaintextoffenders.com/post/648452436981415936/crbdirectorguk-dbs-checks-uk-agency-managing,2021-04-14T15:00:34Z
ilsos.net,https://plaintextoffenders.com/post/648543067189739520/ilsosgov-ilsosnetgovernment-illinois-secretary,2021-04-15T15:01:06Z
ilsos.gov,https://plaintextoffenders.com/post/648543067189739520/ilsosgov-ilsosnetgovernment-illinois-secretary,2021-04-15T15:01:06Z
archlinux.org,https://plaintextoffenders.com/post/648633642497818624/archlinuxorg-forum-arch-linux-forum,2021-04-16T15:00:45Z
5palcow.pl,https://plaintextoffenders.com/post/648724232722874368/5palcowpl-shoes-retailer,2021-04-17T15:00:39Z
spareka.fr,https://plaintextoffenders.com/post/648814827193696256/sparekafr-spare-parts,2021-04-18T15:00:36Z
everlastgenerators.com,https://plaintextoffenders.com/post/648905458197921792/everlastgeneratorscom-generators-and-welding,2021-04-19T15:01:09Z
sourceforsearches.co.uk,https://plaintextoffenders.com/post/649630212461674496/sourceforsearchescoukreal-estate,2021-04-27T15:00:48Z
ncaa.org,https://plaintextoffenders.com/post/649720803692298240/ncaaorg-athletic-association,2021-04-28T15:00:43Z
napcosecurity.com,https://plaintextoffenders.com/post/650717363050807296/napcosecuritycom-security-if-you-go-to-the-forgot,2021-05-09T15:00:36Z
